SN:3K60180500001584 BD:Jul 23 2018 VC:834b9c1 MD5:48f99e4865ed8b810be1bb0eaaabf929
SysTime,                      Time,         Batt_v,      Batt_v_sd,   BATT_PERCENT,BATT_PERCENT_sd,      [CH4]_ppm,   [CH4]_ppm_sd,      [H2O]_ppm,   [H2O]_ppm_sd,      [CO2]_ppm,   [CO2]_ppm_sd,     [CH4]d_ppm,  [CH4]d_ppm_sd,     [CO2]d_ppm,  [CO2]d_ppm_sd,      GasP_torr,   GasP_torr_sd,         GasT_C,      GasT_C_sd,         AmbT_C,      AmbT_C_sd,         RD0_us,      RD0_us_sd,         RD1_us,      RD1_us_sd, Temp_Status_mA,Temp_Status_mA_sd,Analyzer_Status_mA,Analyzer_Status_mA_sd,       Fit_Flag,      MIU_VALVE,       MIU_DESC
09/01/2024 15:02:04.413, 09/01/2024 15:02:04.353, 4.14166e+0, 0.00000e+0, 9.54852e+1, 0.00000e+0, 1.98727e+0, 0.00000e+0, 1.56211e+4, 0.00000e+0, 4.08834e+2, 0.00000e+0, 2.01880e+0, 0.00000e+0, 4.15322e+2, 0.00000e+0, 4.81983e+2, 0.00000e+0, 2.75083e+1, 0.00000e+0, 2.76704e+1, 0.00000e+0, 3.22870e+0, 0.00000e+0, 2.87473e+0, 0.00000e+0, 2.00000e+1, 0.00000e+0, 1.50000e+1, 0.00000e+0, 2, 4, 
09/01/2024 15:02:05.406, 09/01/2024 15:02:05.348, 4.14149e+0, 0.00000e+0, 9.54602e+1, 0.00000e+0, 1.99478e+0, 0.00000e+0, 1.73651e+4, 0.00000e+0, 4.14471e+2, 0.00000e+0, 2.03003e+0, 0.00000e+0, 4.21796e+2, 0.00000e+0, 4.81595e+2, 0.00000e+0, 2.75099e+1, 0.00000e+0, 2.76717e+1, 0.00000e+0, 3.23023e+0, 0.00000e+0, 2.87438e+0, 0.00000e+0, 2.00000e+1, 0.00000e+0, 1.50000e+1, 0.00000e+0, 2, 5, 
09/01/2024 15:02:06.399, 09/01/2024 15:02:06.343, 4.14201e+0, 0.00000e+0, 9.55379e+1, 0.00000e+0, 1.99634e+0, 0.00000e+0, 1.74099e+4, 0.00000e+0, 4.14569e+2, 0.00000e+0, 2.03171e+0, 0.00000e+0, 4.21915e+2, 0.00000e+0, 4.81725e+2, 0.00000e+0, 2.75112e+1, 0.00000e+0, 2.76765e+1, 0.00000e+0, 3.22957e+0, 0.00000e+0, 2.87458e+0, 0.00000e+0, 2.00000e+1, 0.00000e+0, 1.50000e+1, 0.00000e+0, 2, 5, 
09/01/2024 15:02:07.412, 09/01/2024 15:02:07.337, 4.14156e+0, 0.00000e+0, 9.54702e+1, 0.00000e+0, 1.99756e+0, 0.00000e+0, 1.74083e+4, 0.00000e+0, 4.14804e+2, 0.00000e+0, 2.03295e+0, 0.00000e+0, 4.22153e+2, 0.00000e+0, 4.81692e+2, 0.00000e+0, 2.75114e+1, 0.00000e+0, 2.76790e+1, 0.00000e+0, 3.22905e+0, 0.00000e+0, 2.87370e+0, 0.00000e+0, 2.00000e+1, 0.00000e+0, 1.50000e+1, 0.00000e+0, 2, 5, 
09/01/2024 15:02:08.392, 09/01/2024 15:02:08.330, 4.14181e+0, 0.00000e+0, 9.55077e+1, 0.00000e+0, 1.99591e+0, 0.00000e+0, 1.73562e+4, 0.00000e+0, 4.13399e+2, 0.00000e+0, 2.03117e+0, 0.00000e+0, 4.20701e+2, 0.00000e+0, 4.81970e+2, 0.00000e+0, 2.75119e+1, 0.00000e+0, 2.76811e+1, 0.00000e+0, 3.22781e+0, 0.00000e+0, 2.87392e+0, 0.00000e+0, 2.00000e+1, 0.00000e+0, 1.50000e+1, 0.00000e+0, 2, 6, 
09/01/2024 15:02:09.412, 09/01/2024 15:02:09.325, 4.14213e+0, 0.00000e+0, 9.55547e+1, 0.00000e+0, 2.03939e+0, 0.00000e+0, 1.73664e+4, 0.00000e+0, 4.14075e+2, 0.00000e+0, 2.07543e+0, 0.00000e+0, 4.21393e+2, 0.00000e+0, 4.82009e+2, 0.00000e+0, 2.75118e+1, 0.00000e+0, 2.76934e+1, 0.00000e+0, 3.22890e+0, 0.00000e+0, 2.87383e+0, 0.00000e+0, 2.00000e+1, 0.00000e+0, 1.50000e+1, 0.00000e+0, 2, 6, 
09/01/2024 15:02:10.378, 09/01/2024 15:02:10.320, 4.14177e+0, 0.00000e+0, 9.55021e+1, 0.00000e+0, 2.03867e+0, 0.00000e+0, 1.76944e+4, 0.00000e+0, 4.15651e+2, 0.00000e+0, 2.07539e+0, 0.00000e+0, 4.23138e+2, 0.00000e+0, 4.82123e+2, 0.00000e+0, 2.75137e+1, 0.00000e+0, 2.77014e+1, 0.00000e+0, 3.22926e+0, 0.00000e+0, 2.87431e+0, 0.00000e+0, 2.00000e+1, 0.00000e+0, 1.50000e+1, 0.00000e+0, 2, 6, 
09/01/2024 15:02:11.370, 09/01/2024 15:02:11.315, 4.14199e+0, 0.00000e+0, 9.55348e+1, 0.00000e+0, 2.03710e+0, 0.00000e+0, 1.74334e+4, 0.00000e+0, 4.14598e+2, 0.00000e+0, 2.07324e+0, 0.00000e+0, 4.21954e+2, 0.00000e+0, 4.82080e+2, 0.00000e+0, 2.75143e+1, 0.00000e+0, 2.77019e+1, 0.00000e+0, 3.22954e+0, 0.00000e+0, 2.87400e+0, 0.00000e+0, 2.00000e+1, 0.00000e+0, 1.50000e+1, 0.00000e+0, 2, 7, 
09/01/2024 15:02:12.392, 09/01/2024 15:02:12.309, 4.14217e+0, 0.00000e+0, 9.55606e+1, 0.00000e+0, 1.99651e+0, 0.00000e+0, 1.74221e+4, 0.00000e+0, 4.15058e+2, 0.00000e+0, 2.03191e+0, 0.00000e+0, 4.22417e+2, 0.00000e+0, 4.82005e+2, 0.00000e+0, 2.75154e+1, 0.00000e+0, 2.76989e+1, 0.00000e+0, 3.22885e+0, 0.00000e+0, 2.87391e+0, 0.00000e+0, 2.00000e+1, 0.00000e+0, 1.50000e+1, 0.00000e+0, 2, 7, 
09/01/2024 15:02:13.382, 09/01/2024 15:02:13.303, 4.14236e+0, 0.00000e+0, 9.55891e+1, 0.00000e+0, 2.03537e+0, 0.00000e+0, 1.73153e+4, 0.00000e+0, 4.13847e+2, 0.00000e+0, 2.07123e+0, 0.00000e+0, 4.21139e+2, 0.00000e+0, 4.82137e+2, 0.00000e+0, 2.75171e+1, 0.00000e+0, 2.77067e+1, 0.00000e+0, 3.22842e+0, 0.00000e+0, 2.87328e+0, 0.00000e+0, 2.00000e+1, 0.00000e+0, 1.50000e+1, 0.00000e+0, 2, 7, 
09/01/2024 15:02:14.359, 09/01/2024 15:02:14.299, 4.14199e+0, 0.00000e+0, 9.55348e+1, 0.00000e+0, 2.03597e+0, 0.00000e+0, 1.74753e+4, 0.00000e+0, 4.14675e+2, 0.00000e+0, 2.07218e+0, 0.00000e+0, 4.22050e+2, 0.00000e+0, 4.82134e+2, 0.00000e+0, 2.75181e+1, 0.00000e+0, 2.77123e+1, 0.00000e+0, 3.22908e+0, 0.00000e+0, 2.87328e+0, 0.00000e+0, 2.00000e+1, 0.00000e+0, 1.50000e+1, 0.00000e+0, 2, 8, 
09/01/2024 15:02:15.409, 09/01/2024 15:02:15.292, 4.14207e+0, 0.00000e+0, 9.55459e+1, 0.00000e+0, 1.99683e+0, 0.00000e+0, 1.73153e+4, 0.00000e+0, 4.14737e+2, 0.00000e+0, 2.03202e+0, 0.00000e+0, 4.22045e+2, 0.00000e+0, 4.81969e+2, 0.00000e+0, 2.75194e+1, 0.00000e+0, 2.77143e+1, 0.00000e+0, 3.22892e+0, 0.00000e+0, 2.87346e+0, 0.00000e+0, 2.00000e+1, 0.00000e+0, 1.50000e+1, 0.00000e+0, 3, 8, 
09/01/2024 15:02:16.385, 09/01/2024 15:02:16.287, 4.14197e+0, 0.00000e+0, 9.55308e+1, 0.00000e+0, 2.03553e+0, 0.00000e+0, 1.76488e+4, 0.00000e+0, 4.14215e+2, 0.00000e+0, 2.07210e+0, 0.00000e+0, 4.21657e+2, 0.00000e+0, 4.81990e+2, 0.00000e+0, 2.75205e+1, 0.00000e+0, 2.77225e+1, 0.00000e+0, 3.23004e+0, 0.00000e+0, 2.87280e+0, 0.00000e+0, 2.00000e+1, 0.00000e+0, 1.50000e+1, 0.00000e+0, 3, 8, 
09/01/2024 15:02:17.362, 09/01/2024 15:02:17.282, 4.14188e+0, 0.00000e+0, 9.55177e+1, 0.00000e+0, 1.99616e+0, 0.00000e+0, 1.74640e+4, 0.00000e+0, 4.14316e+2, 0.00000e+0, 2.03164e+0, 0.00000e+0, 4.21680e+2, 0.00000e+0, 4.82123e+2, 0.00000e+0, 2.75215e+1, 0.00000e+0, 2.77212e+1, 0.00000e+0, 3.22928e+0, 0.00000e+0, 2.87396e+0, 0.00000e+0, 2.00000e+1, 0.00000e+0, 1.50000e+1, 0.00000e+0, 3, 1, 
09/01/2024 15:02:18.360, 09/01/2024 15:02:18.276, 4.14185e+0, 0.00000e+0, 9.55135e+1, 0.00000e+0, 2.03596e+0, 0.00000e+0, 1.75720e+4, 0.00000e+0, 4.13470e+2, 0.00000e+0, 2.07238e+0, 0.00000e+0, 4.20866e+2, 0.00000e+0, 4.82320e+2, 0.00000e+0, 2.75225e+1, 0.00000e+0, 2.77258e+1, 0.00000e+0, 3.23021e+0, 0.00000e+0, 2.87397e+0, 0.00000e+0, 2.00000e+1, 0.00000e+0, 1.50000e+1, 0.00000e+0, 3, 1, 
09/01/2024 15:02:19.343, 09/01/2024 15:02:19.271, 4.14230e+0, 0.00000e+0, 9.55802e+1, 0.00000e+0, 1.99565e+0, 0.00000e+0, 1.75508e+4, 0.00000e+0, 4.14024e+2, 0.00000e+0, 2.03130e+0, 0.00000e+0, 4.21420e+2, 0.00000e+0, 4.82361e+2, 0.00000e+0, 2.75239e+1, 0.00000e+0, 2.77299e+1, 0.00000e+0, 3.22924e+0, 0.00000e+0, 2.87345e+0, 0.00000e+0, 2.00000e+1, 0.00000e+0, 1.50000e+1, 0.00000e+0, 3, 1, 
09/01/2024 15:02:20.350, 09/01/2024 15:02:20.265, 4.14223e+0, 0.00000e+0, 9.55695e+1, 0.00000e+0, 1.99371e+0, 0.00000e+0, 1.73585e+4, 0.00000e+0, 4.15144e+2, 0.00000e+0, 2.02892e+0, 0.00000e+0, 4.22477e+2, 0.00000e+0, 4.82280e+2, 0.00000e+0, 2.75248e+1, 0.00000e+0, 2.77384e+1, 0.00000e+0, 3.23032e+0, 0.00000e+0, 2.87356e+0, 0.00000e+0, 2.00000e+1, 0.00000e+0, 1.50000e+1, 0.00000e+0, 3, 2, 
09/01/2024 15:02:21.344, 09/01/2024 15:02:21.259, 4.14169e+0, 0.00000e+0, 9.54901e+1, 0.00000e+0, 2.03773e+0, 0.00000e+0, 1.76052e+4, 0.00000e+0, 4.12873e+2, 0.00000e+0, 2.07425e+0, 0.00000e+0, 4.20272e+2, 0.00000e+0, 4.82281e+2, 0.00000e+0, 2.75259e+1, 0.00000e+0, 2.77473e+1, 0.00000e+0, 3.22889e+0, 0.00000e+0, 2.87334e+0, 0.00000e+0, 2.00000e+1, 0.00000e+0, 1.50000e+1, 0.00000e+0, 3, 2, 
09/01/2024 15:02:22.339, 09/01/2024 15:02:22.255, 4.14161e+0, 0.00000e+0, 9.54777e+1, 0.00000e+0, 1.99701e+0, 0.00000e+0, 1.72445e+4, 0.00000e+0, 4.13230e+2, 0.00000e+0, 2.03205e+0, 0.00000e+0, 4.20481e+2, 0.00000e+0, 4.82321e+2, 0.00000e+0, 2.75281e+1, 0.00000e+0, 2.77571e+1, 0.00000e+0, 3.23033e+0, 0.00000e+0, 2.87317e+0, 0.00000e+0, 2.00000e+1, 0.00000e+0, 1.50000e+1, 0.00000e+0, 3, 2, 
09/01/2024 15:02:23.308, 09/01/2024 15:02:23.249, 4.14221e+0, 0.00000e+0, 9.55665e+1, 0.00000e+0, 1.99710e+0, 0.00000e+0, 1.76051e+4, 0.00000e+0, 4.14238e+2, 0.00000e+0, 2.03289e+0, 0.00000e+0, 4.21661e+2, 0.00000e+0, 4.82342e+2, 0.00000e+0, 2.75298e+1, 0.00000e+0, 2.77613e+1, 0.00000e+0, 3.22981e+0, 0.00000e+0, 2.87356e+0, 0.00000e+0, 2.00000e+1, 0.00000e+0, 1.50000e+1, 0.00000e+0, 3, 3, 
09/01/2024 15:02:24.302, 09/01/2024 15:02:24.243, 4.14218e+0, 0.00000e+0, 9.55623e+1, 0.00000e+0, 1.99822e+0, 0.00000e+0, 1.76280e+4, 0.00000e+0, 4.15669e+2, 0.00000e+0, 2.03407e+0, 0.00000e+0, 4.23128e+2, 0.00000e+0, 4.82324e+2, 0.00000e+0, 2.75313e+1, 0.00000e+0, 2.77661e+1, 0.00000e+0, 3.22855e+0, 0.00000e+0, 2.87253e+0, 0.00000e+0, 2.00000e+1, 0.00000e+0, 1.50000e+1, 0.00000e+0, 3, 3, 
09/01/2024 15:02:25.320, 09/01/2024 15:02:25.239, 4.14215e+0, 0.00000e+0, 9.55574e+1, 0.00000e+0, 2.03709e+0, 0.00000e+0, 1.76744e+4, 0.00000e+0, 4.13808e+2, 0.00000e+0, 2.07374e+0, 0.00000e+0, 4.21253e+2, 0.00000e+0, 4.82435e+2, 0.00000e+0, 2.75344e+1, 0.00000e+0, 2.77715e+1, 0.00000e+0, 3.22881e+0, 0.00000e+0, 2.87363e+0, 0.00000e+0, 2.00000e+1, 0.00000e+0, 1.50000e+1, 0.00000e+0, 3, 3, 
09/01/2024 15:02:26.292, 09/01/2024 15:02:26.233, 4.14217e+0, 0.00000e+0, 9.55613e+1, 0.00000e+0, 2.03632e+0, 0.00000e+0, 1.73745e+4, 0.00000e+0, 4.13741e+2, 0.00000e+0, 2.07233e+0, 0.00000e+0, 4.21057e+2, 0.00000e+0, 4.82385e+2, 0.00000e+0, 2.75348e+1, 0.00000e+0, 2.77847e+1, 0.00000e+0, 3.22852e+0, 0.00000e+0, 2.87303e+0, 0.00000e+0, 2.00000e+1, 0.00000e+0, 1.50000e+1, 0.00000e+0, 3, 4, 
09/01/2024 15:02:27.294, 09/01/2024 15:02:27.227, 4.14177e+0, 0.00000e+0, 9.55013e+1, 0.00000e+0, 2.03902e+0, 0.00000e+0, 1.76271e+4, 0.00000e+0, 4.14696e+2, 0.00000e+0, 2.07560e+0, 0.00000e+0, 4.22137e+2, 0.00000e+0, 4.82379e+2, 0.00000e+0, 2.75361e+1, 0.00000e+0, 2.77794e+1, 0.00000e+0, 3.22998e+0, 0.00000e+0, 2.87350e+0, 0.00000e+0, 2.00000e+1, 0.00000e+0, 1.50000e+1, 0.00000e+0, 3, 4, 
09/01/2024 15:02:28.299, 09/01/2024 15:02:28.223, 4.14187e+0, 0.00000e+0, 9.55164e+1, 0.00000e+0, 1.99534e+0, 0.00000e+0, 1.77859e+4, 0.00000e+0, 4.15361e+2, 0.00000e+0, 2.03147e+0, 0.00000e+0, 4.22882e+2, 0.00000e+0, 4.82424e+2, 0.00000e+0, 2.75372e+1, 0.00000e+0, 2.77789e+1, 0.00000e+0, 3.22814e+0, 0.00000e+0, 2.87269e+0, 0.00000e+0, 2.00000e+1, 0.00000e+0, 1.50000e+1, 0.00000e+0, 3, 4, 
09/01/2024 15:02:29.298, 09/01/2024 15:02:29.216, 4.14238e+0, 0.00000e+0, 9.55920e+1, 0.00000e+0, 2.03628e+0, 0.00000e+0, 1.74981e+4, 0.00000e+0, 4.14756e+2, 0.00000e+0, 2.07255e+0, 0.00000e+0, 4.22143e+2, 0.00000e+0, 4.82511e+2, 0.00000e+0, 2.75390e+1, 0.00000e+0, 2.77837e+1, 0.00000e+0, 3.22864e+0, 0.00000e+0, 2.87324e+0, 0.00000e+0, 2.00000e+1, 0.00000e+0, 1.50000e+1, 0.00000e+0, 3, 5, 
09/01/2024 15:02:30.270, 09/01/2024 15:02:30.211, 4.14207e+0, 0.00000e+0, 9.55462e+1, 0.00000e+0, 2.03491e+0, 0.00000e+0, 1.74873e+4, 0.00000e+0, 4.13784e+2, 0.00000e+0, 2.07113e+0, 0.00000e+0, 4.21149e+2, 0.00000e+0, 4.82486e+2, 0.00000e+0, 2.75401e+1, 0.00000e+0, 2.77810e+1, 0.00000e+0, 3.22935e+0, 0.00000e+0, 2.87292e+0, 0.00000e+0, 2.00000e+1, 0.00000e+0, 1.50000e+1, 0.00000e+0, 3, 5, 
09/01/2024 15:02:31.286, 09/01/2024 15:02:31.206, 4.14189e+0, 0.00000e+0, 9.55194e+1, 0.00000e+0, 1.99904e+0, 0.00000e+0, 1.75553e+4, 0.00000e+0, 4.14605e+2, 0.00000e+0, 2.03476e+0, 0.00000e+0, 4.22014e+2, 0.00000e+0, 4.82446e+2, 0.00000e+0, 2.75414e+1, 0.00000e+0, 2.77762e+1, 0.00000e+0, 3.22816e+0, 0.00000e+0, 2.87364e+0, 0.00000e+0, 2.00000e+1, 0.00000e+0, 1.50000e+1, 0.00000e+0, 3, 5, 
09/01/2024 15:02:32.255, 09/01/2024 15:02:32.199, 4.14200e+0, 0.00000e+0, 9.55357e+1, 0.00000e+0, 1.99898e+0, 0.00000e+0, 1.72910e+4, 0.00000e+0, 4.14506e+2, 0.00000e+0, 2.03415e+0, 0.00000e+0, 4.21799e+2, 0.00000e+0, 4.82491e+2, 0.00000e+0, 2.75426e+1, 0.00000e+0, 2.77763e+1, 0.00000e+0, 3.22992e+0, 0.00000e+0, 2.87287e+0, 0.00000e+0, 2.00000e+1, 0.00000e+0, 1.50000e+1, 0.00000e+0, 3, 6, 
09/01/2024 15:02:33.248, 09/01/2024 15:02:33.195, 4.14180e+0, 0.00000e+0, 9.55067e+1, 0.00000e+0, 1.99673e+0, 0.00000e+0, 1.76355e+4, 0.00000e+0, 4.15349e+2, 0.00000e+0, 2.03257e+0, 0.00000e+0, 4.22805e+2, 0.00000e+0, 4.82311e+2, 0.00000e+0, 2.75433e+1, 0.00000e+0, 2.77769e+1, 0.00000e+0, 3.22922e+0, 0.00000e+0, 2.87378e+0, 0.00000e+0, 2.00000e+1, 0.00000e+0, 1.50000e+1, 0.00000e+0, 3, 6, 
09/01/2024 15:02:34.267, 09/01/2024 15:02:34.189, 4.14201e+0, 0.00000e+0, 9.55378e+1, 0.00000e+0, 2.03806e+0, 0.00000e+0, 1.75357e+4, 0.00000e+0, 4.16458e+2, 0.00000e+0, 2.07444e+0, 0.00000e+0, 4.23891e+2, 0.00000e+0, 4.82398e+2, 0.00000e+0, 2.75449e+1, 0.00000e+0, 2.77828e+1, 0.00000e+0, 3.22933e+0, 0.00000e+0, 2.87388e+0, 0.00000e+0, 2.00000e+1, 0.00000e+0, 1.50000e+1, 0.00000e+0, 3, 6, 
09/01/2024 15:02:35.242, 09/01/2024 15:02:35.183, 4.14214e+0, 0.00000e+0, 9.55571e+1, 0.00000e+0, 2.03836e+0, 0.00000e+0, 1.74700e+4, 0.00000e+0, 4.14766e+2, 0.00000e+0, 2.07460e+0, 0.00000e+0, 4.22141e+2, 0.00000e+0, 4.82326e+2, 0.00000e+0, 2.75468e+1, 0.00000e+0, 2.77875e+1, 0.00000e+0, 3.22869e+0, 0.00000e+0, 2.87386e+0, 0.00000e+0, 2.00000e+1, 0.00000e+0, 1.50000e+1, 0.00000e+0, 3, 7, 
09/01/2024 15:02:36.256, 09/01/2024 15:02:36.179, 4.14226e+0, 0.00000e+0, 9.55742e+1, 0.00000e+0, 2.00022e+0, 0.00000e+0, 1.74416e+4, 0.00000e+0, 4.15289e+2, 0.00000e+0, 2.03573e+0, 0.00000e+0, 4.22661e+2, 0.00000e+0, 4.82325e+2, 0.00000e+0, 2.75484e+1, 0.00000e+0, 2.77978e+1, 0.00000e+0, 3.22967e+0, 0.00000e+0, 2.87420e+0, 0.00000e+0, 2.00000e+1, 0.00000e+0, 1.50000e+1, 0.00000e+0, 3, 7, 
09/01/2024 15:02:37.228, 09/01/2024 15:02:37.174, 4.14207e+0, 0.00000e+0, 9.55457e+1, 0.00000e+0, 1.99397e+0, 0.00000e+0, 1.73556e+4, 0.00000e+0, 4.16329e+2, 0.00000e+0, 2.02919e+0, 0.00000e+0, 4.23682e+2, 0.00000e+0, 4.82298e+2, 0.00000e+0, 2.75497e+1, 0.00000e+0, 2.78002e+1, 0.00000e+0, 3.23001e+0, 0.00000e+0, 2.87479e+0, 0.00000e+0, 2.00000e+1, 0.00000e+0, 1.50000e+1, 0.00000e+0, 3, 7, 
09/01/2024 15:02:38.228, 09/01/2024 15:02:38.167, 4.14223e+0, 0.00000e+0, 9.55699e+1, 0.00000e+0, 1.99901e+0, 0.00000e+0, 1.73841e+4, 0.00000e+0, 4.15636e+2, 0.00000e+0, 2.03438e+0, 0.00000e+0, 4.22989e+2, 0.00000e+0, 4.82312e+2, 0.00000e+0, 2.75516e+1, 0.00000e+0, 2.78079e+1, 0.00000e+0, 3.22878e+0, 0.00000e+0, 2.87460e+0, 0.00000e+0, 2.00000e+1, 0.00000e+0, 1.50000e+1, 0.00000e+0, 3, 8, 
09/01/2024 15:02:39.220, 09/01/2024 15:02:39.161, 4.14234e+0, 0.00000e+0, 9.55856e+1, 0.00000e+0, 1.99702e+0, 0.00000e+0, 1.74220e+4, 0.00000e+0, 4.15191e+2, 0.00000e+0, 2.03243e+0, 0.00000e+0, 4.22552e+2, 0.00000e+0, 4.82318e+2, 0.00000e+0, 2.75527e+1, 0.00000e+0, 2.78136e+1, 0.00000e+0, 3.23017e+0, 0.00000e+0, 2.87362e+0, 0.00000e+0, 2.00000e+1, 0.00000e+0, 1.50000e+1, 0.00000e+0, 3, 8, 
09/01/2024 15:02:40.210, 09/01/2024 15:02:40.156, 4.14198e+0, 0.00000e+0, 9.55334e+1, 0.00000e+0, 1.99794e+0, 0.00000e+0, 1.74753e+4, 0.00000e+0, 4.16051e+2, 0.00000e+0, 2.03347e+0, 0.00000e+0, 4.23451e+2, 0.00000e+0, 4.82428e+2, 0.00000e+0, 2.75541e+1, 0.00000e+0, 2.78207e+1, 0.00000e+0, 3.23015e+0, 0.00000e+0, 2.87467e+0, 0.00000e+0, 2.00000e+1, 0.00000e+0, 1.50000e+1, 0.00000e+0, 3, 8, 
09/01/2024 15:02:41.209, 09/01/2024 15:02:41.151, 4.14206e+0, 0.00000e+0, 9.55448e+1, 0.00000e+0, 1.99564e+0, 0.00000e+0, 1.74946e+4, 0.00000e+0, 4.16415e+2, 0.00000e+0, 2.03117e+0, 0.00000e+0, 4.23830e+2, 0.00000e+0, 4.82385e+2, 0.00000e+0, 2.75560e+1, 0.00000e+0, 2.78281e+1, 0.00000e+0, 3.22881e+0, 0.00000e+0, 2.87379e+0, 0.00000e+0, 2.00000e+1, 0.00000e+0, 1.50000e+1, 0.00000e+0, 3, 1, 
09/01/2024 15:02:42.226, 09/01/2024 15:02:42.146, 4.14213e+0, 0.00000e+0, 9.55547e+1, 0.00000e+0, 2.03655e+0, 0.00000e+0, 1.74659e+4, 0.00000e+0, 4.16276e+2, 0.00000e+0, 2.07275e+0, 0.00000e+0, 4.23676e+2, 0.00000e+0, 4.82513e+2, 0.00000e+0, 2.75576e+1, 0.00000e+0, 2.78338e+1, 0.00000e+0, 3.22819e+0, 0.00000e+0, 2.87438e+0, 0.00000e+0, 2.00000e+1, 0.00000e+0, 1.50000e+1, 0.00000e+0, 3, 1, 
09/01/2024 15:02:43.195, 09/01/2024 15:02:43.139, 4.14236e+0, 0.00000e+0, 9.55889e+1, 0.00000e+0, 2.03708e+0, 0.00000e+0, 1.75234e+4, 0.00000e+0, 4.15148e+2, 0.00000e+0, 2.07341e+0, 0.00000e+0, 4.22552e+2, 0.00000e+0, 4.82534e+2, 0.00000e+0, 2.75595e+1, 0.00000e+0, 2.78412e+1, 0.00000e+0, 3.22827e+0, 0.00000e+0, 2.87347e+0, 0.00000e+0, 2.00000e+1, 0.00000e+0, 1.50000e+1, 0.00000e+0, 3, 1, 
09/01/2024 15:02:44.213, 09/01/2024 15:02:44.134, 4.14218e+0, 0.00000e+0, 9.55622e+1, 0.00000e+0, 1.99583e+0, 0.00000e+0, 1.74221e+4, 0.00000e+0, 4.16634e+2, 0.00000e+0, 2.03122e+0, 0.00000e+0, 4.24022e+2, 0.00000e+0, 4.82534e+2, 0.00000e+0, 2.75608e+1, 0.00000e+0, 2.78405e+1, 0.00000e+0, 3.22904e+0, 0.00000e+0, 2.87411e+0, 0.00000e+0, 2.00000e+1, 0.00000e+0, 1.50000e+1, 0.00000e+0, 3, 2, 
09/01/2024 15:02:45.187, 09/01/2024 15:02:45.129, 4.14222e+0, 0.00000e+0, 9.55690e+1, 0.00000e+0, 1.99595e+0, 0.00000e+0, 1.74620e+4, 0.00000e+0, 4.15790e+2, 0.00000e+0, 2.03142e+0, 0.00000e+0, 4.23180e+2, 0.00000e+0, 4.82641e+2, 0.00000e+0, 2.75623e+1, 0.00000e+0, 2.78404e+1, 0.00000e+0, 3.22850e+0, 0.00000e+0, 2.87375e+0, 0.00000e+0, 2.00000e+1, 0.00000e+0, 1.50000e+1, 0.00000e+0, 3, 2, 
09/01/2024 15:02:46.207, 09/01/2024 15:02:46.123, 4.14214e+0, 0.00000e+0, 9.55567e+1, 0.00000e+0, 2.03702e+0, 0.00000e+0, 1.73414e+4, 0.00000e+0, 4.14375e+2, 0.00000e+0, 2.07297e+0, 0.00000e+0, 4.21688e+2, 0.00000e+0, 4.82641e+2, 0.00000e+0, 2.75640e+1, 0.00000e+0, 2.78455e+1, 0.00000e+0, 3.22885e+0, 0.00000e+0, 2.87380e+0, 0.00000e+0, 2.00000e+1, 0.00000e+0, 1.50000e+1, 0.00000e+0, 3, 2, 
09/01/2024 15:02:47.197, 09/01/2024 15:02:47.117, 4.14210e+0, 0.00000e+0, 9.55503e+1, 0.00000e+0, 1.99851e+0, 0.00000e+0, 1.72302e+4, 0.00000e+0, 4.15896e+2, 0.00000e+0, 2.03355e+0, 0.00000e+0, 4.23188e+2, 0.00000e+0, 4.82666e+2, 0.00000e+0, 2.75660e+1, 0.00000e+0, 2.78431e+1, 0.00000e+0, 3.22935e+0, 0.00000e+0, 2.87349e+0, 0.00000e+0, 2.00000e+1, 0.00000e+0, 1.50000e+1, 0.00000e+0, 3, 3, 
09/01/2024 15:02:48.176, 09/01/2024 15:02:48.112, 4.14224e+0, 0.00000e+0, 9.55708e+1, 0.00000e+0, 1.99899e+0, 0.00000e+0, 1.75092e+4, 0.00000e+0, 4.16046e+2, 0.00000e+0, 2.03462e+0, 0.00000e+0, 4.23461e+2, 0.00000e+0, 4.82650e+2, 0.00000e+0, 2.75673e+1, 0.00000e+0, 2.78421e+1, 0.00000e+0, 3.22862e+0, 0.00000e+0, 2.87394e+0, 0.00000e+0, 2.00000e+1, 0.00000e+0, 1.50000e+1, 0.00000e+0, 3, 3, 
09/01/2024 15:02:49.168, 09/01/2024 15:02:49.106, 4.14193e+0, 0.00000e+0, 9.55246e+1, 0.00000e+0, 1.99650e+0, 0.00000e+0, 1.74927e+4, 0.00000e+0, 4.14857e+2, 0.00000e+0, 2.03205e+0, 0.00000e+0, 4.22243e+2, 0.00000e+0, 4.82501e+2, 0.00000e+0, 2.75686e+1, 0.00000e+0, 2.78480e+1, 0.00000e+0, 3.22894e+0, 0.00000e+0, 2.87278e+0, 0.00000e+0, 2.00000e+1, 0.00000e+0, 1.50000e+1, 0.00000e+0, 3, 3, 
09/01/2024 15:02:50.158, 09/01/2024 15:02:50.102, 4.14218e+0, 0.00000e+0, 9.55624e+1, 0.00000e+0, 1.99909e+0, 0.00000e+0, 1.74102e+4, 0.00000e+0, 4.14423e+2, 0.00000e+0, 2.03451e+0, 0.00000e+0, 4.21766e+2, 0.00000e+0, 4.82557e+2, 0.00000e+0, 2.75706e+1, 0.00000e+0, 2.78608e+1, 0.00000e+0, 3.22882e+0, 0.00000e+0, 2.87419e+0, 0.00000e+0, 2.00000e+1, 0.00000e+0, 1.50000e+1, 0.00000e+0, 3, 4, 
09/01/2024 15:02:51.148, 09/01/2024 15:02:51.097, 4.14209e+0, 0.00000e+0, 9.55493e+1, 0.00000e+0, 1.99832e+0, 0.00000e+0, 1.73430e+4, 0.00000e+0, 4.15025e+2, 0.00000e+0, 2.03358e+0, 0.00000e+0, 4.22350e+2, 0.00000e+0, 4.82541e+2, 0.00000e+0, 2.75728e+1, 0.00000e+0, 2.78613e+1, 0.00000e+0, 3.22657e+0, 0.00000e+0, 2.87418e+0, 0.00000e+0, 2.00000e+1, 0.00000e+0, 1.50000e+1, 0.00000e+0, 3, 4, 
09/01/2024 15:02:52.146, 09/01/2024 15:02:52.090, 4.14237e+0, 0.00000e+0, 9.55910e+1, 0.00000e+0, 1.99935e+0, 0.00000e+0, 1.72810e+4, 0.00000e+0, 4.15152e+2, 0.00000e+0, 2.03451e+0, 0.00000e+0, 4.22453e+2, 0.00000e+0, 4.82600e+2, 0.00000e+0, 2.75748e+1, 0.00000e+0, 2.78636e+1, 0.00000e+0, 3.22861e+0, 0.00000e+0, 2.87395e+0, 0.00000e+0, 2.00000e+1, 0.00000e+0, 1.50000e+1, 0.00000e+0, 3, 4, 
09/01/2024 15:02:53.140, 09/01/2024 15:02:53.085, 4.14202e+0, 0.00000e+0, 9.55386e+1, 0.00000e+0, 1.99928e+0, 0.00000e+0, 1.73908e+4, 0.00000e+0, 4.15477e+2, 0.00000e+0, 2.03466e+0, 0.00000e+0, 4.22830e+2, 0.00000e+0, 4.82497e+2, 0.00000e+0, 2.75744e+1, 0.00000e+0, 2.78669e+1, 0.00000e+0, 3.22783e+0, 0.00000e+0, 2.87318e+0, 0.00000e+0, 2.00000e+1, 0.00000e+0, 1.50000e+1, 0.00000e+0, 3, 5, 
09/01/2024 15:02:54.163, 09/01/2024 15:02:54.079, 4.14193e+0, 0.00000e+0, 9.55251e+1, 0.00000e+0, 2.03604e+0, 0.00000e+0, 1.73403e+4, 0.00000e+0, 4.15250e+2, 0.00000e+0, 2.07196e+0, 0.00000e+0, 4.22577e+2, 0.00000e+0, 4.82453e+2, 0.00000e+0, 2.75755e+1, 0.00000e+0, 2.78746e+1, 0.00000e+0, 3.22832e+0, 0.00000e+0, 2.87401e+0, 0.00000e+0, 2.00000e+1, 0.00000e+0, 1.50000e+1, 0.00000e+0, 3, 5, 
09/01/2024 15:02:55.135, 09/01/2024 15:02:55.075, 4.14191e+0, 0.00000e+0, 9.55217e+1, 0.00000e+0, 2.03545e+0, 0.00000e+0, 1.72743e+4, 0.00000e+0, 4.15046e+2, 0.00000e+0, 2.07123e+0, 0.00000e+0, 4.22342e+2, 0.00000e+0, 4.82473e+2, 0.00000e+0, 2.75783e+1, 0.00000e+0, 2.78793e+1, 0.00000e+0, 3.22851e+0, 0.00000e+0, 2.87365e+0, 0.00000e+0, 2.00000e+1, 0.00000e+0, 5.00000e+0, 0.00000e+0, 3, 5, 
09/01/2024 15:02:56.151, 09/01/2024 15:02:56.068, 4.14215e+0, 0.00000e+0, 9.55574e+1, 0.00000e+0, 1.99335e+0, 0.00000e+0, 1.72071e+4, 0.00000e+0, 4.16245e+2, 0.00000e+0, 2.02825e+0, 0.00000e+0, 4.23532e+2, 0.00000e+0, 4.82585e+2, 0.00000e+0, 2.75800e+1, 0.00000e+0, 2.78849e+1, 0.00000e+0, 3.22847e+0, 0.00000e+0, 2.87330e+0, 0.00000e+0, 2.00000e+1, 0.00000e+0, 5.00000e+0, 0.00000e+0, 3, 6, 
09/01/2024 15:02:57.117, 09/01/2024 15:02:57.064, 4.14221e+0, 0.00000e+0, 9.55667e+1, 0.00000e+0, 1.99681e+0, 0.00000e+0, 1.73099e+4, 0.00000e+0, 4.17254e+2, 0.00000e+0, 2.03198e+0, 0.00000e+0, 4.24604e+2, 0.00000e+0, 4.82537e+2, 0.00000e+0, 2.75816e+1, 0.00000e+0, 2.78869e+1, 0.00000e+0, 3.22834e+0, 0.00000e+0, 2.87359e+0, 0.00000e+0, 2.00000e+1, 0.00000e+0, 5.00000e+0, 0.00000e+0, 3, 6, 
09/01/2024 15:02:58.141, 09/01/2024 15:02:58.057, 4.14214e+0, 0.00000e+0, 9.55564e+1, 0.00000e+0, 2.03614e+0, 0.00000e+0, 1.74276e+4, 0.00000e+0, 4.16482e+2, 0.00000e+0, 2.07226e+0, 0.00000e+0, 4.23869e+2, 0.00000e+0, 4.82682e+2, 0.00000e+0, 2.75827e+1, 0.00000e+0, 2.78931e+1, 0.00000e+0, 3.22838e+0, 0.00000e+0, 2.87321e+0, 0.00000e+0, 2.00000e+1, 0.00000e+0, 5.00000e+0, 0.00000e+0, 3, 6, 
09/01/2024 15:02:59.104, 09/01/2024 15:02:59.052, 4.14209e+0, 0.00000e+0, 9.55486e+1, 0.00000e+0, 2.03654e+0, 0.00000e+0, 1.75383e+4, 0.00000e+0, 4.15622e+2, 0.00000e+0, 2.07290e+0, 0.00000e+0, 4.23042e+2, 0.00000e+0, 4.82633e+2, 0.00000e+0, 2.75839e+1, 0.00000e+0, 2.79014e+1, 0.00000e+0, 3.22816e+0, 0.00000e+0, 2.87281e+0, 0.00000e+0, 2.00000e+1, 0.00000e+0, 5.00000e+0, 0.00000e+0, 3, 7, 
09/01/2024 15:03:00.129, 09/01/2024 15:03:00.047, 4.14212e+0, 0.00000e+0, 9.55529e+1, 0.00000e+0, 2.00011e+0, 0.00000e+0, 1.72610e+4, 0.00000e+0, 4.16338e+2, 0.00000e+0, 2.03524e+0, 0.00000e+0, 4.23650e+2, 0.00000e+0, 4.82630e+2, 0.00000e+0, 2.75852e+1, 0.00000e+0, 2.79065e+1, 0.00000e+0, 3.22960e+0, 0.00000e+0, 2.87338e+0, 0.00000e+0, 2.00000e+1, 0.00000e+0, 5.00000e+0, 0.00000e+0, 3, 7, 
09/01/2024 15:03:01.094, 09/01/2024 15:03:01.041, 4.14224e+0, 0.00000e+0, 9.55712e+1, 0.00000e+0, 1.99530e+0, 0.00000e+0, 1.72970e+4, 0.00000e+0, 4.15515e+2, 0.00000e+0, 2.03042e+0, 0.00000e+0, 4.22828e+2, 0.00000e+0, 4.82574e+2, 0.00000e+0, 2.75869e+1, 0.00000e+0, 2.79137e+1, 0.00000e+0, 3.22987e+0, 0.00000e+0, 2.87226e+0, 0.00000e+0, 2.00000e+1, 0.00000e+0, 5.00000e+0, 0.00000e+0, 3, 7, 
09/01/2024 15:03:02.115, 09/01/2024 15:03:02.037, 4.14237e+0, 0.00000e+0, 9.55906e+1, 0.00000e+0, 2.03530e+0, 0.00000e+0, 1.72055e+4, 0.00000e+0, 4.13800e+2, 0.00000e+0, 2.07093e+0, 0.00000e+0, 4.21044e+2, 0.00000e+0, 4.82712e+2, 0.00000e+0, 2.75884e+1, 0.00000e+0, 2.79184e+1, 0.00000e+0, 3.23064e+0, 0.00000e+0, 2.87286e+0, 0.00000e+0, 2.00000e+1, 0.00000e+0, 5.00000e+0, 0.00000e+0, 3, 8, 
09/01/2024 15:03:03.083, 09/01/2024 15:03:03.031, 4.14218e+0, 0.00000e+0, 9.55621e+1, 0.00000e+0, 2.03441e+0, 0.00000e+0, 1.70786e+4, 0.00000e+0, 4.16087e+2, 0.00000e+0, 2.06976e+0, 0.00000e+0, 4.23316e+2, 0.00000e+0, 4.82793e+2, 0.00000e+0, 2.75894e+1, 0.00000e+0, 2.79230e+1, 0.00000e+0, 3.22906e+0, 0.00000e+0, 2.87377e+0, 0.00000e+0, 2.00000e+1, 0.00000e+0, 5.00000e+0, 0.00000e+0, 3, 8, 
09/01/2024 15:03:04.107, 09/01/2024 15:03:04.025, 4.14223e+0, 0.00000e+0, 9.55701e+1, 0.00000e+0, 1.99471e+0, 0.00000e+0, 1.72708e+4, 0.00000e+0, 4.14706e+2, 0.00000e+0, 2.02977e+0, 0.00000e+0, 4.21994e+2, 0.00000e+0, 4.82667e+2, 0.00000e+0, 2.75906e+1, 0.00000e+0, 2.79320e+1, 0.00000e+0, 3.22868e+0, 0.00000e+0, 2.87374e+0, 0.00000e+0, 2.00000e+1, 0.00000e+0, 5.00000e+0, 0.00000e+0, 3, 8, 
09/01/2024 15:03:05.071, 09/01/2024 15:03:05.021, 4.14224e+0, 0.00000e+0, 9.55720e+1, 0.00000e+0, 1.99463e+0, 0.00000e+0, 1.69135e+4, 0.00000e+0, 4.15792e+2, 0.00000e+0, 2.02895e+0, 0.00000e+0, 4.22945e+2, 0.00000e+0, 4.82733e+2, 0.00000e+0, 2.75916e+1, 0.00000e+0, 2.79343e+1, 0.00000e+0, 3.22830e+0, 0.00000e+0, 2.87327e+0, 0.00000e+0, 2.00000e+1, 0.00000e+0, 5.00000e+0, 0.00000e+0, 3, 1, 
09/01/2024 15:03:06.074, 09/01/2024 15:03:06.014, 4.14217e+0, 0.00000e+0, 9.55607e+1, 0.00000e+0, 1.99902e+0, 0.00000e+0, 1.71750e+4, 0.00000e+0, 4.15774e+2, 0.00000e+0, 2.03395e+0, 0.00000e+0, 4.23040e+2, 0.00000e+0, 4.82673e+2, 0.00000e+0, 2.75920e+1, 0.00000e+0, 2.79305e+1, 0.00000e+0, 3.22836e+0, 0.00000e+0, 2.87284e+0, 0.00000e+0, 2.00000e+1, 0.00000e+0, 5.00000e+0, 0.00000e+0, 3, 1, 
09/01/2024 15:03:07.086, 09/01/2024 15:03:07.008, 4.14234e+0, 0.00000e+0, 9.55859e+1, 0.00000e+0, 2.03678e+0, 0.00000e+0, 1.72835e+4, 0.00000e+0, 4.15758e+2, 0.00000e+0, 2.07260e+0, 0.00000e+0, 4.23070e+2, 0.00000e+0, 4.82801e+2, 0.00000e+0, 2.75936e+1, 0.00000e+0, 2.79366e+1, 0.00000e+0, 3.22880e+0, 0.00000e+0, 2.87351e+0, 0.00000e+0, 2.00000e+1, 0.00000e+0, 5.00000e+0, 0.00000e+0, 3, 1, 
09/01/2024 15:03:08.084, 09/01/2024 15:03:08.003, 4.14230e+0, 0.00000e+0, 9.55800e+1, 0.00000e+0, 1.99628e+0, 0.00000e+0, 1.74122e+4, 0.00000e+0, 4.16425e+2, 0.00000e+0, 2.03166e+0, 0.00000e+0, 4.23804e+2, 0.00000e+0, 4.82795e+2, 0.00000e+0, 2.75953e+1, 0.00000e+0, 2.79444e+1, 0.00000e+0, 3.22800e+0, 0.00000e+0, 2.87362e+0, 0.00000e+0, 2.00000e+1, 0.00000e+0, 5.00000e+0, 0.00000e+0, 3, 2, 
09/01/2024 15:03:09.054, 09/01/2024 15:03:08.997, 4.14223e+0, 0.00000e+0, 9.55706e+1, 0.00000e+0, 1.99328e+0, 0.00000e+0, 1.70204e+4, 0.00000e+0, 4.14863e+2, 0.00000e+0, 2.02780e+0, 0.00000e+0, 4.22046e+2, 0.00000e+0, 4.82868e+2, 0.00000e+0, 2.75967e+1, 0.00000e+0, 2.79482e+1, 0.00000e+0, 3.22730e+0, 0.00000e+0, 2.87438e+0, 0.00000e+0, 2.00000e+1, 0.00000e+0, 5.00000e+0, 0.00000e+0, 3, 2, 
09/01/2024 15:03:10.049, 09/01/2024 15:03:09.993, 4.14219e+0, 0.00000e+0, 9.55633e+1, 0.00000e+0, 1.99924e+0, 0.00000e+0, 1.74117e+4, 0.00000e+0, 4.14723e+2, 0.00000e+0, 2.03467e+0, 0.00000e+0, 4.22072e+2, 0.00000e+0, 4.82908e+2, 0.00000e+0, 2.75964e+1, 0.00000e+0, 2.79550e+1, 0.00000e+0, 3.22797e+0, 0.00000e+0, 2.87302e+0, 0.00000e+0, 2.00000e+1, 0.00000e+0, 5.00000e+0, 0.00000e+0, 3, 2, 
09/01/2024 15:03:11.068, 09/01/2024 15:03:10.987, 4.14232e+0, 0.00000e+0, 9.55833e+1, 0.00000e+0, 1.99893e+0, 0.00000e+0, 1.72618e+4, 0.00000e+0, 4.16891e+2, 0.00000e+0, 2.03404e+0, 0.00000e+0, 4.24213e+2, 0.00000e+0, 4.82902e+2, 0.00000e+0, 2.75977e+1, 0.00000e+0, 2.79571e+1, 0.00000e+0, 3.22790e+0, 0.00000e+0, 2.87299e+0, 0.00000e+0, 2.00000e+1, 0.00000e+0, 5.00000e+0, 0.00000e+0, 3, 3, 
09/01/2024 15:03:12.040, 09/01/2024 15:03:11.982, 4.14223e+0, 0.00000e+0, 9.55705e+1, 0.00000e+0, 1.99624e+0, 0.00000e+0, 1.72510e+4, 0.00000e+0, 4.16382e+2, 0.00000e+0, 2.03128e+0, 0.00000e+0, 4.23691e+2, 0.00000e+0, 4.82845e+2, 0.00000e+0, 2.75994e+1, 0.00000e+0, 2.79627e+1, 0.00000e+0, 3.22845e+0, 0.00000e+0, 2.87337e+0, 0.00000e+0, 2.00000e+1, 0.00000e+0, 5.00000e+0, 0.00000e+0, 3, 3, 
09/01/2024 15:03:13.033, 09/01/2024 15:03:12.975, 4.14232e+0, 0.00000e+0, 9.55829e+1, 0.00000e+0, 1.99814e+0, 0.00000e+0, 1.74376e+4, 0.00000e+0, 4.15867e+2, 0.00000e+0, 2.03360e+0, 0.00000e+0, 4.23247e+2, 0.00000e+0, 4.82866e+2, 0.00000e+0, 2.76020e+1, 0.00000e+0, 2.79671e+1, 0.00000e+0, 3.22851e+0, 0.00000e+0, 2.87342e+0, 0.00000e+0, 2.00000e+1, 0.00000e+0, 5.00000e+0, 0.00000e+0, 3, 3, 
09/01/2024 15:03:14.049, 09/01/2024 15:03:13.971, 4.14245e+0, 0.00000e+0, 9.56021e+1, 0.00000e+0, 2.03311e+0, 0.00000e+0, 1.74101e+4, 0.00000e+0, 4.13758e+2, 0.00000e+0, 2.06913e+0, 0.00000e+0, 4.21089e+2, 0.00000e+0, 4.82879e+2, 0.00000e+0, 2.76054e+1, 0.00000e+0, 2.79699e+1, 0.00000e+0, 3.22802e+0, 0.00000e+0, 2.87392e+0, 0.00000e+0, 2.00000e+1, 0.00000e+0, 5.00000e+0, 0.00000e+0, 3, 4, 
09/01/2024 15:03:15.041, 09/01/2024 15:03:14.965, 4.14206e+0, 0.00000e+0, 9.55441e+1, 0.00000e+0, 1.99961e+0, 0.00000e+0, 1.72710e+4, 0.00000e+0, 4.15239e+2, 0.00000e+0, 2.03475e+0, 0.00000e+0, 4.22536e+2, 0.00000e+0, 4.82765e+2, 0.00000e+0, 2.76063e+1, 0.00000e+0, 2.79742e+1, 0.00000e+0, 3.22729e+0, 0.00000e+0, 2.87336e+0, 0.00000e+0, 2.00000e+1, 0.00000e+0, 5.00000e+0, 0.00000e+0, 3, 4, 
09/01/2024 15:03:16.020, 09/01/2024 15:03:15.960, 4.14218e+0, 0.00000e+0, 9.55628e+1, 0.00000e+0, 1.99770e+0, 0.00000e+0, 1.71575e+4, 0.00000e+0, 4.15588e+2, 0.00000e+0, 2.03257e+0, 0.00000e+0, 4.22843e+2, 0.00000e+0, 4.82895e+2, 0.00000e+0, 2.76079e+1, 0.00000e+0, 2.79729e+1, 0.00000e+0, 3.22700e+0, 0.00000e+0, 2.87401e+0, 0.00000e+0, 2.00000e+1, 0.00000e+0, 5.00000e+0, 0.00000e+0, 3, 4, 
09/01/2024 15:03:17.006, 09/01/2024 15:03:16.954, 4.14241e+0, 0.00000e+0, 9.55973e+1, 0.00000e+0, 1.99759e+0, 0.00000e+0, 1.73066e+4, 0.00000e+0, 4.16071e+2, 0.00000e+0, 2.03277e+0, 0.00000e+0, 4.23398e+2, 0.00000e+0, 4.82956e+2, 0.00000e+0, 2.76095e+1, 0.00000e+0, 2.79765e+1, 0.00000e+0, 3.22768e+0, 0.00000e+0, 2.87296e+0, 0.00000e+0, 2.00000e+1, 0.00000e+0, 5.00000e+0, 0.00000e+0, 3, 5, 
09/01/2024 15:03:18.008, 09/01/2024 15:03:17.949, 4.14219e+0, 0.00000e+0, 9.55637e+1, 0.00000e+0, 2.00000e+0, 0.00000e+0, 1.72462e+4, 0.00000e+0, 4.16087e+2, 0.00000e+0, 2.03510e+0, 0.00000e+0, 4.23389e+2, 0.00000e+0, 4.82905e+2, 0.00000e+0, 2.76113e+1, 0.00000e+0, 2.79755e+1, 0.00000e+0, 3.22876e+0, 0.00000e+0, 2.87353e+0, 0.00000e+0, 2.00000e+1, 0.00000e+0, 5.00000e+0, 0.00000e+0, 3, 5, 
09/01/2024 15:03:19.025, 09/01/2024 15:03:18.944, 4.14252e+0, 0.00000e+0, 9.56135e+1, 0.00000e+0, 2.03511e+0, 0.00000e+0, 1.71334e+4, 0.00000e+0, 4.15010e+2, 0.00000e+0, 2.07059e+0, 0.00000e+0, 4.22244e+2, 0.00000e+0, 4.82918e+2, 0.00000e+0, 2.76133e+1, 0.00000e+0, 2.79774e+1, 0.00000e+0, 3.22743e+0, 0.00000e+0, 2.87362e+0, 0.00000e+0, 2.00000e+1, 0.00000e+0, 5.00000e+0, 0.00000e+0, 3, 5, 
09/01/2024 15:03:20.019, 09/01/2024 15:03:19.938, 4.14224e+0, 0.00000e+0, 9.55717e+1, 0.00000e+0, 2.00154e+0, 0.00000e+0, 1.72671e+4, 0.00000e+0, 4.15879e+2, 0.00000e+0, 2.03671e+0, 0.00000e+0, 4.23187e+2, 0.00000e+0, 4.82861e+2, 0.00000e+0, 2.76146e+1, 0.00000e+0, 2.79805e+1, 0.00000e+0, 3.22903e+0, 0.00000e+0, 2.87350e+0, 0.00000e+0, 2.00000e+1, 0.00000e+0, 5.00000e+0, 0.00000e+0, 3, 6, 
09/01/2024 15:03:21.012, 09/01/2024 15:03:20.932, 4.14227e+0, 0.00000e+0, 9.55752e+1, 0.00000e+0, 1.99906e+0, 0.00000e+0, 1.71657e+4, 0.00000e+0, 4.15681e+2, 0.00000e+0, 2.03398e+0, 0.00000e+0, 4.22941e+2, 0.00000e+0, 4.82972e+2, 0.00000e+0, 2.76162e+1, 0.00000e+0, 2.79906e+1, 0.00000e+0, 3.22815e+0, 0.00000e+0, 2.87306e+0, 0.00000e+0, 2.00000e+1, 0.00000e+0, 5.00000e+0, 0.00000e+0, 3, 6, 
09/01/2024 15:03:21.984, 09/01/2024 15:03:21.926, 4.14232e+0, 0.00000e+0, 9.55834e+1, 0.00000e+0, 1.99712e+0, 0.00000e+0, 1.72539e+4, 0.00000e+0, 4.15216e+2, 0.00000e+0, 2.03218e+0, 0.00000e+0, 4.22506e+2, 0.00000e+0, 4.82983e+2, 0.00000e+0, 2.76184e+1, 0.00000e+0, 2.79986e+1, 0.00000e+0, 3.22812e+0, 0.00000e+0, 2.87422e+0, 0.00000e+0, 2.00000e+1, 0.00000e+0, 5.00000e+0, 0.00000e+0, 3, 6, 
09/01/2024 15:03:22.972, 09/01/2024 15:03:22.921, 4.14218e+0, 0.00000e+0, 9.55620e+1, 0.00000e+0, 1.99850e+0, 0.00000e+0, 1.71042e+4, 0.00000e+0, 4.15993e+2, 0.00000e+0, 2.03328e+0, 0.00000e+0, 4.23232e+2, 0.00000e+0, 4.82910e+2, 0.00000e+0, 2.76204e+1, 0.00000e+0, 2.80058e+1, 0.00000e+0, 3.22775e+0, 0.00000e+0, 2.87402e+0, 0.00000e+0, 2.00000e+1, 0.00000e+0, 5.00000e+0, 0.00000e+0, 3, 7, 
09/01/2024 15:03:23.998, 09/01/2024 15:03:23.915, 4.14234e+0, 0.00000e+0, 9.55856e+1, 0.00000e+0, 2.03590e+0, 0.00000e+0, 1.68584e+4, 0.00000e+0, 4.16051e+2, 0.00000e+0, 2.07081e+0, 0.00000e+0, 4.23186e+2, 0.00000e+0, 4.82882e+2, 0.00000e+0, 2.76221e+1, 0.00000e+0, 2.80154e+1, 0.00000e+0, 3.22892e+0, 0.00000e+0, 2.87336e+0, 0.00000e+0, 2.00000e+1, 0.00000e+0, 5.00000e+0, 0.00000e+0, 3, 7, 
09/01/2024 15:03:24.988, 09/01/2024 15:03:24.911, 4.14218e+0, 0.00000e+0, 9.55619e+1, 0.00000e+0, 1.99725e+0, 0.00000e+0, 1.70281e+4, 0.00000e+0, 4.16593e+2, 0.00000e+0, 2.03185e+0, 0.00000e+0, 4.23810e+2, 0.00000e+0, 4.82972e+2, 0.00000e+0, 2.76265e+1, 0.00000e+0, 2.80170e+1, 0.00000e+0, 3.22950e+0, 0.00000e+0, 2.87457e+0, 0.00000e+0, 2.00000e+1, 0.00000e+0, 5.00000e+0, 0.00000e+0, 3, 7, 
09/01/2024 15:03:25.963, 09/01/2024 15:03:25.905, 4.14230e+0, 0.00000e+0, 9.55809e+1, 0.00000e+0, 1.99656e+0, 0.00000e+0, 1.71350e+4, 0.00000e+0, 4.17073e+2, 0.00000e+0, 2.03137e+0, 0.00000e+0, 4.24344e+2, 0.00000e+0, 4.82971e+2, 0.00000e+0, 2.76255e+1, 0.00000e+0, 2.80228e+1, 0.00000e+0, 3.22856e+0, 0.00000e+0, 2.87410e+0, 0.00000e+0, 2.00000e+1, 0.00000e+0, 5.00000e+0, 0.00000e+0, 3, 8, 
09/01/2024 15:03:26.981, 09/01/2024 15:03:26.900, 4.14231e+0, 0.00000e+0, 9.55812e+1, 0.00000e+0, 2.03793e+0, 0.00000e+0, 1.71318e+4, 0.00000e+0, 4.16111e+2, 0.00000e+0, 2.07345e+0, 0.00000e+0, 4.23364e+2, 0.00000e+0, 4.82917e+2, 0.00000e+0, 2.76254e+1, 0.00000e+0, 2.80298e+1, 0.00000e+0, 3.22769e+0, 0.00000e+0, 2.87470e+0, 0.00000e+0, 2.00000e+1, 0.00000e+0, 5.00000e+0, 0.00000e+0, 3, 8, 
09/01/2024 15:03:27.976, 09/01/2024 15:03:27.894, 4.14226e+0, 0.00000e+0, 9.55742e+1, 0.00000e+0, 1.99620e+0, 0.00000e+0, 1.70611e+4, 0.00000e+0, 4.15389e+2, 0.00000e+0, 2.03084e+0, 0.00000e+0, 4.22599e+2, 0.00000e+0, 4.82904e+2, 0.00000e+0, 2.76272e+1, 0.00000e+0, 2.80322e+1, 0.00000e+0, 3.22844e+0, 0.00000e+0, 2.87391e+0, 0.00000e+0, 2.00000e+1, 0.00000e+0, 5.00000e+0, 0.00000e+0, 3, 8, 
09/01/2024 15:03:28.964, 09/01/2024 15:03:28.888, 4.14233e+0, 0.00000e+0, 9.55844e+1, 0.00000e+0, 1.99847e+0, 0.00000e+0, 1.72394e+4, 0.00000e+0, 4.16000e+2, 0.00000e+0, 2.03353e+0, 0.00000e+0, 4.23297e+2, 0.00000e+0, 4.82928e+2, 0.00000e+0, 2.76291e+1, 0.00000e+0, 2.80409e+1, 0.00000e+0, 3.22772e+0, 0.00000e+0, 2.87410e+0, 0.00000e+0, 2.00000e+1, 0.00000e+0, 5.00000e+0, 0.00000e+0, 3, 8, 
09/01/2024 15:03:29.941, 09/01/2024 15:03:29.883, 4.14229e+0, 0.00000e+0, 9.55786e+1, 0.00000e+0, 1.99896e+0, 0.00000e+0, 1.70823e+4, 0.00000e+0, 4.15745e+2, 0.00000e+0, 2.03370e+0, 0.00000e+0, 4.22971e+2, 0.00000e+0, 4.82965e+2, 0.00000e+0, 2.76310e+1, 0.00000e+0, 2.80474e+1, 0.00000e+0, 3.22826e+0, 0.00000e+0, 2.87513e+0, 0.00000e+0, 2.00000e+1, 0.00000e+0, 5.00000e+0, 0.00000e+0, 3, 1, 
09/01/2024 15:03:30.955, 09/01/2024 15:03:30.878, 4.14254e+0, 0.00000e+0, 9.56154e+1, 0.00000e+0, 2.03825e+0, 0.00000e+0, 1.71932e+4, 0.00000e+0, 4.15202e+2, 0.00000e+0, 2.07391e+0, 0.00000e+0, 4.22465e+2, 0.00000e+0, 4.82907e+2, 0.00000e+0, 2.76342e+1, 0.00000e+0, 2.80477e+1, 0.00000e+0, 3.22782e+0, 0.00000e+0, 2.87417e+0, 0.00000e+0, 2.00000e+1, 0.00000e+0, 5.00000e+0, 0.00000e+0, 3, 1, 
09/01/2024 15:03:31.951, 09/01/2024 15:03:31.872, 4.14245e+0, 0.00000e+0, 9.56028e+1, 0.00000e+0, 2.03650e+0, 0.00000e+0, 1.71385e+4, 0.00000e+0, 4.17445e+2, 0.00000e+0, 2.07201e+0, 0.00000e+0, 4.24724e+2, 0.00000e+0, 4.82974e+2, 0.00000e+0, 2.76357e+1, 0.00000e+0, 2.80433e+1, 0.00000e+0, 3.22801e+0, 0.00000e+0, 2.87367e+0, 0.00000e+0, 2.00000e+1, 0.00000e+0, 5.00000e+0, 0.00000e+0, 3, 1, 
09/01/2024 15:03:32.949, 09/01/2024 15:03:32.867, 4.14252e+0, 0.00000e+0, 9.56134e+1, 0.00000e+0, 1.99666e+0, 0.00000e+0, 1.72901e+4, 0.00000e+0, 4.16367e+2, 0.00000e+0, 2.03179e+0, 0.00000e+0, 4.23693e+2, 0.00000e+0, 4.83050e+2, 0.00000e+0, 2.76370e+1, 0.00000e+0, 2.80494e+1, 0.00000e+0, 3.22809e+0, 0.00000e+0, 2.87407e+0, 0.00000e+0, 2.00000e+1, 0.00000e+0, 5.00000e+0, 0.00000e+0, 3, 2, 
09/01/2024 15:03:33.944, 09/01/2024 15:03:33.861, 4.14245e+0, 0.00000e+0, 9.56023e+1, 0.00000e+0, 1.99764e+0, 0.00000e+0, 1.70624e+4, 0.00000e+0, 4.15740e+2, 0.00000e+0, 2.03231e+0, 0.00000e+0, 4.22957e+2, 0.00000e+0, 4.83054e+2, 0.00000e+0, 2.76391e+1, 0.00000e+0, 2.80532e+1, 0.00000e+0, 3.22861e+0, 0.00000e+0, 2.87298e+0, 0.00000e+0, 2.00000e+1, 0.00000e+0, 5.00000e+0, 0.00000e+0, 3, 2, 
09/01/2024 15:03:34.930, 09/01/2024 15:03:34.856, 4.14260e+0, 0.00000e+0, 9.56256e+1, 0.00000e+0, 2.03866e+0, 0.00000e+0, 1.71826e+4, 0.00000e+0, 4.16708e+2, 0.00000e+0, 2.07431e+0, 0.00000e+0, 4.23993e+2, 0.00000e+0, 4.83013e+2, 0.00000e+0, 2.76410e+1, 0.00000e+0, 2.80598e+1, 0.00000e+0, 3.22756e+0, 0.00000e+0, 2.87259e+0, 0.00000e+0, 2.00000e+1, 0.00000e+0, 5.00000e+0, 0.00000e+0, 3, 2, 
09/01/2024 15:03:35.932, 09/01/2024 15:03:35.850, 4.14243e+0, 0.00000e+0, 9.55991e+1, 0.00000e+0, 1.99881e+0, 0.00000e+0, 1.71985e+4, 0.00000e+0, 4.16242e+2, 0.00000e+0, 2.03378e+0, 0.00000e+0, 4.23526e+2, 0.00000e+0, 4.83050e+2, 0.00000e+0, 2.76423e+1, 0.00000e+0, 2.80613e+1, 0.00000e+0, 3.22879e+0, 0.00000e+0, 2.87263e+0, 0.00000e+0, 2.00000e+1, 0.00000e+0, 5.00000e+0, 0.00000e+0, 3, 3, 
09/01/2024 15:03:36.929, 09/01/2024 15:03:36.845, 4.14258e+0, 0.00000e+0, 9.56227e+1, 0.00000e+0, 1.99872e+0, 0.00000e+0, 1.72818e+4, 0.00000e+0, 4.15301e+2, 0.00000e+0, 2.03386e+0, 0.00000e+0, 4.22604e+2, 0.00000e+0, 4.83049e+2, 0.00000e+0, 2.76440e+1, 0.00000e+0, 2.80644e+1, 0.00000e+0, 3.22835e+0, 0.00000e+0, 2.87446e+0, 0.00000e+0, 2.00000e+1, 0.00000e+0, 5.00000e+0, 0.00000e+0, 3, 3, 
09/01/2024 15:03:37.897, 09/01/2024 15:03:37.839, 4.14245e+0, 0.00000e+0, 9.56034e+1, 0.00000e+0, 2.00073e+0, 0.00000e+0, 1.72271e+4, 0.00000e+0, 4.17073e+2, 0.00000e+0, 2.03580e+0, 0.00000e+0, 4.24384e+2, 0.00000e+0, 4.83090e+2, 0.00000e+0, 2.76456e+1, 0.00000e+0, 2.80640e+1, 0.00000e+0, 3.22806e+0, 0.00000e+0, 2.87289e+0, 0.00000e+0, 2.00000e+1, 0.00000e+0, 5.00000e+0, 0.00000e+0, 3, 3, 
09/01/2024 15:03:38.914, 09/01/2024 15:03:38.834, 4.14261e+0, 0.00000e+0, 9.56268e+1, 0.00000e+0, 2.03477e+0, 0.00000e+0, 1.71482e+4, 0.00000e+0, 4.15908e+2, 0.00000e+0, 2.07027e+0, 0.00000e+0, 4.23165e+2, 0.00000e+0, 4.83018e+2, 0.00000e+0, 2.76476e+1, 0.00000e+0, 2.80668e+1, 0.00000e+0, 3.22898e+0, 0.00000e+0, 2.87326e+0, 0.00000e+0, 2.00000e+1, 0.00000e+0, 5.00000e+0, 0.00000e+0, 3, 4, 
09/01/2024 15:03:39.907, 09/01/2024 15:03:39.829, 4.14239e+0, 0.00000e+0, 9.55933e+1, 0.00000e+0, 1.99870e+0, 0.00000e+0, 1.73388e+4, 0.00000e+0, 4.16487e+2, 0.00000e+0, 2.03397e+0, 0.00000e+0, 4.23836e+2, 0.00000e+0, 4.83109e+2, 0.00000e+0, 2.76494e+1, 0.00000e+0, 2.80711e+1, 0.00000e+0, 3.22740e+0, 0.00000e+0, 2.87369e+0, 0.00000e+0, 2.00000e+1, 0.00000e+0, 5.00000e+0, 0.00000e+0, 3, 4, 
09/01/2024 15:03:40.878, 09/01/2024 15:03:40.823, 4.14252e+0, 0.00000e+0, 9.56136e+1, 0.00000e+0, 1.99786e+0, 0.00000e+0, 1.73985e+4, 0.00000e+0, 4.16770e+2, 0.00000e+0, 2.03324e+0, 0.00000e+0, 4.24149e+2, 0.00000e+0, 4.83109e+2, 0.00000e+0, 2.76508e+1, 0.00000e+0, 2.80777e+1, 0.00000e+0, 3.22924e+0, 0.00000e+0, 2.87392e+0, 0.00000e+0, 2.00000e+1, 0.00000e+0, 5.00000e+0, 0.00000e+0, 3, 4, 
09/01/2024 15:03:41.871, 09/01/2024 15:03:41.818, 4.14254e+0, 0.00000e+0, 9.56168e+1, 0.00000e+0, 1.99771e+0, 0.00000e+0, 1.73248e+4, 0.00000e+0, 4.16317e+2, 0.00000e+0, 2.03293e+0, 0.00000e+0, 4.23657e+2, 0.00000e+0, 4.83100e+2, 0.00000e+0, 2.76537e+1, 0.00000e+0, 2.80818e+1, 0.00000e+0, 3.22817e+0, 0.00000e+0, 2.87371e+0, 0.00000e+0, 2.00000e+1, 0.00000e+0, 5.00000e+0, 0.00000e+0, 3, 5, 
09/01/2024 15:03:42.894, 09/01/2024 15:03:42.812, 4.14246e+0, 0.00000e+0, 9.56036e+1, 0.00000e+0, 2.03726e+0, 0.00000e+0, 1.72728e+4, 0.00000e+0, 4.15624e+2, 0.00000e+0, 2.07307e+0, 0.00000e+0, 4.22929e+2, 0.00000e+0, 4.83006e+2, 0.00000e+0, 2.76560e+1, 0.00000e+0, 2.80810e+1, 0.00000e+0, 3.22869e+0, 0.00000e+0, 2.87354e+0, 0.00000e+0, 2.00000e+1, 0.00000e+0, 5.00000e+0, 0.00000e+0, 3, 5, 
09/01/2024 15:03:43.882, 09/01/2024 15:03:43.807, 4.14240e+0, 0.00000e+0, 9.55953e+1, 0.00000e+0, 2.03715e+0, 0.00000e+0, 1.74675e+4, 0.00000e+0, 4.16064e+2, 0.00000e+0, 2.07337e+0, 0.00000e+0, 4.23461e+2, 0.00000e+0, 4.83080e+2, 0.00000e+0, 2.76573e+1, 0.00000e+0, 2.80798e+1, 0.00000e+0, 3.22792e+0, 0.00000e+0, 2.87365e+0, 0.00000e+0, 2.00000e+1, 0.00000e+0, 5.00000e+0, 0.00000e+0, 3, 5, 
09/01/2024 15:03:44.881, 09/01/2024 15:03:44.801, 4.14235e+0, 0.00000e+0, 9.55878e+1, 0.00000e+0, 2.00137e+0, 0.00000e+0, 1.74302e+4, 0.00000e+0, 4.15915e+2, 0.00000e+0, 2.03687e+0, 0.00000e+0, 4.23294e+2, 0.00000e+0, 4.83049e+2, 0.00000e+0, 2.76590e+1, 0.00000e+0, 2.80777e+1, 0.00000e+0, 3.22798e+0, 0.00000e+0, 2.87370e+0, 0.00000e+0, 2.00000e+1, 0.00000e+0, 5.00000e+0, 0.00000e+0, 3, 6, 
09/01/2024 15:03:45.874, 09/01/2024 15:03:45.795, 4.14261e+0, 0.00000e+0, 9.56262e+1, 0.00000e+0, 2.03793e+0, 0.00000e+0, 1.73576e+4, 0.00000e+0, 4.17537e+2, 0.00000e+0, 2.07393e+0, 0.00000e+0, 4.24913e+2, 0.00000e+0, 4.83121e+2, 0.00000e+0, 2.76603e+1, 0.00000e+0, 2.80755e+1, 0.00000e+0, 3.22707e+0, 0.00000e+0, 2.87398e+0, 0.00000e+0, 2.00000e+1, 0.00000e+0, 5.00000e+0, 0.00000e+0, 3, 6, 
09/01/2024 15:03:46.850, 09/01/2024 15:03:46.790, 4.14238e+0, 0.00000e+0, 9.55916e+1, 0.00000e+0, 2.03861e+0, 0.00000e+0, 1.72941e+4, 0.00000e+0, 4.16008e+2, 0.00000e+0, 2.07449e+0, 0.00000e+0, 4.23330e+2, 0.00000e+0, 4.83043e+2, 0.00000e+0, 2.76620e+1, 0.00000e+0, 2.80757e+1, 0.00000e+0, 3.22856e+0, 0.00000e+0, 2.87337e+0, 0.00000e+0, 2.00000e+1, 0.00000e+0, 5.00000e+0, 0.00000e+0, 3, 6, 
09/01/2024 15:03:47.862, 09/01/2024 15:03:47.784, 4.14248e+0, 0.00000e+0, 9.56069e+1, 0.00000e+0, 2.03984e+0, 0.00000e+0, 1.73040e+4, 0.00000e+0, 4.16605e+2, 0.00000e+0, 2.07576e+0, 0.00000e+0, 4.23941e+2, 0.00000e+0, 4.83161e+2, 0.00000e+0, 2.76649e+1, 0.00000e+0, 2.80740e+1, 0.00000e+0, 3.22655e+0, 0.00000e+0, 2.87346e+0, 0.00000e+0, 2.00000e+1, 0.00000e+0, 5.00000e+0, 0.00000e+0, 3, 7, 
09/01/2024 15:03:48.854, 09/01/2024 15:03:48.779, 4.14245e+0, 0.00000e+0, 9.56021e+1, 0.00000e+0, 2.00176e+0, 0.00000e+0, 1.73719e+4, 0.00000e+0, 4.16424e+2, 0.00000e+0, 2.03715e+0, 0.00000e+0, 4.23786e+2, 0.00000e+0, 4.83096e+2, 0.00000e+0, 2.76659e+1, 0.00000e+0, 2.80749e+1, 0.00000e+0, 3.22704e+0, 0.00000e+0, 2.87394e+0, 0.00000e+0, 2.00000e+1, 0.00000e+0, 5.00000e+0, 0.00000e+0, 3, 7, 
09/01/2024 15:03:49.861, 09/01/2024 15:03:49.773, 4.14258e+0, 0.00000e+0, 9.56220e+1, 0.00000e+0, 2.03801e+0, 0.00000e+0, 1.74806e+4, 0.00000e+0, 4.17278e+2, 0.00000e+0, 2.07427e+0, 0.00000e+0, 4.24702e+2, 0.00000e+0, 4.83094e+2, 0.00000e+0, 2.76671e+1, 0.00000e+0, 2.80797e+1, 0.00000e+0, 3.22661e+0, 0.00000e+0, 2.87339e+0, 0.00000e+0, 2.00000e+1, 0.00000e+0, 5.00000e+0, 0.00000e+0, 3, 7, 
09/01/2024 15:03:50.835, 09/01/2024 15:03:50.769, 4.14264e+0, 0.00000e+0, 9.56304e+1, 0.00000e+0, 2.04218e+0, 0.00000e+0, 1.73056e+4, 0.00000e+0, 4.15404e+2, 0.00000e+0, 2.07814e+0, 0.00000e+0, 4.22719e+2, 0.00000e+0, 4.83116e+2, 0.00000e+0, 2.76685e+1, 0.00000e+0, 2.80906e+1, 0.00000e+0, 3.22801e+0, 0.00000e+0, 2.87431e+0, 0.00000e+0, 2.00000e+1, 0.00000e+0, 5.00000e+0, 0.00000e+0, 3, 8, 
09/01/2024 15:03:51.818, 09/01/2024 15:03:51.764, 4.14246e+0, 0.00000e+0, 9.56040e+1, 0.00000e+0, 2.03923e+0, 0.00000e+0, 1.72865e+4, 0.00000e+0, 4.17333e+2, 0.00000e+0, 2.07510e+0, 0.00000e+0, 4.24674e+2, 0.00000e+0, 4.83151e+2, 0.00000e+0, 2.76701e+1, 0.00000e+0, 2.80984e+1, 0.00000e+0, 3.22806e+0, 0.00000e+0, 2.87300e+0, 0.00000e+0, 2.00000e+1, 0.00000e+0, 5.00000e+0, 0.00000e+0, 3, 8, 
09/01/2024 15:03:52.835, 09/01/2024 15:03:52.758, 4.14261e+0, 0.00000e+0, 9.56267e+1, 0.00000e+0, 2.00279e+0, 0.00000e+0, 1.75222e+4, 0.00000e+0, 4.16144e+2, 0.00000e+0, 2.03850e+0, 0.00000e+0, 4.23566e+2, 0.00000e+0, 4.83178e+2, 0.00000e+0, 2.76720e+1, 0.00000e+0, 2.80975e+1, 0.00000e+0, 3.22602e+0, 0.00000e+0, 2.87510e+0, 0.00000e+0, 2.00000e+1, 0.00000e+0, 5.00000e+0, 0.00000e+0, 3, 8, 
09/01/2024 15:03:53.833, 09/01/2024 15:03:53.752, 4.14264e+0, 0.00000e+0, 9.56304e+1, 0.00000e+0, 1.99968e+0, 0.00000e+0, 1.73655e+4, 0.00000e+0, 4.16534e+2, 0.00000e+0, 2.03502e+0, 0.00000e+0, 4.23895e+2, 0.00000e+0, 4.83205e+2, 0.00000e+0, 2.76743e+1, 0.00000e+0, 2.80999e+1, 0.00000e+0, 3.22961e+0, 0.00000e+0, 2.87325e+0, 0.00000e+0, 2.00000e+1, 0.00000e+0, 5.00000e+0, 0.00000e+0, 3, 1, 
09/01/2024 15:03:54.832, 09/01/2024 15:03:54.746, 4.14253e+0, 0.00000e+0, 9.56146e+1, 0.00000e+0, 2.03912e+0, 0.00000e+0, 1.73919e+4, 0.00000e+0, 4.14832e+2, 0.00000e+0, 2.07521e+0, 0.00000e+0, 4.22175e+2, 0.00000e+0, 4.83112e+2, 0.00000e+0, 2.76757e+1, 0.00000e+0, 2.81105e+1, 0.00000e+0, 3.22598e+0, 0.00000e+0, 2.87457e+0, 0.00000e+0, 2.00000e+1, 0.00000e+0, 5.00000e+0, 0.00000e+0, 3, 1, 
09/01/2024 15:03:55.820, 09/01/2024 15:03:55.742, 4.14259e+0, 0.00000e+0, 9.56232e+1, 0.00000e+0, 2.00131e+0, 0.00000e+0, 1.72583e+4, 0.00000e+0, 4.16613e+2, 0.00000e+0, 2.03645e+0, 0.00000e+0, 4.23930e+2, 0.00000e+0, 4.83163e+2, 0.00000e+0, 2.76780e+1, 0.00000e+0, 2.81194e+1, 0.00000e+0, 3.22786e+0, 0.00000e+0, 2.87363e+0, 0.00000e+0, 2.00000e+1, 0.00000e+0, 5.00000e+0, 0.00000e+0, 3, 1, 
09/01/2024 15:03:56.816, 09/01/2024 15:03:56.735, 4.14261e+0, 0.00000e+0, 9.56269e+1, 0.00000e+0, 2.04093e+0, 0.00000e+0, 1.72091e+4, 0.00000e+0, 4.15726e+2, 0.00000e+0, 2.07667e+0, 0.00000e+0, 4.23005e+2, 0.00000e+0, 4.83197e+2, 0.00000e+0, 2.76778e+1, 0.00000e+0, 2.81189e+1, 0.00000e+0, 3.22730e+0, 0.00000e+0, 2.87512e+0, 0.00000e+0, 2.00000e+1, 0.00000e+0, 5.00000e+0, 0.00000e+0, 3, 2, 
09/01/2024 15:03:57.814, 09/01/2024 15:03:57.730, 4.14258e+0, 0.00000e+0, 9.56226e+1, 0.00000e+0, 2.00052e+0, 0.00000e+0, 1.73688e+4, 0.00000e+0, 4.16295e+2, 0.00000e+0, 2.03588e+0, 0.00000e+0, 4.23653e+2, 0.00000e+0, 4.83195e+2, 0.00000e+0, 2.76790e+1, 0.00000e+0, 2.81193e+1, 0.00000e+0, 3.22702e+0, 0.00000e+0, 2.87391e+0, 0.00000e+0, 2.00000e+1, 0.00000e+0, 5.00000e+0, 0.00000e+0, 3, 2, 
09/01/2024 15:03:58.803, 09/01/2024 15:03:58.725, 4.14264e+0, 0.00000e+0, 9.56316e+1, 0.00000e+0, 2.04091e+0, 0.00000e+0, 1.72186e+4, 0.00000e+0, 4.16816e+2, 0.00000e+0, 2.07667e+0, 0.00000e+0, 4.24119e+2, 0.00000e+0, 4.83198e+2, 0.00000e+0, 2.76809e+1, 0.00000e+0, 2.81169e+1, 0.00000e+0, 3.22775e+0, 0.00000e+0, 2.87468e+0, 0.00000e+0, 2.00000e+1, 0.00000e+0, 5.00000e+0, 0.00000e+0, 3, 2, 
09/01/2024 15:03:59.779, 09/01/2024 15:03:59.719, 4.14248e+0, 0.00000e+0, 9.56078e+1, 0.00000e+0, 2.03705e+0, 0.00000e+0, 1.74972e+4, 0.00000e+0, 4.16586e+2, 0.00000e+0, 2.07333e+0, 0.00000e+0, 4.24005e+2, 0.00000e+0, 4.83229e+2, 0.00000e+0, 2.76822e+1, 0.00000e+0, 2.81215e+1, 0.00000e+0, 3.22853e+0, 0.00000e+0, 2.87448e+0, 0.00000e+0, 2.00000e+1, 0.00000e+0, 5.00000e+0, 0.00000e+0, 3, 3, 
09/01/2024 15:04:00.795, 09/01/2024 15:04:00.714, 4.14240e+0, 0.00000e+0, 9.55954e+1, 0.00000e+0, 2.00501e+0, 0.00000e+0, 1.75318e+4, 0.00000e+0, 4.16585e+2, 0.00000e+0, 2.04079e+0, 0.00000e+0, 4.24019e+2, 0.00000e+0, 4.83238e+2, 0.00000e+0, 2.76840e+1, 0.00000e+0, 2.81224e+1, 0.00000e+0, 3.22868e+0, 0.00000e+0, 2.87377e+0, 0.00000e+0, 2.00000e+1, 0.00000e+0, 5.00000e+0, 0.00000e+0, 3, 3, 
09/01/2024 15:04:01.788, 09/01/2024 15:04:01.710, 4.14261e+0, 0.00000e+0, 9.56266e+1, 0.00000e+0, 2.03923e+0, 0.00000e+0, 1.73490e+4, 0.00000e+0, 4.16510e+2, 0.00000e+0, 2.07523e+0, 0.00000e+0, 4.23863e+2, 0.00000e+0, 4.83219e+2, 0.00000e+0, 2.76865e+1, 0.00000e+0, 2.81290e+1, 0.00000e+0, 3.22905e+0, 0.00000e+0, 2.87405e+0, 0.00000e+0, 2.00000e+1, 0.00000e+0, 5.00000e+0, 0.00000e+0, 3, 3, 
09/01/2024 15:04:02.786, 09/01/2024 15:04:02.703, 4.14272e+0, 0.00000e+0, 9.56436e+1, 0.00000e+0, 1.99884e+0, 0.00000e+0, 1.74022e+4, 0.00000e+0, 4.15530e+2, 0.00000e+0, 2.03424e+0, 0.00000e+0, 4.22889e+2, 0.00000e+0, 4.83193e+2, 0.00000e+0, 2.76871e+1, 0.00000e+0, 2.81338e+1, 0.00000e+0, 3.22842e+0, 0.00000e+0, 2.87315e+0, 0.00000e+0, 2.00000e+1, 0.00000e+0, 5.00000e+0, 0.00000e+0, 3, 4, 
09/01/2024 15:04:03.775, 09/01/2024 15:04:03.698, 4.14264e+0, 0.00000e+0, 9.56313e+1, 0.00000e+0, 2.03433e+0, 0.00000e+0, 1.75002e+4, 0.00000e+0, 4.15951e+2, 0.00000e+0, 2.07057e+0, 0.00000e+0, 4.23360e+2, 0.00000e+0, 4.83260e+2, 0.00000e+0, 2.76892e+1, 0.00000e+0, 2.81356e+1, 0.00000e+0, 3.22894e+0, 0.00000e+0, 2.87554e+0, 0.00000e+0, 2.00000e+1, 0.00000e+0, 5.00000e+0, 0.00000e+0, 3, 4, 
09/01/2024 15:04:04.769, 09/01/2024 15:04:04.692, 4.14249e+0, 0.00000e+0, 9.56089e+1, 0.00000e+0, 2.00450e+0, 0.00000e+0, 1.75381e+4, 0.00000e+0, 4.18246e+2, 0.00000e+0, 2.04028e+0, 0.00000e+0, 4.25712e+2, 0.00000e+0, 4.83204e+2, 0.00000e+0, 2.76921e+1, 0.00000e+0, 2.81448e+1, 0.00000e+0, 3.22804e+0, 0.00000e+0, 2.87248e+0, 0.00000e+0, 2.00000e+1, 0.00000e+0, 5.00000e+0, 0.00000e+0, 3, 4, 
09/01/2024 15:04:05.742, 09/01/2024 15:04:05.686, 4.14252e+0, 0.00000e+0, 9.56127e+1, 0.00000e+0, 1.99952e+0, 0.00000e+0, 1.72259e+4, 0.00000e+0, 4.16366e+2, 0.00000e+0, 2.03457e+0, 0.00000e+0, 4.23664e+2, 0.00000e+0, 4.83353e+2, 0.00000e+0, 2.76938e+1, 0.00000e+0, 2.81484e+1, 0.00000e+0, 3.22910e+0, 0.00000e+0, 2.87412e+0, 0.00000e+0, 2.00000e+1, 0.00000e+0, 5.00000e+0, 0.00000e+0, 3, 5, 
09/01/2024 15:04:06.732, 09/01/2024 15:04:06.681, 4.14252e+0, 0.00000e+0, 9.56127e+1, 0.00000e+0, 2.00252e+0, 0.00000e+0, 1.74435e+4, 0.00000e+0, 4.17540e+2, 0.00000e+0, 2.03807e+0, 0.00000e+0, 4.24953e+2, 0.00000e+0, 4.83205e+2, 0.00000e+0, 2.76959e+1, 0.00000e+0, 2.81563e+1, 0.00000e+0, 3.22723e+0, 0.00000e+0, 2.87259e+0, 0.00000e+0, 2.00000e+1, 0.00000e+0, 5.00000e+0, 0.00000e+0, 3, 5, 
09/01/2024 15:04:07.756, 09/01/2024 15:04:07.676, 4.14260e+0, 0.00000e+0, 9.56245e+1, 0.00000e+0, 2.03815e+0, 0.00000e+0, 1.72475e+4, 0.00000e+0, 4.17159e+2, 0.00000e+0, 2.07392e+0, 0.00000e+0, 4.24481e+2, 0.00000e+0, 4.83323e+2, 0.00000e+0, 2.76972e+1, 0.00000e+0, 2.81652e+1, 0.00000e+0, 3.22947e+0, 0.00000e+0, 2.87308e+0, 0.00000e+0, 2.00000e+1, 0.00000e+0, 5.00000e+0, 0.00000e+0, 3, 5, 
09/01/2024 15:04:08.758, 09/01/2024 15:04:08.670, 4.14275e+0, 0.00000e+0, 9.56467e+1, 0.00000e+0, 2.00109e+0, 0.00000e+0, 1.72227e+4, 0.00000e+0, 4.17758e+2, 0.00000e+0, 2.03616e+0, 0.00000e+0, 4.25079e+2, 0.00000e+0, 4.83331e+2, 0.00000e+0, 2.76994e+1, 0.00000e+0, 2.81702e+1, 0.00000e+0, 3.22847e+0, 0.00000e+0, 2.87262e+0, 0.00000e+0, 2.00000e+1, 0.00000e+0, 5.00000e+0, 0.00000e+0, 3, 6, 
09/01/2024 15:04:09.726, 09/01/2024 15:04:09.664, 4.14279e+0, 0.00000e+0, 9.56527e+1, 0.00000e+0, 1.99788e+0, 0.00000e+0, 1.73073e+4, 0.00000e+0, 4.17426e+2, 0.00000e+0, 2.03307e+0, 0.00000e+0, 4.24777e+2, 0.00000e+0, 4.83373e+2, 0.00000e+0, 2.77020e+1, 0.00000e+0, 2.81746e+1, 0.00000e+0, 3.23005e+0, 0.00000e+0, 2.87230e+0, 0.00000e+0, 2.00000e+1, 0.00000e+0, 5.00000e+0, 0.00000e+0, 3, 6, 
09/01/2024 15:04:10.739, 09/01/2024 15:04:10.659, 4.14270e+0, 0.00000e+0, 9.56391e+1, 0.00000e+0, 2.03790e+0, 0.00000e+0, 1.73537e+4, 0.00000e+0, 4.17425e+2, 0.00000e+0, 2.07389e+0, 0.00000e+0, 4.24797e+2, 0.00000e+0, 4.83339e+2, 0.00000e+0, 2.77039e+1, 0.00000e+0, 2.81777e+1, 0.00000e+0, 3.22899e+0, 0.00000e+0, 2.87258e+0, 0.00000e+0, 2.00000e+1, 0.00000e+0, 5.00000e+0, 0.00000e+0, 3, 6, 
09/01/2024 15:04:11.731, 09/01/2024 15:04:11.653, 4.14257e+0, 0.00000e+0, 9.56212e+1, 0.00000e+0, 2.00053e+0, 0.00000e+0, 1.72548e+4, 0.00000e+0, 4.16271e+2, 0.00000e+0, 2.03565e+0, 0.00000e+0, 4.23580e+2, 0.00000e+0, 4.83364e+2, 0.00000e+0, 2.77063e+1, 0.00000e+0, 2.81801e+1, 0.00000e+0, 3.22928e+0, 0.00000e+0, 2.87236e+0, 0.00000e+0, 2.00000e+1, 0.00000e+0, 5.00000e+0, 0.00000e+0, 3, 7, 
09/01/2024 15:04:12.731, 09/01/2024 15:04:12.648, 4.14253e+0, 0.00000e+0, 9.56140e+1, 0.00000e+0, 2.04055e+0, 0.00000e+0, 1.74723e+4, 0.00000e+0, 4.16850e+2, 0.00000e+0, 2.07684e+0, 0.00000e+0, 4.24263e+2, 0.00000e+0, 4.83331e+2, 0.00000e+0, 2.77075e+1, 0.00000e+0, 2.81817e+1, 0.00000e+0, 3.22827e+0, 0.00000e+0, 2.87309e+0, 0.00000e+0, 2.00000e+1, 0.00000e+0, 5.00000e+0, 0.00000e+0, 3, 7, 
09/01/2024 15:04:13.717, 09/01/2024 15:04:13.642, 4.14284e+0, 0.00000e+0, 9.56607e+1, 0.00000e+0, 2.00062e+0, 0.00000e+0, 1.74323e+4, 0.00000e+0, 4.16429e+2, 0.00000e+0, 2.03611e+0, 0.00000e+0, 4.23818e+2, 0.00000e+0, 4.83286e+2, 0.00000e+0, 2.77088e+1, 0.00000e+0, 2.81838e+1, 0.00000e+0, 3.22876e+0, 0.00000e+0, 2.87282e+0, 0.00000e+0, 2.00000e+1, 0.00000e+0, 5.00000e+0, 0.00000e+0, 3, 7, 
09/01/2024 15:04:14.723, 09/01/2024 15:04:14.637, 4.14250e+0, 0.00000e+0, 9.56096e+1, 0.00000e+0, 2.03670e+0, 0.00000e+0, 1.72593e+4, 0.00000e+0, 4.17741e+2, 0.00000e+0, 2.07247e+0, 0.00000e+0, 4.25077e+2, 0.00000e+0, 4.83377e+2, 0.00000e+0, 2.77099e+1, 0.00000e+0, 2.81871e+1, 0.00000e+0, 3.22880e+0, 0.00000e+0, 2.87149e+0, 0.00000e+0, 2.00000e+1, 0.00000e+0, 5.00000e+0, 0.00000e+0, 3, 8, 
09/01/2024 15:04:15.714, 09/01/2024 15:04:15.631, 4.14269e+0, 0.00000e+0, 9.56389e+1, 0.00000e+0, 2.03892e+0, 0.00000e+0, 1.74407e+4, 0.00000e+0, 4.16596e+2, 0.00000e+0, 2.07511e+0, 0.00000e+0, 4.23991e+2, 0.00000e+0, 4.83360e+2, 0.00000e+0, 2.77113e+1, 0.00000e+0, 2.81907e+1, 0.00000e+0, 3.22897e+0, 0.00000e+0, 2.87358e+0, 0.00000e+0, 2.00000e+1, 0.00000e+0, 5.00000e+0, 0.00000e+0, 3, 8, 
09/01/2024 15:04:16.685, 09/01/2024 15:04:16.626, 4.14245e+0, 0.00000e+0, 9.56028e+1, 0.00000e+0, 2.03690e+0, 0.00000e+0, 1.73982e+4, 0.00000e+0, 4.17451e+2, 0.00000e+0, 2.07297e+0, 0.00000e+0, 4.24842e+2, 0.00000e+0, 4.83439e+2, 0.00000e+0, 2.77127e+1, 0.00000e+0, 2.81987e+1, 0.00000e+0, 3.22950e+0, 0.00000e+0, 2.87240e+0, 0.00000e+0, 2.00000e+1, 0.00000e+0, 5.00000e+0, 0.00000e+0, 3, 8, 
09/01/2024 15:04:17.695, 09/01/2024 15:04:17.621, 4.14268e+0, 0.00000e+0, 9.56371e+1, 0.00000e+0, 2.00386e+0, 0.00000e+0, 1.73636e+4, 0.00000e+0, 4.17334e+2, 0.00000e+0, 2.03927e+0, 0.00000e+0, 4.24709e+2, 0.00000e+0, 4.83311e+2, 0.00000e+0, 2.77145e+1, 0.00000e+0, 2.82084e+1, 0.00000e+0, 3.22852e+0, 0.00000e+0, 2.87272e+0, 0.00000e+0, 2.00000e+1, 0.00000e+0, 5.00000e+0, 0.00000e+0, 3, 1, 
09/01/2024 15:04:18.674, 09/01/2024 15:04:18.615, 4.14256e+0, 0.00000e+0, 9.56195e+1, 0.00000e+0, 2.00046e+0, 0.00000e+0, 1.72427e+4, 0.00000e+0, 4.16998e+2, 0.00000e+0, 2.03555e+0, 0.00000e+0, 4.24315e+2, 0.00000e+0, 4.83308e+2, 0.00000e+0, 2.77161e+1, 0.00000e+0, 2.82116e+1, 0.00000e+0, 3.22840e+0, 0.00000e+0, 2.87411e+0, 0.00000e+0, 2.00000e+1, 0.00000e+0, 5.00000e+0, 0.00000e+0, 3, 1, 
09/01/2024 15:04:19.676, 09/01/2024 15:04:19.610, 4.14233e+0, 0.00000e+0, 9.55854e+1, 0.00000e+0, 1.99791e+0, 0.00000e+0, 1.73965e+4, 0.00000e+0, 4.16401e+2, 0.00000e+0, 2.03328e+0, 0.00000e+0, 4.23773e+2, 0.00000e+0, 4.83272e+2, 0.00000e+0, 2.77180e+1, 0.00000e+0, 2.82152e+1, 0.00000e+0, 3.22838e+0, 0.00000e+0, 2.87405e+0, 0.00000e+0, 2.00000e+1, 0.00000e+0, 5.00000e+0, 0.00000e+0, 3, 1, 
09/01/2024 15:04:20.663, 09/01/2024 15:04:20.604, 4.14253e+0, 0.00000e+0, 9.56144e+1, 0.00000e+0, 1.99730e+0, 0.00000e+0, 1.71354e+4, 0.00000e+0, 4.17789e+2, 0.00000e+0, 2.03213e+0, 0.00000e+0, 4.25073e+2, 0.00000e+0, 4.83470e+2, 0.00000e+0, 2.77190e+1, 0.00000e+0, 2.82190e+1, 0.00000e+0, 3.22822e+0, 0.00000e+0, 2.87315e+0, 0.00000e+0, 2.00000e+1, 0.00000e+0, 5.00000e+0, 0.00000e+0, 3, 2, 
09/01/2024 15:04:21.665, 09/01/2024 15:04:21.607, 4.14265e+0, 0.00000e+0, 9.56319e+1, 0.00000e+0, 2.00228e+0, 0.00000e+0, 1.71204e+4, 0.00000e+0, 4.17555e+2, 0.00000e+0, 2.03716e+0, 0.00000e+0, 4.24828e+2, 0.00000e+0, 4.83499e+2, 0.00000e+0, 2.77224e+1, 0.00000e+0, 2.82256e+1, 0.00000e+0, 3.22677e+0, 0.00000e+0, 2.87481e+0, 0.00000e+0, 2.00000e+1, 0.00000e+0, 5.00000e+0, 0.00000e+0, 3, 2, 
09/01/2024 15:04:22.659, 09/01/2024 15:04:22.601, 4.14265e+0, 0.00000e+0, 9.56318e+1, 0.00000e+0, 2.00053e+0, 0.00000e+0, 1.69895e+4, 0.00000e+0, 4.18214e+2, 0.00000e+0, 2.03510e+0, 0.00000e+0, 4.25442e+2, 0.00000e+0, 4.83447e+2, 0.00000e+0, 2.77234e+1, 0.00000e+0, 2.82344e+1, 0.00000e+0, 3.22748e+0, 0.00000e+0, 2.87351e+0, 0.00000e+0, 2.00000e+1, 0.00000e+0, 5.00000e+0, 0.00000e+0, 3, 2, 
09/01/2024 15:04:23.668, 09/01/2024 15:04:23.594, 4.14261e+0, 0.00000e+0, 9.56272e+1, 0.00000e+0, 2.03889e+0, 0.00000e+0, 1.71989e+4, 0.00000e+0, 4.16576e+2, 0.00000e+0, 2.07457e+0, 0.00000e+0, 4.23866e+2, 0.00000e+0, 4.83419e+2, 0.00000e+0, 2.77255e+1, 0.00000e+0, 2.82368e+1, 0.00000e+0, 3.22975e+0, 0.00000e+0, 2.87317e+0, 0.00000e+0, 2.00000e+1, 0.00000e+0, 5.00000e+0, 0.00000e+0, 3, 3, 
09/01/2024 15:04:24.677, 09/01/2024 15:04:24.589, 4.14257e+0, 0.00000e+0, 9.56199e+1, 0.00000e+0, 2.00301e+0, 0.00000e+0, 1.71972e+4, 0.00000e+0, 4.17383e+2, 0.00000e+0, 2.03806e+0, 0.00000e+0, 4.24686e+2, 0.00000e+0, 4.83452e+2, 0.00000e+0, 2.77270e+1, 0.00000e+0, 2.82343e+1, 0.00000e+0, 3.22776e+0, 0.00000e+0, 2.87536e+0, 0.00000e+0, 2.00000e+1, 0.00000e+0, 5.00000e+0, 0.00000e+0, 3, 3, 
09/01/2024 15:04:25.661, 09/01/2024 15:04:25.584, 4.14260e+0, 0.00000e+0, 9.56252e+1, 0.00000e+0, 1.99851e+0, 0.00000e+0, 1.72541e+4, 0.00000e+0, 4.18190e+2, 0.00000e+0, 2.03360e+0, 0.00000e+0, 4.25532e+2, 0.00000e+0, 4.83399e+2, 0.00000e+0, 2.77306e+1, 0.00000e+0, 2.82416e+1, 0.00000e+0, 3.23016e+0, 0.00000e+0, 2.87472e+0, 0.00000e+0, 2.00000e+1, 0.00000e+0, 5.00000e+0, 0.00000e+0, 3, 3, 
09/01/2024 15:04:26.664, 09/01/2024 15:04:26.578, 4.14256e+0, 0.00000e+0, 9.56184e+1, 0.00000e+0, 2.03960e+0, 0.00000e+0, 1.72379e+4, 0.00000e+0, 4.16926e+2, 0.00000e+0, 2.07537e+0, 0.00000e+0, 4.24239e+2, 0.00000e+0, 4.83408e+2, 0.00000e+0, 2.77313e+1, 0.00000e+0, 2.82467e+1, 0.00000e+0, 3.22900e+0, 0.00000e+0, 2.87402e+0, 0.00000e+0, 2.00000e+1, 0.00000e+0, 5.00000e+0, 0.00000e+0, 3, 4, 
09/01/2024 15:04:27.652, 09/01/2024 15:04:27.573, 4.14245e+0, 0.00000e+0, 9.56033e+1, 0.00000e+0, 2.00086e+0, 0.00000e+0, 1.69657e+4, 0.00000e+0, 4.16003e+2, 0.00000e+0, 2.03539e+0, 0.00000e+0, 4.23182e+2, 0.00000e+0, 4.83429e+2, 0.00000e+0, 2.77328e+1, 0.00000e+0, 2.82558e+1, 0.00000e+0, 3.22944e+0, 0.00000e+0, 2.87541e+0, 0.00000e+0, 2.00000e+1, 0.00000e+0, 5.00000e+0, 0.00000e+0, 3, 4, 
09/01/2024 15:04:28.628, 09/01/2024 15:04:28.567, 4.14249e+0, 0.00000e+0, 9.56091e+1, 0.00000e+0, 2.00002e+0, 0.00000e+0, 1.73185e+4, 0.00000e+0, 4.18895e+2, 0.00000e+0, 2.03526e+0, 0.00000e+0, 4.26277e+2, 0.00000e+0, 4.83505e+2, 0.00000e+0, 2.77348e+1, 0.00000e+0, 2.82593e+1, 0.00000e+0, 3.22977e+0, 0.00000e+0, 2.87313e+0, 0.00000e+0, 2.00000e+1, 0.00000e+0, 5.00000e+0, 0.00000e+0, 3, 4, 
09/01/2024 15:04:29.642, 09/01/2024 15:04:29.563, 4.14263e+0, 0.00000e+0, 9.56298e+1, 0.00000e+0, 2.00143e+0, 0.00000e+0, 1.70414e+4, 0.00000e+0, 4.16864e+2, 0.00000e+0, 2.03613e+0, 0.00000e+0, 4.24091e+2, 0.00000e+0, 4.83501e+2, 0.00000e+0, 2.77370e+1, 0.00000e+0, 2.82650e+1, 0.00000e+0, 3.22945e+0, 0.00000e+0, 2.87458e+0, 0.00000e+0, 2.00000e+1, 0.00000e+0, 5.00000e+0, 0.00000e+0, 3, 5, 
09/01/2024 15:04:30.616, 09/01/2024 15:04:30.557, 4.14267e+0, 0.00000e+0, 9.56348e+1, 0.00000e+0, 1.99950e+0, 0.00000e+0, 1.70170e+4, 0.00000e+0, 4.19140e+2, 0.00000e+0, 2.03411e+0, 0.00000e+0, 4.26396e+2, 0.00000e+0, 4.83408e+2, 0.00000e+0, 2.77389e+1, 0.00000e+0, 2.82696e+1, 0.00000e+0, 3.23018e+0, 0.00000e+0, 2.87321e+0, 0.00000e+0, 2.00000e+1, 0.00000e+0, 5.00000e+0, 0.00000e+0, 3, 5, 
09/01/2024 15:04:31.627, 09/01/2024 15:04:31.551, 4.14282e+0, 0.00000e+0, 9.56576e+1, 0.00000e+0, 2.03250e+0, 0.00000e+0, 1.72103e+4, 0.00000e+0, 4.17919e+2, 0.00000e+0, 2.06809e+0, 0.00000e+0, 4.25237e+2, 0.00000e+0, 4.83612e+2, 0.00000e+0, 2.77406e+1, 0.00000e+0, 2.82774e+1, 0.00000e+0, 3.22932e+0, 0.00000e+0, 2.87315e+0, 0.00000e+0, 2.00000e+1, 0.00000e+0, 5.00000e+0, 0.00000e+0, 3, 5, 
09/01/2024 15:04:32.626, 09/01/2024 15:04:32.547, 4.14274e+0, 0.00000e+0, 9.56455e+1, 0.00000e+0, 2.03732e+0, 0.00000e+0, 1.69447e+4, 0.00000e+0, 4.17187e+2, 0.00000e+0, 2.07243e+0, 0.00000e+0, 4.24378e+2, 0.00000e+0, 4.83494e+2, 0.00000e+0, 2.77422e+1, 0.00000e+0, 2.82869e+1, 0.00000e+0, 3.23154e+0, 0.00000e+0, 2.87262e+0, 0.00000e+0, 2.00000e+1, 0.00000e+0, 5.00000e+0, 0.00000e+0, 3, 6, 
09/01/2024 15:04:33.617, 09/01/2024 15:04:33.540, 4.14262e+0, 0.00000e+0, 9.56286e+1, 0.00000e+0, 2.00118e+0, 0.00000e+0, 1.70547e+4, 0.00000e+0, 4.18533e+2, 0.00000e+0, 2.03590e+0, 0.00000e+0, 4.25795e+2, 0.00000e+0, 4.83523e+2, 0.00000e+0, 2.77450e+1, 0.00000e+0, 2.82952e+1, 0.00000e+0, 3.23022e+0, 0.00000e+0, 2.87197e+0, 0.00000e+0, 2.00000e+1, 0.00000e+0, 5.00000e+0, 0.00000e+0, 3, 6, 
09/01/2024 15:04:34.614, 09/01/2024 15:04:34.535, 4.14261e+0, 0.00000e+0, 9.56265e+1, 0.00000e+0, 1.99775e+0, 0.00000e+0, 1.70928e+4, 0.00000e+0, 4.19069e+2, 0.00000e+0, 2.03249e+0, 0.00000e+0, 4.26356e+2, 0.00000e+0, 4.83472e+2, 0.00000e+0, 2.77480e+1, 0.00000e+0, 2.83046e+1, 0.00000e+0, 3.22961e+0, 0.00000e+0, 2.87333e+0, 0.00000e+0, 2.00000e+1, 0.00000e+0, 5.00000e+0, 0.00000e+0, 3, 6, 
09/01/2024 15:04:35.586, 09/01/2024 15:04:35.529, 4.14270e+0, 0.00000e+0, 9.56403e+1, 0.00000e+0, 1.99894e+0, 0.00000e+0, 1.69186e+4, 0.00000e+0, 4.16060e+2, 0.00000e+0, 2.03334e+0, 0.00000e+0, 4.23220e+2, 0.00000e+0, 4.83505e+2, 0.00000e+0, 2.77515e+1, 0.00000e+0, 2.83093e+1, 0.00000e+0, 3.23147e+0, 0.00000e+0, 2.87387e+0, 0.00000e+0, 2.00000e+1, 0.00000e+0, 5.00000e+0, 0.00000e+0, 3, 7, 
09/01/2024 15:04:36.583, 09/01/2024 15:04:36.524, 4.14262e+0, 0.00000e+0, 9.56283e+1, 0.00000e+0, 1.99923e+0, 0.00000e+0, 1.68714e+4, 0.00000e+0, 4.18405e+2, 0.00000e+0, 2.03354e+0, 0.00000e+0, 4.25585e+2, 0.00000e+0, 4.83565e+2, 0.00000e+0, 2.77538e+1, 0.00000e+0, 2.83081e+1, 0.00000e+0, 3.23147e+0, 0.00000e+0, 2.87239e+0, 0.00000e+0, 2.00000e+1, 0.00000e+0, 5.00000e+0, 0.00000e+0, 3, 7, 
09/01/2024 15:04:37.576, 09/01/2024 15:04:37.518, 4.14290e+0, 0.00000e+0, 9.56697e+1, 0.00000e+0, 1.99983e+0, 0.00000e+0, 1.69973e+4, 0.00000e+0, 4.17827e+2, 0.00000e+0, 2.03441e+0, 0.00000e+0, 4.25051e+2, 0.00000e+0, 4.83556e+2, 0.00000e+0, 2.77554e+1, 0.00000e+0, 2.83085e+1, 0.00000e+0, 3.23043e+0, 0.00000e+0, 2.87373e+0, 0.00000e+0, 2.00000e+1, 0.00000e+0, 5.00000e+0, 0.00000e+0, 3, 7, 
09/01/2024 15:04:38.594, 09/01/2024 15:04:38.512, 4.14278e+0, 0.00000e+0, 9.56519e+1, 0.00000e+0, 1.99624e+0, 0.00000e+0, 1.68250e+4, 0.00000e+0, 4.17463e+2, 0.00000e+0, 2.03040e+0, 0.00000e+0, 4.24607e+2, 0.00000e+0, 4.83460e+2, 0.00000e+0, 2.77572e+1, 0.00000e+0, 2.83094e+1, 0.00000e+0, 3.23049e+0, 0.00000e+0, 2.87246e+0, 0.00000e+0, 2.00000e+1, 0.00000e+0, 5.00000e+0, 0.00000e+0, 3, 8, 
09/01/2024 15:04:39.594, 09/01/2024 15:04:39.507, 4.14245e+0, 0.00000e+0, 9.56023e+1, 0.00000e+0, 2.00053e+0, 0.00000e+0, 1.71504e+4, 0.00000e+0, 4.17061e+2, 0.00000e+0, 2.03544e+0, 0.00000e+0, 4.24339e+2, 0.00000e+0, 4.83511e+2, 0.00000e+0, 2.77585e+1, 0.00000e+0, 2.83101e+1, 0.00000e+0, 3.23029e+0, 0.00000e+0, 2.87441e+0, 0.00000e+0, 2.00000e+1, 0.00000e+0, 5.00000e+0, 0.00000e+0, 3, 8, 
09/01/2024 15:04:40.571, 09/01/2024 15:04:40.502, 4.14158e+0, 0.00000e+0, 9.54732e+1, 0.00000e+0, 1.99952e+0, 0.00000e+0, 1.70125e+4, 0.00000e+0, 4.18542e+2, 0.00000e+0, 2.03413e+0, 0.00000e+0, 4.25786e+2, 0.00000e+0, 4.83199e+2, 0.00000e+0, 2.77592e+1, 0.00000e+0, 2.83097e+1, 0.00000e+0, 3.22993e+0, 0.00000e+0, 2.87361e+0, 0.00000e+0, 2.00000e+1, 0.00000e+0, 5.00000e+0, 0.00000e+0, 3, 8, 
09/01/2024 15:04:41.580, 09/01/2024 15:04:41.496, 4.14068e+0, 0.00000e+0, 9.53394e+1, 0.00000e+0, 2.00179e+0, 0.00000e+0, 1.69404e+4, 0.00000e+0, 4.18658e+2, 0.00000e+0, 2.03628e+0, 0.00000e+0, 4.25872e+2, 0.00000e+0, 4.83004e+2, 0.00000e+0, 2.77599e+1, 0.00000e+0, 2.83049e+1, 0.00000e+0, 3.23023e+0, 0.00000e+0, 2.87308e+0, 0.00000e+0, 2.00000e+1, 0.00000e+0, 5.00000e+0, 0.00000e+0, 3, 1, 
09/01/2024 15:04:42.547, 09/01/2024 15:04:42.491, 4.14048e+0, 0.00000e+0, 9.53090e+1, 0.00000e+0, 2.00027e+0, 0.00000e+0, 1.67879e+4, 0.00000e+0, 4.18897e+2, 0.00000e+0, 2.03442e+0, 0.00000e+0, 4.26049e+2, 0.00000e+0, 4.82988e+2, 0.00000e+0, 2.77613e+1, 0.00000e+0, 2.83031e+1, 0.00000e+0, 3.22800e+0, 0.00000e+0, 2.87286e+0, 0.00000e+0, 2.00000e+1, 0.00000e+0, 5.00000e+0, 0.00000e+0, 3, 1, 
09/01/2024 15:04:43.542, 09/01/2024 15:04:43.485, 4.14008e+0, 0.00000e+0, 9.52501e+1, 0.00000e+0, 2.00053e+0, 0.00000e+0, 1.72401e+4, 0.00000e+0, 4.17531e+2, 0.00000e+0, 2.03562e+0, 0.00000e+0, 4.24856e+2, 0.00000e+0, 4.82814e+2, 0.00000e+0, 2.77626e+1, 0.00000e+0, 2.83074e+1, 0.00000e+0, 3.22996e+0, 0.00000e+0, 2.87389e+0, 0.00000e+0, 2.00000e+1, 0.00000e+0, 5.00000e+0, 0.00000e+0, 3, 1, 
09/01/2024 15:04:44.555, 09/01/2024 15:04:44.479, 4.14055e+0, 0.00000e+0, 9.53196e+1, 0.00000e+0, 2.04157e+0, 0.00000e+0, 1.70233e+4, 0.00000e+0, 4.19266e+2, 0.00000e+0, 2.07693e+0, 0.00000e+0, 4.26527e+2, 0.00000e+0, 4.82925e+2, 0.00000e+0, 2.77645e+1, 0.00000e+0, 2.83120e+1, 0.00000e+0, 3.23040e+0, 0.00000e+0, 2.87239e+0, 0.00000e+0, 2.00000e+1, 0.00000e+0, 5.00000e+0, 0.00000e+0, 3, 2, 
09/01/2024 15:04:45.555, 09/01/2024 15:04:45.475, 4.14200e+0, 0.00000e+0, 9.55365e+1, 0.00000e+0, 2.00319e+0, 0.00000e+0, 1.69590e+4, 0.00000e+0, 4.17303e+2, 0.00000e+0, 2.03775e+0, 0.00000e+0, 4.24502e+2, 0.00000e+0, 4.83245e+2, 0.00000e+0, 2.77682e+1, 0.00000e+0, 2.83336e+1, 0.00000e+0, 3.23124e+0, 0.00000e+0, 2.87346e+0, 0.00000e+0, 2.00000e+1, 0.00000e+0, 5.00000e+0, 0.00000e+0, 3, 2, 
09/01/2024 15:04:46.525, 09/01/2024 15:04:46.470, 4.14267e+0, 0.00000e+0, 9.56347e+1, 0.00000e+0, 1.99679e+0, 0.00000e+0, 1.70908e+4, 0.00000e+0, 4.20182e+2, 0.00000e+0, 2.03151e+0, 0.00000e+0, 4.27488e+2, 0.00000e+0, 4.83529e+2, 0.00000e+0, 2.77711e+1, 0.00000e+0, 2.83474e+1, 0.00000e+0, 3.22995e+0, 0.00000e+0, 2.87484e+0, 0.00000e+0, 2.00000e+1, 0.00000e+0, 5.00000e+0, 0.00000e+0, 3, 2, 
09/01/2024 15:04:47.544, 09/01/2024 15:04:47.464, 4.14271e+0, 0.00000e+0, 9.56411e+1, 0.00000e+0, 2.00022e+0, 0.00000e+0, 1.68266e+4, 0.00000e+0, 4.17977e+2, 0.00000e+0, 2.03445e+0, 0.00000e+0, 4.25131e+2, 0.00000e+0, 4.83553e+2, 0.00000e+0, 2.77721e+1, 0.00000e+0, 2.83505e+1, 0.00000e+0, 3.23015e+0, 0.00000e+0, 2.87382e+0, 0.00000e+0, 2.00000e+1, 0.00000e+0, 5.00000e+0, 0.00000e+0, 3, 3, 
09/01/2024 15:04:48.516, 09/01/2024 15:04:48.458, 4.14275e+0, 0.00000e+0, 9.56471e+1, 0.00000e+0, 2.00368e+0, 0.00000e+0, 1.66275e+4, 0.00000e+0, 4.16674e+2, 0.00000e+0, 2.03756e+0, 0.00000e+0, 4.23719e+2, 0.00000e+0, 4.83437e+2, 0.00000e+0, 2.77726e+1, 0.00000e+0, 2.83535e+1, 0.00000e+0, 3.22808e+0, 0.00000e+0, 2.87520e+0, 0.00000e+0, 2.00000e+1, 0.00000e+0, 5.00000e+0, 0.00000e+0, 3, 3, 
09/01/2024 15:04:49.534, 09/01/2024 15:04:49.453, 4.14252e+0, 0.00000e+0, 9.56130e+1, 0.00000e+0, 2.00167e+0, 0.00000e+0, 1.67894e+4, 0.00000e+0, 4.18233e+2, 0.00000e+0, 2.03585e+0, 0.00000e+0, 4.25375e+2, 0.00000e+0, 4.83477e+2, 0.00000e+0, 2.77742e+1, 0.00000e+0, 2.83591e+1, 0.00000e+0, 3.22867e+0, 0.00000e+0, 2.87549e+0, 0.00000e+0, 2.00000e+1, 0.00000e+0, 5.00000e+0, 0.00000e+0, 3, 3, 
09/01/2024 15:04:50.525, 09/01/2024 15:04:50.447, 4.14256e+0, 0.00000e+0, 9.56196e+1, 0.00000e+0, 2.00013e+0, 0.00000e+0, 1.71313e+4, 0.00000e+0, 4.18961e+2, 0.00000e+0, 2.03499e+0, 0.00000e+0, 4.26263e+2, 0.00000e+0, 4.83543e+2, 0.00000e+0, 2.77760e+1, 0.00000e+0, 2.83635e+1, 0.00000e+0, 3.22986e+0, 0.00000e+0, 2.87393e+0, 0.00000e+0, 2.00000e+1, 0.00000e+0, 5.00000e+0, 0.00000e+0, 3, 4, 
09/01/2024 15:04:51.522, 09/01/2024 15:04:51.442, 4.14263e+0, 0.00000e+0, 9.56294e+1, 0.00000e+0, 2.00172e+0, 0.00000e+0, 1.68149e+4, 0.00000e+0, 4.17334e+2, 0.00000e+0, 2.03596e+0, 0.00000e+0, 4.24471e+2, 0.00000e+0, 4.83566e+2, 0.00000e+0, 2.77792e+1, 0.00000e+0, 2.83621e+1, 0.00000e+0, 3.23044e+0, 0.00000e+0, 2.87571e+0, 0.00000e+0, 2.00000e+1, 0.00000e+0, 5.00000e+0, 0.00000e+0, 3, 4, 
09/01/2024 15:04:52.501, 09/01/2024 15:04:52.436, 4.14269e+0, 0.00000e+0, 9.56384e+1, 0.00000e+0, 2.00208e+0, 0.00000e+0, 1.66550e+4, 0.00000e+0, 4.16294e+2, 0.00000e+0, 2.03599e+0, 0.00000e+0, 4.23345e+2, 0.00000e+0, 4.83641e+2, 0.00000e+0, 2.77814e+1, 0.00000e+0, 2.83588e+1, 0.00000e+0, 3.23050e+0, 0.00000e+0, 2.87641e+0, 0.00000e+0, 2.00000e+1, 0.00000e+0, 5.00000e+0, 0.00000e+0, 3, 4, 
09/01/2024 15:04:53.508, 09/01/2024 15:04:53.432, 4.14278e+0, 0.00000e+0, 9.56524e+1, 0.00000e+0, 1.99854e+0, 0.00000e+0, 1.70079e+4, 0.00000e+0, 4.17952e+2, 0.00000e+0, 2.03312e+0, 0.00000e+0, 4.25183e+2, 0.00000e+0, 4.83602e+2, 0.00000e+0, 2.77834e+1, 0.00000e+0, 2.83672e+1, 0.00000e+0, 3.23113e+0, 0.00000e+0, 2.87481e+0, 0.00000e+0, 2.00000e+1, 0.00000e+0, 5.00000e+0, 0.00000e+0, 3, 5, 
09/01/2024 15:04:54.484, 09/01/2024 15:04:54.426, 4.14272e+0, 0.00000e+0, 9.56423e+1, 0.00000e+0, 2.00002e+0, 0.00000e+0, 1.68875e+4, 0.00000e+0, 4.19129e+2, 0.00000e+0, 2.03438e+0, 0.00000e+0, 4.26328e+2, 0.00000e+0, 4.83638e+2, 0.00000e+0, 2.77853e+1, 0.00000e+0, 2.83663e+1, 0.00000e+0, 3.22913e+0, 0.00000e+0, 2.87397e+0, 0.00000e+0, 2.00000e+1, 0.00000e+0, 5.00000e+0, 0.00000e+0, 3, 5, 
09/01/2024 15:04:55.503, 09/01/2024 15:04:55.419, 4.14240e+0, 0.00000e+0, 9.55955e+1, 0.00000e+0, 2.00083e+0, 0.00000e+0, 1.67397e+4, 0.00000e+0, 4.17486e+2, 0.00000e+0, 2.03490e+0, 0.00000e+0, 4.24594e+2, 0.00000e+0, 4.83537e+2, 0.00000e+0, 2.77888e+1, 0.00000e+0, 2.83678e+1, 0.00000e+0, 3.22851e+0, 0.00000e+0, 2.87624e+0, 0.00000e+0, 2.00000e+1, 0.00000e+0, 5.00000e+0, 0.00000e+0, 3, 5, 
09/01/2024 15:04:56.478, 09/01/2024 15:04:56.414, 4.14240e+0, 0.00000e+0, 9.55953e+1, 0.00000e+0, 1.99991e+0, 0.00000e+0, 1.69386e+4, 0.00000e+0, 4.17647e+2, 0.00000e+0, 2.03437e+0, 0.00000e+0, 4.24843e+2, 0.00000e+0, 4.83554e+2, 0.00000e+0, 2.77899e+1, 0.00000e+0, 2.83752e+1, 0.00000e+0, 3.22976e+0, 0.00000e+0, 2.87499e+0, 0.00000e+0, 2.00000e+1, 0.00000e+0, 5.00000e+0, 0.00000e+0, 3, 6, 
09/01/2024 15:04:57.488, 09/01/2024 15:04:57.410, 4.14274e+0, 0.00000e+0, 9.56465e+1, 0.00000e+0, 1.99972e+0, 0.00000e+0, 1.70681e+4, 0.00000e+0, 4.17120e+2, 0.00000e+0, 2.03445e+0, 0.00000e+0, 4.24363e+2, 0.00000e+0, 4.83656e+2, 0.00000e+0, 2.77937e+1, 0.00000e+0, 2.83775e+1, 0.00000e+0, 3.23190e+0, 0.00000e+0, 2.87372e+0, 0.00000e+0, 2.00000e+1, 0.00000e+0, 5.00000e+0, 0.00000e+0, 3, 6, 
09/01/2024 15:04:58.464, 09/01/2024 15:04:58.403, 4.14265e+0, 0.00000e+0, 9.56330e+1, 0.00000e+0, 1.99644e+0, 0.00000e+0, 1.71615e+4, 0.00000e+0, 4.19752e+2, 0.00000e+0, 2.03130e+0, 0.00000e+0, 4.27081e+2, 0.00000e+0, 4.83629e+2, 0.00000e+0, 2.77955e+1, 0.00000e+0, 2.83828e+1, 0.00000e+0, 3.22935e+0, 0.00000e+0, 2.87420e+0, 0.00000e+0, 2.00000e+1, 0.00000e+0, 5.00000e+0, 0.00000e+0, 3, 6, 
09/01/2024 15:04:59.452, 09/01/2024 15:04:59.399, 4.14266e+0, 0.00000e+0, 9.56333e+1, 0.00000e+0, 2.00568e+0, 0.00000e+0, 1.70317e+4, 0.00000e+0, 4.17222e+2, 0.00000e+0, 2.04043e+0, 0.00000e+0, 4.24452e+2, 0.00000e+0, 4.83693e+2, 0.00000e+0, 2.77967e+1, 0.00000e+0, 2.83844e+1, 0.00000e+0, 3.23184e+0, 0.00000e+0, 2.87466e+0, 0.00000e+0, 2.00000e+1, 0.00000e+0, 5.00000e+0, 0.00000e+0, 3, 7, 
09/01/2024 15:05:00.475, 09/01/2024 15:05:00.393, 4.14265e+0, 0.00000e+0, 9.56323e+1, 0.00000e+0, 1.99884e+0, 0.00000e+0, 1.70335e+4, 0.00000e+0, 4.17791e+2, 0.00000e+0, 2.03348e+0, 0.00000e+0, 4.25030e+2, 0.00000e+0, 4.83711e+2, 0.00000e+0, 2.77980e+1, 0.00000e+0, 2.83858e+1, 0.00000e+0, 3.22933e+0, 0.00000e+0, 2.87341e+0, 0.00000e+0, 2.00000e+1, 0.00000e+0, 5.00000e+0, 0.00000e+0, 3, 7, 
09/01/2024 15:05:01.447, 09/01/2024 15:05:01.388, 4.14267e+0, 0.00000e+0, 9.56350e+1, 0.00000e+0, 2.00189e+0, 0.00000e+0, 1.69464e+4, 0.00000e+0, 4.17392e+2, 0.00000e+0, 2.03640e+0, 0.00000e+0, 4.24587e+2, 0.00000e+0, 4.83644e+2, 0.00000e+0, 2.78001e+1, 0.00000e+0, 2.83854e+1, 0.00000e+0, 3.22858e+0, 0.00000e+0, 2.87300e+0, 0.00000e+0, 2.00000e+1, 0.00000e+0, 5.00000e+0, 0.00000e+0, 3, 7, 
09/01/2024 15:05:02.441, 09/01/2024 15:05:02.381, 4.14273e+0, 0.00000e+0, 9.56446e+1, 0.00000e+0, 1.99636e+0, 0.00000e+0, 1.73198e+4, 0.00000e+0, 4.19900e+2, 0.00000e+0, 2.03154e+0, 0.00000e+0, 4.27301e+2, 0.00000e+0, 4.83570e+2, 0.00000e+0, 2.78020e+1, 0.00000e+0, 2.83906e+1, 0.00000e+0, 3.22941e+0, 0.00000e+0, 2.87394e+0, 0.00000e+0, 2.00000e+1, 0.00000e+0, 5.00000e+0, 0.00000e+0, 3, 8, 
09/01/2024 15:05:03.434, 09/01/2024 15:05:03.376, 4.14277e+0, 0.00000e+0, 9.56506e+1, 0.00000e+0, 2.00485e+0, 0.00000e+0, 1.72114e+4, 0.00000e+0, 4.19263e+2, 0.00000e+0, 2.03996e+0, 0.00000e+0, 4.26606e+2, 0.00000e+0, 4.83652e+2, 0.00000e+0, 2.78041e+1, 0.00000e+0, 2.83994e+1, 0.00000e+0, 3.23041e+0, 0.00000e+0, 2.87448e+0, 0.00000e+0, 2.00000e+1, 0.00000e+0, 5.00000e+0, 0.00000e+0, 3, 8, 
09/01/2024 15:05:04.429, 09/01/2024 15:05:04.372, 4.14273e+0, 0.00000e+0, 9.56439e+1, 0.00000e+0, 2.00234e+0, 0.00000e+0, 1.68258e+4, 0.00000e+0, 4.18004e+2, 0.00000e+0, 2.03661e+0, 0.00000e+0, 4.25158e+2, 0.00000e+0, 4.83794e+2, 0.00000e+0, 2.78055e+1, 0.00000e+0, 2.84051e+1, 0.00000e+0, 3.22958e+0, 0.00000e+0, 2.87378e+0, 0.00000e+0, 2.00000e+1, 0.00000e+0, 5.00000e+0, 0.00000e+0, 3, 8, 
09/01/2024 15:05:05.421, 09/01/2024 15:05:05.366, 4.14285e+0, 0.00000e+0, 9.56628e+1, 0.00000e+0, 2.00414e+0, 0.00000e+0, 1.66428e+4, 0.00000e+0, 4.18046e+2, 0.00000e+0, 2.03806e+0, 0.00000e+0, 4.25122e+2, 0.00000e+0, 4.83592e+2, 0.00000e+0, 2.78074e+1, 0.00000e+0, 2.84098e+1, 0.00000e+0, 3.22923e+0, 0.00000e+0, 2.87296e+0, 0.00000e+0, 2.00000e+1, 0.00000e+0, 5.00000e+0, 0.00000e+0, 3, 1, 
09/01/2024 15:05:06.416, 09/01/2024 15:05:06.361, 4.14265e+0, 0.00000e+0, 9.56324e+1, 0.00000e+0, 1.99781e+0, 0.00000e+0, 1.68301e+4, 0.00000e+0, 4.19619e+2, 0.00000e+0, 2.03201e+0, 0.00000e+0, 4.26802e+2, 0.00000e+0, 4.83599e+2, 0.00000e+0, 2.78090e+1, 0.00000e+0, 2.84092e+1, 0.00000e+0, 3.23068e+0, 0.00000e+0, 2.87315e+0, 0.00000e+0, 2.00000e+1, 0.00000e+0, 5.00000e+0, 0.00000e+0, 3, 1, 
09/01/2024 15:05:07.409, 09/01/2024 15:05:07.354, 4.14267e+0, 0.00000e+0, 9.56362e+1, 0.00000e+0, 1.99485e+0, 0.00000e+0, 1.70059e+4, 0.00000e+0, 4.17994e+2, 0.00000e+0, 2.02937e+0, 0.00000e+0, 4.25225e+2, 0.00000e+0, 4.83598e+2, 0.00000e+0, 2.78124e+1, 0.00000e+0, 2.84078e+1, 0.00000e+0, 3.23048e+0, 0.00000e+0, 2.87526e+0, 0.00000e+0, 2.00000e+1, 0.00000e+0, 5.00000e+0, 0.00000e+0, 3, 1, 
09/01/2024 15:05:08.430, 09/01/2024 15:05:08.350, 4.14270e+0, 0.00000e+0, 9.56402e+1, 0.00000e+0, 2.00533e+0, 0.00000e+0, 1.71463e+4, 0.00000e+0, 4.18067e+2, 0.00000e+0, 2.04031e+0, 0.00000e+0, 4.25360e+2, 0.00000e+0, 4.83707e+2, 0.00000e+0, 2.78148e+1, 0.00000e+0, 2.84093e+1, 0.00000e+0, 3.22966e+0, 0.00000e+0, 2.87589e+0, 0.00000e+0, 2.00000e+1, 0.00000e+0, 5.00000e+0, 0.00000e+0, 3, 2, 
09/01/2024 15:05:09.398, 09/01/2024 15:05:09.344, 4.14273e+0, 0.00000e+0, 9.56450e+1, 0.00000e+0, 2.00177e+0, 0.00000e+0, 1.70502e+4, 0.00000e+0, 4.17668e+2, 0.00000e+0, 2.03649e+0, 0.00000e+0, 4.24913e+2, 0.00000e+0, 4.83624e+2, 0.00000e+0, 2.78172e+1, 0.00000e+0, 2.84178e+1, 0.00000e+0, 3.22940e+0, 0.00000e+0, 2.87440e+0, 0.00000e+0, 2.00000e+1, 0.00000e+0, 5.00000e+0, 0.00000e+0, 3, 2, 
09/01/2024 15:05:10.400, 09/01/2024 15:05:10.338, 4.14256e+0, 0.00000e+0, 9.56190e+1, 0.00000e+0, 2.00438e+0, 0.00000e+0, 1.70147e+4, 0.00000e+0, 4.18073e+2, 0.00000e+0, 2.03907e+0, 0.00000e+0, 4.25309e+2, 0.00000e+0, 4.83639e+2, 0.00000e+0, 2.78189e+1, 0.00000e+0, 2.84262e+1, 0.00000e+0, 3.23178e+0, 0.00000e+0, 2.87290e+0, 0.00000e+0, 2.00000e+1, 0.00000e+0, 5.00000e+0, 0.00000e+0, 3, 2, 
09/01/2024 15:05:11.410, 09/01/2024 15:05:11.332, 4.14281e+0, 0.00000e+0, 9.56558e+1, 0.00000e+0, 1.99878e+0, 0.00000e+0, 1.68993e+4, 0.00000e+0, 4.16699e+2, 0.00000e+0, 2.03314e+0, 0.00000e+0, 4.23862e+2, 0.00000e+0, 4.83683e+2, 0.00000e+0, 2.78205e+1, 0.00000e+0, 2.84250e+1, 0.00000e+0, 3.23097e+0, 0.00000e+0, 2.87441e+0, 0.00000e+0, 2.00000e+1, 0.00000e+0, 5.00000e+0, 0.00000e+0, 3, 3, 
09/01/2024 15:05:12.395, 09/01/2024 15:05:12.327, 4.14271e+0, 0.00000e+0, 9.56406e+1, 0.00000e+0, 1.99811e+0, 0.00000e+0, 1.69348e+4, 0.00000e+0, 4.18238e+2, 0.00000e+0, 2.03253e+0, 0.00000e+0, 4.25443e+2, 0.00000e+0, 4.83796e+2, 0.00000e+0, 2.78220e+1, 0.00000e+0, 2.84273e+1, 0.00000e+0, 3.23012e+0, 0.00000e+0, 2.87553e+0, 0.00000e+0, 2.00000e+1, 0.00000e+0, 5.00000e+0, 0.00000e+0, 3, 3, 
09/01/2024 15:05:13.382, 09/01/2024 15:05:13.321, 4.14269e+0, 0.00000e+0, 9.56379e+1, 0.00000e+0, 1.99997e+0, 0.00000e+0, 1.71977e+4, 0.00000e+0, 4.18898e+2, 0.00000e+0, 2.03497e+0, 0.00000e+0, 4.26229e+2, 0.00000e+0, 4.83727e+2, 0.00000e+0, 2.78247e+1, 0.00000e+0, 2.84374e+1, 0.00000e+0, 3.23027e+0, 0.00000e+0, 2.87478e+0, 0.00000e+0, 2.00000e+1, 0.00000e+0, 5.00000e+0, 0.00000e+0, 3, 3, 
09/01/2024 15:05:14.395, 09/01/2024 15:05:14.316, 4.14293e+0, 0.00000e+0, 9.56745e+1, 0.00000e+0, 2.00143e+0, 0.00000e+0, 1.70484e+4, 0.00000e+0, 4.17851e+2, 0.00000e+0, 2.03614e+0, 0.00000e+0, 4.25098e+2, 0.00000e+0, 4.83791e+2, 0.00000e+0, 2.78278e+1, 0.00000e+0, 2.84410e+1, 0.00000e+0, 3.23161e+0, 0.00000e+0, 2.87434e+0, 0.00000e+0, 2.00000e+1, 0.00000e+0, 5.00000e+0, 0.00000e+0, 3, 4, 
09/01/2024 15:05:15.372, 09/01/2024 15:05:15.311, 4.14260e+0, 0.00000e+0, 9.56250e+1, 0.00000e+0, 2.00143e+0, 0.00000e+0, 1.69355e+4, 0.00000e+0, 4.18212e+2, 0.00000e+0, 2.03591e+0, 0.00000e+0, 4.25417e+2, 0.00000e+0, 4.83747e+2, 0.00000e+0, 2.78301e+1, 0.00000e+0, 2.84468e+1, 0.00000e+0, 3.23182e+0, 0.00000e+0, 2.87579e+0, 0.00000e+0, 2.00000e+1, 0.00000e+0, 5.00000e+0, 0.00000e+0, 3, 4, 
09/01/2024 15:05:16.390, 09/01/2024 15:05:16.306, 4.14264e+0, 0.00000e+0, 9.56316e+1, 0.00000e+0, 2.00152e+0, 0.00000e+0, 1.66866e+4, 0.00000e+0, 4.16713e+2, 0.00000e+0, 2.03548e+0, 0.00000e+0, 4.23785e+2, 0.00000e+0, 4.83654e+2, 0.00000e+0, 2.78326e+1, 0.00000e+0, 2.84451e+1, 0.00000e+0, 3.23095e+0, 0.00000e+0, 2.87601e+0, 0.00000e+0, 2.00000e+1, 0.00000e+0, 5.00000e+0, 0.00000e+0, 3, 4, 
09/01/2024 15:05:17.357, 09/01/2024 15:05:17.301, 4.14289e+0, 0.00000e+0, 9.56684e+1, 0.00000e+0, 1.99692e+0, 0.00000e+0, 1.66638e+4, 0.00000e+0, 4.19892e+2, 0.00000e+0, 2.03076e+0, 0.00000e+0, 4.27008e+2, 0.00000e+0, 4.83708e+2, 0.00000e+0, 2.78350e+1, 0.00000e+0, 2.84425e+1, 0.00000e+0, 3.22961e+0, 0.00000e+0, 2.87542e+0, 0.00000e+0, 2.00000e+1, 0.00000e+0, 5.00000e+0, 0.00000e+0, 3, 5, 
09/01/2024 15:05:18.372, 09/01/2024 15:05:18.295, 4.14293e+0, 0.00000e+0, 9.56734e+1, 0.00000e+0, 1.99808e+0, 0.00000e+0, 1.69119e+4, 0.00000e+0, 4.19570e+2, 0.00000e+0, 2.03246e+0, 0.00000e+0, 4.26788e+2, 0.00000e+0, 4.83814e+2, 0.00000e+0, 2.78367e+1, 0.00000e+0, 2.84468e+1, 0.00000e+0, 3.23216e+0, 0.00000e+0, 2.87449e+0, 0.00000e+0, 2.00000e+1, 0.00000e+0, 5.00000e+0, 0.00000e+0, 3, 5, 
09/01/2024 15:05:19.345, 09/01/2024 15:05:19.289, 4.14267e+0, 0.00000e+0, 9.56355e+1, 0.00000e+0, 1.99520e+0, 0.00000e+0, 1.73574e+4, 0.00000e+0, 4.18067e+2, 0.00000e+0, 2.03044e+0, 0.00000e+0, 4.25452e+2, 0.00000e+0, 4.83796e+2, 0.00000e+0, 2.78392e+1, 0.00000e+0, 2.84506e+1, 0.00000e+0, 3.23077e+0, 0.00000e+0, 2.87351e+0, 0.00000e+0, 2.00000e+1, 0.00000e+0, 5.00000e+0, 0.00000e+0, 3, 5, 
09/01/2024 15:05:20.345, 09/01/2024 15:05:20.283, 4.14273e+0, 0.00000e+0, 9.56438e+1, 0.00000e+0, 1.99890e+0, 0.00000e+0, 1.69857e+4, 0.00000e+0, 4.19755e+2, 0.00000e+0, 2.03344e+0, 0.00000e+0, 4.27008e+2, 0.00000e+0, 4.83748e+2, 0.00000e+0, 2.78413e+1, 0.00000e+0, 2.84594e+1, 0.00000e+0, 3.22963e+0, 0.00000e+0, 2.87453e+0, 0.00000e+0, 2.00000e+1, 0.00000e+0, 5.00000e+0, 0.00000e+0, 3, 6, 
09/01/2024 15:05:21.359, 09/01/2024 15:05:21.278, 4.14276e+0, 0.00000e+0, 9.56494e+1, 0.00000e+0, 2.00436e+0, 0.00000e+0, 1.70266e+4, 0.00000e+0, 4.17824e+2, 0.00000e+0, 2.03908e+0, 0.00000e+0, 4.25061e+2, 0.00000e+0, 4.83790e+2, 0.00000e+0, 2.78419e+1, 0.00000e+0, 2.84631e+1, 0.00000e+0, 3.22854e+0, 0.00000e+0, 2.87465e+0, 0.00000e+0, 2.00000e+1, 0.00000e+0, 5.00000e+0, 0.00000e+0, 3, 6, 
09/01/2024 15:05:22.332, 09/01/2024 15:05:22.274, 4.14265e+0, 0.00000e+0, 9.56318e+1, 0.00000e+0, 2.00483e+0, 0.00000e+0, 1.70083e+4, 0.00000e+0, 4.18913e+2, 0.00000e+0, 2.03952e+0, 0.00000e+0, 4.26161e+2, 0.00000e+0, 4.83703e+2, 0.00000e+0, 2.78435e+1, 0.00000e+0, 2.84630e+1, 0.00000e+0, 3.23016e+0, 0.00000e+0, 2.87600e+0, 0.00000e+0, 2.00000e+1, 0.00000e+0, 5.00000e+0, 0.00000e+0, 3, 6, 
09/01/2024 15:05:23.323, 09/01/2024 15:05:23.267, 4.14285e+0, 0.00000e+0, 9.56629e+1, 0.00000e+0, 2.00005e+0, 0.00000e+0, 1.70830e+4, 0.00000e+0, 4.18390e+2, 0.00000e+0, 2.03482e+0, 0.00000e+0, 4.25661e+2, 0.00000e+0, 4.83740e+2, 0.00000e+0, 2.78457e+1, 0.00000e+0, 2.84660e+1, 0.00000e+0, 3.23128e+0, 0.00000e+0, 2.87543e+0, 0.00000e+0, 2.00000e+1, 0.00000e+0, 5.00000e+0, 0.00000e+0, 3, 7, 
09/01/2024 15:05:24.319, 09/01/2024 15:05:24.262, 4.14278e+0, 0.00000e+0, 9.56514e+1, 0.00000e+0, 2.00189e+0, 0.00000e+0, 1.67127e+4, 0.00000e+0, 4.17822e+2, 0.00000e+0, 2.03592e+0, 0.00000e+0, 4.24923e+2, 0.00000e+0, 4.83729e+2, 0.00000e+0, 2.78477e+1, 0.00000e+0, 2.84632e+1, 0.00000e+0, 3.23125e+0, 0.00000e+0, 2.87594e+0, 0.00000e+0, 2.00000e+1, 0.00000e+0, 5.00000e+0, 0.00000e+0, 3, 7, 
09/01/2024 15:05:25.319, 09/01/2024 15:05:25.256, 4.14267e+0, 0.00000e+0, 9.56352e+1, 0.00000e+0, 2.00461e+0, 0.00000e+0, 1.69333e+4, 0.00000e+0, 4.18367e+2, 0.00000e+0, 2.03914e+0, 0.00000e+0, 4.25574e+2, 0.00000e+0, 4.83758e+2, 0.00000e+0, 2.78524e+1, 0.00000e+0, 2.84663e+1, 0.00000e+0, 3.23115e+0, 0.00000e+0, 2.87571e+0, 0.00000e+0, 2.00000e+1, 0.00000e+0, 5.00000e+0, 0.00000e+0, 3, 7, 
09/01/2024 15:05:26.314, 09/01/2024 15:05:26.250, 4.14284e+0, 0.00000e+0, 9.56605e+1, 0.00000e+0, 2.00191e+0, 0.00000e+0, 1.69569e+4, 0.00000e+0, 4.19901e+2, 0.00000e+0, 2.03644e+0, 0.00000e+0, 4.27144e+2, 0.00000e+0, 4.83680e+2, 0.00000e+0, 2.78538e+1, 0.00000e+0, 2.84686e+1, 0.00000e+0, 3.23102e+0, 0.00000e+0, 2.87556e+0, 0.00000e+0, 2.00000e+1, 0.00000e+0, 5.00000e+0, 0.00000e+0, 3, 8, 
09/01/2024 15:05:27.306, 09/01/2024 15:05:27.245, 4.14272e+0, 0.00000e+0, 9.56423e+1, 0.00000e+0, 1.99543e+0, 0.00000e+0, 1.69056e+4, 0.00000e+0, 4.19439e+2, 0.00000e+0, 2.02975e+0, 0.00000e+0, 4.26652e+2, 0.00000e+0, 4.83707e+2, 0.00000e+0, 2.78550e+1, 0.00000e+0, 2.84769e+1, 0.00000e+0, 3.23064e+0, 0.00000e+0, 2.87464e+0, 0.00000e+0, 2.00000e+1, 0.00000e+0, 5.00000e+0, 0.00000e+0, 3, 8, 
09/01/2024 15:05:28.319, 09/01/2024 15:05:28.240, 4.14254e+0, 0.00000e+0, 9.56154e+1, 0.00000e+0, 2.03496e+0, 0.00000e+0, 1.68656e+4, 0.00000e+0, 4.19211e+2, 0.00000e+0, 2.06987e+0, 0.00000e+0, 4.26402e+2, 0.00000e+0, 4.83638e+2, 0.00000e+0, 2.78560e+1, 0.00000e+0, 2.84766e+1, 0.00000e+0, 3.23253e+0, 0.00000e+0, 2.87501e+0, 0.00000e+0, 2.00000e+1, 0.00000e+0, 5.00000e+0, 0.00000e+0, 3, 8, 
09/01/2024 15:05:29.315, 09/01/2024 15:05:29.235, 4.14299e+0, 0.00000e+0, 9.56835e+1, 0.00000e+0, 2.00106e+0, 0.00000e+0, 1.71524e+4, 0.00000e+0, 4.18432e+2, 0.00000e+0, 2.03599e+0, 0.00000e+0, 4.25734e+2, 0.00000e+0, 4.83722e+2, 0.00000e+0, 2.78578e+1, 0.00000e+0, 2.84803e+1, 0.00000e+0, 3.23113e+0, 0.00000e+0, 2.87363e+0, 0.00000e+0, 2.00000e+1, 0.00000e+0, 5.00000e+0, 0.00000e+0, 3, 1, 
09/01/2024 15:05:30.311, 09/01/2024 15:05:30.229, 4.14286e+0, 0.00000e+0, 9.56631e+1, 0.00000e+0, 2.00787e+0, 0.00000e+0, 1.71430e+4, 0.00000e+0, 4.19088e+2, 0.00000e+0, 2.04289e+0, 0.00000e+0, 4.26398e+2, 0.00000e+0, 4.83766e+2, 0.00000e+0, 2.78600e+1, 0.00000e+0, 2.84853e+1, 0.00000e+0, 3.23213e+0, 0.00000e+0, 2.87481e+0, 0.00000e+0, 2.00000e+1, 0.00000e+0, 5.00000e+0, 0.00000e+0, 3, 1, 
09/01/2024 15:05:31.281, 09/01/2024 15:05:31.223, 4.14295e+0, 0.00000e+0, 9.56774e+1, 0.00000e+0, 2.00382e+0, 0.00000e+0, 1.74337e+4, 0.00000e+0, 4.19563e+2, 0.00000e+0, 2.03938e+0, 0.00000e+0, 4.27007e+2, 0.00000e+0, 4.83716e+2, 0.00000e+0, 2.78621e+1, 0.00000e+0, 2.84848e+1, 0.00000e+0, 3.23217e+0, 0.00000e+0, 2.87439e+0, 0.00000e+0, 2.00000e+1, 0.00000e+0, 5.00000e+0, 0.00000e+0, 3, 1, 
09/01/2024 15:05:32.296, 09/01/2024 15:05:32.218, 4.14285e+0, 0.00000e+0, 9.56629e+1, 0.00000e+0, 2.00347e+0, 0.00000e+0, 1.73008e+4, 0.00000e+0, 4.20147e+2, 0.00000e+0, 2.03875e+0, 0.00000e+0, 4.27544e+2, 0.00000e+0, 4.83779e+2, 0.00000e+0, 2.78635e+1, 0.00000e+0, 2.84832e+1, 0.00000e+0, 3.23259e+0, 0.00000e+0, 2.87392e+0, 0.00000e+0, 2.00000e+1, 0.00000e+0, 5.00000e+0, 0.00000e+0, 3, 2, 
09/01/2024 15:05:33.293, 09/01/2024 15:05:33.213, 4.14283e+0, 0.00000e+0, 9.56592e+1, 0.00000e+0, 1.99803e+0, 0.00000e+0, 1.71194e+4, 0.00000e+0, 4.18493e+2, 0.00000e+0, 2.03283e+0, 0.00000e+0, 4.25782e+2, 0.00000e+0, 4.83840e+2, 0.00000e+0, 2.78642e+1, 0.00000e+0, 2.84825e+1, 0.00000e+0, 3.23030e+0, 0.00000e+0, 2.87338e+0, 0.00000e+0, 2.00000e+1, 0.00000e+0, 5.00000e+0, 0.00000e+0, 3, 2, 
09/01/2024 15:05:34.264, 09/01/2024 15:05:34.207, 4.14274e+0, 0.00000e+0, 9.56458e+1, 0.00000e+0, 1.99697e+0, 0.00000e+0, 1.70550e+4, 0.00000e+0, 4.18638e+2, 0.00000e+0, 2.03162e+0, 0.00000e+0, 4.25902e+2, 0.00000e+0, 4.83685e+2, 0.00000e+0, 2.78653e+1, 0.00000e+0, 2.84930e+1, 0.00000e+0, 3.23138e+0, 0.00000e+0, 2.87305e+0, 0.00000e+0, 2.00000e+1, 0.00000e+0, 5.00000e+0, 0.00000e+0, 3, 2, 
09/01/2024 15:05:35.263, 09/01/2024 15:05:35.202, 4.14289e+0, 0.00000e+0, 9.56684e+1, 0.00000e+0, 1.99739e+0, 0.00000e+0, 1.69829e+4, 0.00000e+0, 4.20218e+2, 0.00000e+0, 2.03190e+0, 0.00000e+0, 4.27478e+2, 0.00000e+0, 4.83826e+2, 0.00000e+0, 2.78674e+1, 0.00000e+0, 2.85030e+1, 0.00000e+0, 3.23222e+0, 0.00000e+0, 2.87134e+0, 0.00000e+0, 2.00000e+1, 0.00000e+0, 5.00000e+0, 0.00000e+0, 3, 3, 
09/01/2024 15:05:36.256, 09/01/2024 15:05:36.196, 4.14293e+0, 0.00000e+0, 9.56737e+1, 0.00000e+0, 2.00410e+0, 0.00000e+0, 1.69787e+4, 0.00000e+0, 4.18569e+2, 0.00000e+0, 2.03871e+0, 0.00000e+0, 4.25799e+2, 0.00000e+0, 4.83844e+2, 0.00000e+0, 2.78701e+1, 0.00000e+0, 2.85057e+1, 0.00000e+0, 3.22982e+0, 0.00000e+0, 2.87188e+0, 0.00000e+0, 2.00000e+1, 0.00000e+0, 5.00000e+0, 0.00000e+0, 3, 3, 
09/01/2024 15:05:37.275, 09/01/2024 15:05:37.191, 4.14278e+0, 0.00000e+0, 9.56514e+1, 0.00000e+0, 2.00267e+0, 0.00000e+0, 1.66266e+4, 0.00000e+0, 4.20031e+2, 0.00000e+0, 2.03653e+0, 0.00000e+0, 4.27133e+2, 0.00000e+0, 4.83817e+2, 0.00000e+0, 2.78731e+1, 0.00000e+0, 2.85133e+1, 0.00000e+0, 3.22982e+0, 0.00000e+0, 2.87283e+0, 0.00000e+0, 2.00000e+1, 0.00000e+0, 5.00000e+0, 0.00000e+0, 3, 3, 
09/01/2024 15:05:38.249, 09/01/2024 15:05:38.185, 4.14299e+0, 0.00000e+0, 9.56833e+1, 0.00000e+0, 2.00036e+0, 0.00000e+0, 1.69089e+4, 0.00000e+0, 4.20554e+2, 0.00000e+0, 2.03477e+0, 0.00000e+0, 4.27787e+2, 0.00000e+0, 4.83830e+2, 0.00000e+0, 2.78762e+1, 0.00000e+0, 2.85233e+1, 0.00000e+0, 3.23099e+0, 0.00000e+0, 2.87365e+0, 0.00000e+0, 2.00000e+1, 0.00000e+0, 5.00000e+0, 0.00000e+0, 3, 4, 
09/01/2024 15:05:39.251, 09/01/2024 15:05:39.180, 4.14305e+0, 0.00000e+0, 9.56920e+1, 0.00000e+0, 1.99644e+0, 0.00000e+0, 1.68599e+4, 0.00000e+0, 4.22249e+2, 0.00000e+0, 2.03067e+0, 0.00000e+0, 4.29490e+2, 0.00000e+0, 4.83825e+2, 0.00000e+0, 2.78798e+1, 0.00000e+0, 2.85259e+1, 0.00000e+0, 3.23086e+0, 0.00000e+0, 2.87337e+0, 0.00000e+0, 2.00000e+1, 0.00000e+0, 5.00000e+0, 0.00000e+0, 3, 4, 
09/01/2024 15:05:40.231, 09/01/2024 15:05:40.175, 4.14266e+0, 0.00000e+0, 9.56333e+1, 0.00000e+0, 1.99779e+0, 0.00000e+0, 1.69311e+4, 0.00000e+0, 4.20852e+2, 0.00000e+0, 2.03219e+0, 0.00000e+0, 4.28100e+2, 0.00000e+0, 4.83854e+2, 0.00000e+0, 2.78807e+1, 0.00000e+0, 2.85271e+1, 0.00000e+0, 3.23220e+0, 0.00000e+0, 2.87350e+0, 0.00000e+0, 2.00000e+1, 0.00000e+0, 5.00000e+0, 0.00000e+0, 3, 4, 
09/01/2024 15:05:41.252, 09/01/2024 15:05:41.169, 4.14287e+0, 0.00000e+0, 9.56651e+1, 0.00000e+0, 2.04041e+0, 0.00000e+0, 1.72031e+4, 0.00000e+0, 4.20499e+2, 0.00000e+0, 2.07613e+0, 0.00000e+0, 4.27859e+2, 0.00000e+0, 4.83789e+2, 0.00000e+0, 2.78832e+1, 0.00000e+0, 2.85284e+1, 0.00000e+0, 3.23019e+0, 0.00000e+0, 2.87391e+0, 0.00000e+0, 2.00000e+1, 0.00000e+0, 5.00000e+0, 0.00000e+0, 3, 5, 
09/01/2024 15:05:42.222, 09/01/2024 15:05:42.163, 4.14280e+0, 0.00000e+0, 9.56546e+1, 0.00000e+0, 2.00076e+0, 0.00000e+0, 1.74081e+4, 0.00000e+0, 4.19336e+2, 0.00000e+0, 2.03620e+0, 0.00000e+0, 4.26765e+2, 0.00000e+0, 4.83812e+2, 0.00000e+0, 2.78863e+1, 0.00000e+0, 2.85314e+1, 0.00000e+0, 3.22926e+0, 0.00000e+0, 2.87467e+0, 0.00000e+0, 2.00000e+1, 0.00000e+0, 5.00000e+0, 0.00000e+0, 3, 5, 
09/01/2024 15:05:43.217, 09/01/2024 15:05:43.158, 4.14291e+0, 0.00000e+0, 9.56712e+1, 0.00000e+0, 2.00172e+0, 0.00000e+0, 1.73666e+4, 0.00000e+0, 4.20659e+2, 0.00000e+0, 2.03710e+0, 0.00000e+0, 4.28093e+2, 0.00000e+0, 4.83831e+2, 0.00000e+0, 2.78874e+1, 0.00000e+0, 2.85320e+1, 0.00000e+0, 3.22903e+0, 0.00000e+0, 2.87406e+0, 0.00000e+0, 2.00000e+1, 0.00000e+0, 5.00000e+0, 0.00000e+0, 3, 5, 
09/01/2024 15:05:44.210, 09/01/2024 15:05:44.152, 4.14285e+0, 0.00000e+0, 9.56623e+1, 0.00000e+0, 2.04434e+0, 0.00000e+0, 1.72950e+4, 0.00000e+0, 4.19199e+2, 0.00000e+0, 2.08031e+0, 0.00000e+0, 4.26576e+2, 0.00000e+0, 4.83877e+2, 0.00000e+0, 2.78895e+1, 0.00000e+0, 2.85372e+1, 0.00000e+0, 3.22878e+0, 0.00000e+0, 2.87491e+0, 0.00000e+0, 2.00000e+1, 0.00000e+0, 5.00000e+0, 0.00000e+0, 3, 6, 
09/01/2024 15:05:45.208, 09/01/2024 15:05:45.147, 4.14292e+0, 0.00000e+0, 9.56731e+1, 0.00000e+0, 2.04436e+0, 0.00000e+0, 1.71911e+4, 0.00000e+0, 4.18027e+2, 0.00000e+0, 2.08012e+0, 0.00000e+0, 4.25339e+2, 0.00000e+0, 4.83865e+2, 0.00000e+0, 2.78923e+1, 0.00000e+0, 2.85452e+1, 0.00000e+0, 3.23003e+0, 0.00000e+0, 2.87369e+0, 0.00000e+0, 2.00000e+1, 0.00000e+0, 5.00000e+0, 0.00000e+0, 3, 6, 
09/01/2024 15:05:46.239, 09/01/2024 15:05:46.141, 4.14323e+0, 0.00000e+0, 9.57194e+1, 0.00000e+0, 2.04673e+0, 0.00000e+0, 1.73773e+4, 0.00000e+0, 4.17508e+2, 0.00000e+0, 2.08293e+0, 0.00000e+0, 4.24892e+2, 0.00000e+0, 4.83844e+2, 0.00000e+0, 2.78953e+1, 0.00000e+0, 2.85485e+1, 0.00000e+0, 3.23017e+0, 0.00000e+0, 2.87223e+0, 0.00000e+0, 2.00000e+1, 0.00000e+0, 5.00000e+0, 0.00000e+0, 3, 6, 
09/01/2024 15:05:47.214, 09/01/2024 15:05:47.136, 4.14280e+0, 0.00000e+0, 9.56555e+1, 0.00000e+0, 2.00952e+0, 0.00000e+0, 1.73566e+4, 0.00000e+0, 4.18261e+2, 0.00000e+0, 2.04501e+0, 0.00000e+0, 4.25649e+2, 0.00000e+0, 4.83935e+2, 0.00000e+0, 2.78972e+1, 0.00000e+0, 2.85463e+1, 0.00000e+0, 3.22819e+0, 0.00000e+0, 2.87209e+0, 0.00000e+0, 2.00000e+1, 0.00000e+0, 5.00000e+0, 0.00000e+0, 3, 7, 
09/01/2024 15:05:48.208, 09/01/2024 15:05:48.130, 4.14275e+0, 0.00000e+0, 9.56467e+1, 0.00000e+0, 2.00496e+0, 0.00000e+0, 1.72295e+4, 0.00000e+0, 4.19726e+2, 0.00000e+0, 2.04011e+0, 0.00000e+0, 4.27084e+2, 0.00000e+0, 4.83897e+2, 0.00000e+0, 2.78986e+1, 0.00000e+0, 2.85528e+1, 0.00000e+0, 3.22866e+0, 0.00000e+0, 2.87335e+0, 0.00000e+0, 2.00000e+1, 0.00000e+0, 5.00000e+0, 0.00000e+0, 3, 7, 
09/01/2024 15:05:49.185, 09/01/2024 15:05:49.125, 4.14263e+0, 0.00000e+0, 9.56293e+1, 0.00000e+0, 2.00647e+0, 0.00000e+0, 1.74061e+4, 0.00000e+0, 4.17009e+2, 0.00000e+0, 2.04202e+0, 0.00000e+0, 4.24396e+2, 0.00000e+0, 4.83855e+2, 0.00000e+0, 2.79004e+1, 0.00000e+0, 2.85582e+1, 0.00000e+0, 3.22861e+0, 0.00000e+0, 2.87255e+0, 0.00000e+0, 2.00000e+1, 0.00000e+0, 5.00000e+0, 0.00000e+0, 3, 7, 
09/01/2024 15:05:50.177, 09/01/2024 15:05:50.120, 4.14295e+0, 0.00000e+0, 9.56767e+1, 0.00000e+0, 2.00141e+0, 0.00000e+0, 1.73441e+4, 0.00000e+0, 4.18916e+2, 0.00000e+0, 2.03674e+0, 0.00000e+0, 4.26310e+2, 0.00000e+0, 4.83840e+2, 0.00000e+0, 2.79038e+1, 0.00000e+0, 2.85639e+1, 0.00000e+0, 3.22903e+0, 0.00000e+0, 2.87296e+0, 0.00000e+0, 2.00000e+1, 0.00000e+0, 5.00000e+0, 0.00000e+0, 3, 8, 
09/01/2024 15:05:51.173, 09/01/2024 15:05:51.114, 4.14290e+0, 0.00000e+0, 9.56692e+1, 0.00000e+0, 2.00175e+0, 0.00000e+0, 1.74673e+4, 0.00000e+0, 4.18968e+2, 0.00000e+0, 2.03734e+0, 0.00000e+0, 4.26416e+2, 0.00000e+0, 4.83958e+2, 0.00000e+0, 2.79061e+1, 0.00000e+0, 2.85643e+1, 0.00000e+0, 3.22817e+0, 0.00000e+0, 2.87312e+0, 0.00000e+0, 2.00000e+1, 0.00000e+0, 5.00000e+0, 0.00000e+0, 3, 8, 
09/01/2024 15:05:52.167, 09/01/2024 15:05:52.109, 4.14308e+0, 0.00000e+0, 9.56960e+1, 0.00000e+0, 1.99955e+0, 0.00000e+0, 1.74124e+4, 0.00000e+0, 4.18302e+2, 0.00000e+0, 2.03498e+0, 0.00000e+0, 4.25715e+2, 0.00000e+0, 4.83857e+2, 0.00000e+0, 2.79089e+1, 0.00000e+0, 2.85688e+1, 0.00000e+0, 3.22790e+0, 0.00000e+0, 2.87318e+0, 0.00000e+0, 2.00000e+1, 0.00000e+0, 5.00000e+0, 0.00000e+0, 3, 8, 
09/01/2024 15:05:53.166, 09/01/2024 15:05:53.103, 4.14305e+0, 0.00000e+0, 9.56916e+1, 0.00000e+0, 2.00303e+0, 0.00000e+0, 1.74087e+4, 0.00000e+0, 4.17102e+2, 0.00000e+0, 2.03852e+0, 0.00000e+0, 4.24492e+2, 0.00000e+0, 4.83939e+2, 0.00000e+0, 2.79108e+1, 0.00000e+0, 2.85807e+1, 0.00000e+0, 3.22741e+0, 0.00000e+0, 2.87327e+0, 0.00000e+0, 2.00000e+1, 0.00000e+0, 5.00000e+0, 0.00000e+0, 3, 1, 
09/01/2024 15:05:54.180, 09/01/2024 15:05:54.098, 4.14295e+0, 0.00000e+0, 9.56764e+1, 0.00000e+0, 2.00119e+0, 0.00000e+0, 1.74527e+4, 0.00000e+0, 4.18403e+2, 0.00000e+0, 2.03674e+0, 0.00000e+0, 4.25834e+2, 0.00000e+0, 4.83960e+2, 0.00000e+0, 2.79120e+1, 0.00000e+0, 2.85837e+1, 0.00000e+0, 3.23000e+0, 0.00000e+0, 2.87269e+0, 0.00000e+0, 2.00000e+1, 0.00000e+0, 5.00000e+0, 0.00000e+0, 3, 1, 
09/01/2024 15:05:55.148, 09/01/2024 15:05:55.092, 4.14286e+0, 0.00000e+0, 9.56637e+1, 0.00000e+0, 1.99671e+0, 0.00000e+0, 1.73438e+4, 0.00000e+0, 4.19132e+2, 0.00000e+0, 2.03195e+0, 0.00000e+0, 4.26530e+2, 0.00000e+0, 4.83887e+2, 0.00000e+0, 2.79147e+1, 0.00000e+0, 2.85842e+1, 0.00000e+0, 3.22906e+0, 0.00000e+0, 2.87376e+0, 0.00000e+0, 2.00000e+1, 0.00000e+0, 5.00000e+0, 0.00000e+0, 3, 1, 
09/01/2024 15:05:56.144, 09/01/2024 15:05:56.086, 4.14307e+0, 0.00000e+0, 9.56956e+1, 0.00000e+0, 2.00169e+0, 0.00000e+0, 1.71680e+4, 0.00000e+0, 4.18630e+2, 0.00000e+0, 2.03666e+0, 0.00000e+0, 4.25942e+2, 0.00000e+0, 4.83940e+2, 0.00000e+0, 2.79150e+1, 0.00000e+0, 2.85930e+1, 0.00000e+0, 3.23014e+0, 0.00000e+0, 2.87367e+0, 0.00000e+0, 2.00000e+1, 0.00000e+0, 5.00000e+0, 0.00000e+0, 3, 2, 
09/01/2024 15:05:57.140, 09/01/2024 15:05:57.083, 4.14302e+0, 0.00000e+0, 9.56879e+1, 0.00000e+0, 2.00131e+0, 0.00000e+0, 1.72868e+4, 0.00000e+0, 4.18653e+2, 0.00000e+0, 2.03651e+0, 0.00000e+0, 4.26017e+2, 0.00000e+0, 4.84072e+2, 0.00000e+0, 2.79148e+1, 0.00000e+0, 2.86027e+1, 0.00000e+0, 3.22946e+0, 0.00000e+0, 2.87302e+0, 0.00000e+0, 2.00000e+1, 0.00000e+0, 5.00000e+0, 0.00000e+0, 3, 2, 
09/01/2024 15:05:58.132, 09/01/2024 15:05:58.077, 4.14317e+0, 0.00000e+0, 9.57099e+1, 0.00000e+0, 2.00196e+0, 0.00000e+0, 1.74013e+4, 0.00000e+0, 4.20595e+2, 0.00000e+0, 2.03741e+0, 0.00000e+0, 4.28044e+2, 0.00000e+0, 4.84044e+2, 0.00000e+0, 2.79154e+1, 0.00000e+0, 2.86074e+1, 0.00000e+0, 3.22830e+0, 0.00000e+0, 2.87330e+0, 0.00000e+0, 2.00000e+1, 0.00000e+0, 5.00000e+0, 0.00000e+0, 3, 2, 
09/01/2024 15:05:59.131, 09/01/2024 15:05:59.070, 4.14310e+0, 0.00000e+0, 9.56998e+1, 0.00000e+0, 1.99723e+0, 0.00000e+0, 1.72841e+4, 0.00000e+0, 4.17948e+2, 0.00000e+0, 2.03236e+0, 0.00000e+0, 4.25299e+2, 0.00000e+0, 4.83969e+2, 0.00000e+0, 2.79183e+1, 0.00000e+0, 2.86089e+1, 0.00000e+0, 3.22951e+0, 0.00000e+0, 2.87350e+0, 0.00000e+0, 2.00000e+1, 0.00000e+0, 5.00000e+0, 0.00000e+0, 3, 3, 
09/01/2024 15:06:00.126, 09/01/2024 15:06:00.065, 4.14314e+0, 0.00000e+0, 9.57051e+1, 0.00000e+0, 1.99538e+0, 0.00000e+0, 1.74390e+4, 0.00000e+0, 4.19528e+2, 0.00000e+0, 2.03079e+0, 0.00000e+0, 4.26974e+2, 0.00000e+0, 4.84017e+2, 0.00000e+0, 2.79205e+1, 0.00000e+0, 2.86087e+1, 0.00000e+0, 3.23074e+0, 0.00000e+0, 2.87248e+0, 0.00000e+0, 2.00000e+1, 0.00000e+0, 5.00000e+0, 0.00000e+0, 3, 3, 
09/01/2024 15:06:01.116, 09/01/2024 15:06:01.060, 4.14304e+0, 0.00000e+0, 9.56910e+1, 0.00000e+0, 1.99702e+0, 0.00000e+0, 1.70067e+4, 0.00000e+0, 4.18351e+2, 0.00000e+0, 2.03157e+0, 0.00000e+0, 4.25588e+2, 0.00000e+0, 4.83942e+2, 0.00000e+0, 2.79220e+1, 0.00000e+0, 2.86193e+1, 0.00000e+0, 3.22952e+0, 0.00000e+0, 2.87381e+0, 0.00000e+0, 2.00000e+1, 0.00000e+0, 5.00000e+0, 0.00000e+0, 3, 3, 
09/01/2024 15:06:02.114, 09/01/2024 15:06:02.054, 4.14306e+0, 0.00000e+0, 9.56929e+1, 0.00000e+0, 1.99912e+0, 0.00000e+0, 1.72541e+4, 0.00000e+0, 4.19167e+2, 0.00000e+0, 2.03422e+0, 0.00000e+0, 4.26526e+2, 0.00000e+0, 4.83906e+2, 0.00000e+0, 2.79235e+1, 0.00000e+0, 2.86288e+1, 0.00000e+0, 3.22943e+0, 0.00000e+0, 2.87352e+0, 0.00000e+0, 2.00000e+1, 0.00000e+0, 5.00000e+0, 0.00000e+0, 3, 4, 
09/01/2024 15:06:03.125, 09/01/2024 15:06:03.049, 4.14309e+0, 0.00000e+0, 9.56978e+1, 0.00000e+0, 1.99780e+0, 0.00000e+0, 1.70976e+4, 0.00000e+0, 4.20083e+2, 0.00000e+0, 2.03255e+0, 0.00000e+0, 4.27391e+2, 0.00000e+0, 4.83891e+2, 0.00000e+0, 2.79263e+1, 0.00000e+0, 2.86338e+1, 0.00000e+0, 3.22935e+0, 0.00000e+0, 2.87341e+0, 0.00000e+0, 2.00000e+1, 0.00000e+0, 5.00000e+0, 0.00000e+0, 3, 4, 
09/01/2024 15:06:04.124, 09/01/2024 15:06:04.043, 4.14304e+0, 0.00000e+0, 9.56904e+1, 0.00000e+0, 1.99619e+0, 0.00000e+0, 1.73135e+4, 0.00000e+0, 4.20017e+2, 0.00000e+0, 2.03136e+0, 0.00000e+0, 4.27417e+2, 0.00000e+0, 4.83966e+2, 0.00000e+0, 2.79292e+1, 0.00000e+0, 2.86328e+1, 0.00000e+0, 3.22937e+0, 0.00000e+0, 2.87310e+0, 0.00000e+0, 2.00000e+1, 0.00000e+0, 5.00000e+0, 0.00000e+0, 3, 4, 
09/01/2024 15:06:05.094, 09/01/2024 15:06:05.038, 4.14303e+0, 0.00000e+0, 9.56896e+1, 0.00000e+0, 1.99905e+0, 0.00000e+0, 1.72799e+4, 0.00000e+0, 4.20005e+2, 0.00000e+0, 2.03420e+0, 0.00000e+0, 4.27390e+2, 0.00000e+0, 4.83976e+2, 0.00000e+0, 2.79316e+1, 0.00000e+0, 2.86337e+1, 0.00000e+0, 3.23063e+0, 0.00000e+0, 2.87332e+0, 0.00000e+0, 2.00000e+1, 0.00000e+0, 5.00000e+0, 0.00000e+0, 3, 5, 
09/01/2024 15:06:06.097, 09/01/2024 15:06:06.032, 4.14324e+0, 0.00000e+0, 9.57198e+1, 0.00000e+0, 1.99817e+0, 0.00000e+0, 1.72903e+4, 0.00000e+0, 4.21669e+2, 0.00000e+0, 2.03333e+0, 0.00000e+0, 4.29088e+2, 0.00000e+0, 4.83932e+2, 0.00000e+0, 2.79345e+1, 0.00000e+0, 2.86468e+1, 0.00000e+0, 3.23006e+0, 0.00000e+0, 2.87234e+0, 0.00000e+0, 2.00000e+1, 0.00000e+0, 5.00000e+0, 0.00000e+0, 3, 5, 
09/01/2024 15:06:07.087, 09/01/2024 15:06:07.027, 4.14303e+0, 0.00000e+0, 9.56887e+1, 0.00000e+0, 1.99603e+0, 0.00000e+0, 1.73082e+4, 0.00000e+0, 4.21391e+2, 0.00000e+0, 2.03119e+0, 0.00000e+0, 4.28813e+2, 0.00000e+0, 4.83995e+2, 0.00000e+0, 2.79364e+1, 0.00000e+0, 2.86499e+1, 0.00000e+0, 3.23156e+0, 0.00000e+0, 2.87307e+0, 0.00000e+0, 2.00000e+1, 0.00000e+0, 5.00000e+0, 0.00000e+0, 3, 5, 
09/01/2024 15:06:08.078, 09/01/2024 15:06:08.023, 4.14302e+0, 0.00000e+0, 9.56877e+1, 0.00000e+0, 1.99518e+0, 0.00000e+0, 1.74787e+4, 0.00000e+0, 4.20929e+2, 0.00000e+0, 2.03067e+0, 0.00000e+0, 4.28417e+2, 0.00000e+0, 4.84073e+2, 0.00000e+0, 2.79418e+1, 0.00000e+0, 2.86472e+1, 0.00000e+0, 3.23050e+0, 0.00000e+0, 2.87284e+0, 0.00000e+0, 2.00000e+1, 0.00000e+0, 5.00000e+0, 0.00000e+0, 3, 6, 
09/01/2024 15:06:09.094, 09/01/2024 15:06:09.017, 4.14302e+0, 0.00000e+0, 9.56882e+1, 0.00000e+0, 2.00195e+0, 0.00000e+0, 1.73335e+4, 0.00000e+0, 4.19127e+2, 0.00000e+0, 2.03726e+0, 0.00000e+0, 4.26520e+2, 0.00000e+0, 4.83973e+2, 0.00000e+0, 2.79456e+1, 0.00000e+0, 2.86459e+1, 0.00000e+0, 3.23005e+0, 0.00000e+0, 2.87399e+0, 0.00000e+0, 2.00000e+1, 0.00000e+0, 5.00000e+0, 0.00000e+0, 3, 6, 
09/01/2024 15:06:10.062, 09/01/2024 15:06:10.010, 4.14319e+0, 0.00000e+0, 9.57132e+1, 0.00000e+0, 1.99999e+0, 0.00000e+0, 1.72351e+4, 0.00000e+0, 4.21274e+2, 0.00000e+0, 2.03507e+0, 0.00000e+0, 4.28662e+2, 0.00000e+0, 4.83979e+2, 0.00000e+0, 2.79470e+1, 0.00000e+0, 2.86572e+1, 0.00000e+0, 3.23125e+0, 0.00000e+0, 2.87303e+0, 0.00000e+0, 2.00000e+1, 0.00000e+0, 5.00000e+0, 0.00000e+0, 3, 6, 
09/01/2024 15:06:11.060, 09/01/2024 15:06:11.005, 4.14283e+0, 0.00000e+0, 9.56596e+1, 0.00000e+0, 2.00268e+0, 0.00000e+0, 1.71564e+4, 0.00000e+0, 4.19116e+2, 0.00000e+0, 2.03764e+0, 0.00000e+0, 4.26432e+2, 0.00000e+0, 4.84033e+2, 0.00000e+0, 2.79482e+1, 0.00000e+0, 2.86580e+1, 0.00000e+0, 3.23223e+0, 0.00000e+0, 2.87344e+0, 0.00000e+0, 2.00000e+1, 0.00000e+0, 5.00000e+0, 0.00000e+0, 3, 7, 
09/01/2024 15:06:12.057, 09/01/2024 15:06:12.001, 4.14308e+0, 0.00000e+0, 9.56965e+1, 0.00000e+0, 1.99689e+0, 0.00000e+0, 1.72897e+4, 0.00000e+0, 4.21598e+2, 0.00000e+0, 2.03202e+0, 0.00000e+0, 4.29016e+2, 0.00000e+0, 4.83977e+2, 0.00000e+0, 2.79501e+1, 0.00000e+0, 2.86552e+1, 0.00000e+0, 3.23086e+0, 0.00000e+0, 2.87338e+0, 0.00000e+0, 2.00000e+1, 0.00000e+0, 5.00000e+0, 0.00000e+0, 3, 7, 
09/01/2024 15:06:13.072, 09/01/2024 15:06:12.995, 4.14292e+0, 0.00000e+0, 9.56723e+1, 0.00000e+0, 1.99925e+0, 0.00000e+0, 1.74232e+4, 0.00000e+0, 4.20166e+2, 0.00000e+0, 2.03470e+0, 0.00000e+0, 4.27617e+2, 0.00000e+0, 4.84005e+2, 0.00000e+0, 2.79552e+1, 0.00000e+0, 2.86488e+1, 0.00000e+0, 3.23194e+0, 0.00000e+0, 2.87286e+0, 0.00000e+0, 2.00000e+1, 0.00000e+0, 5.00000e+0, 0.00000e+0, 3, 7, 
09/01/2024 15:06:14.047, 09/01/2024 15:06:13.989, 4.14304e+0, 0.00000e+0, 9.56900e+1, 0.00000e+0, 2.00018e+0, 0.00000e+0, 1.71910e+4, 0.00000e+0, 4.20758e+2, 0.00000e+0, 2.03517e+0, 0.00000e+0, 4.28118e+2, 0.00000e+0, 4.83995e+2, 0.00000e+0, 2.79552e+1, 0.00000e+0, 2.86546e+1, 0.00000e+0, 3.22974e+0, 0.00000e+0, 2.87337e+0, 0.00000e+0, 2.00000e+1, 0.00000e+0, 5.00000e+0, 0.00000e+0, 3, 8, 
09/01/2024 15:06:15.043, 09/01/2024 15:06:14.985, 4.14315e+0, 0.00000e+0, 9.57069e+1, 0.00000e+0, 2.00127e+0, 0.00000e+0, 1.75331e+4, 0.00000e+0, 4.20968e+2, 0.00000e+0, 2.03698e+0, 0.00000e+0, 4.28480e+2, 0.00000e+0, 4.84062e+2, 0.00000e+0, 2.79590e+1, 0.00000e+0, 2.86568e+1, 0.00000e+0, 3.22960e+0, 0.00000e+0, 2.87363e+0, 0.00000e+0, 2.00000e+1, 0.00000e+0, 5.00000e+0, 0.00000e+0, 3, 8, 
09/01/2024 15:06:16.057, 09/01/2024 15:06:15.979, 4.14278e+0, 0.00000e+0, 9.56523e+1, 0.00000e+0, 2.00155e+0, 0.00000e+0, 1.76092e+4, 0.00000e+0, 4.20396e+2, 0.00000e+0, 2.03742e+0, 0.00000e+0, 4.27931e+2, 0.00000e+0, 4.83941e+2, 0.00000e+0, 2.79614e+1, 0.00000e+0, 2.86587e+1, 0.00000e+0, 3.22836e+0, 0.00000e+0, 2.87446e+0, 0.00000e+0, 2.00000e+1, 0.00000e+0, 5.00000e+0, 0.00000e+0, 3, 8, 
09/01/2024 15:06:17.036, 09/01/2024 15:06:16.972, 4.14266e+0, 0.00000e+0, 9.56336e+1, 0.00000e+0, 1.99832e+0, 0.00000e+0, 1.75344e+4, 0.00000e+0, 4.18076e+2, 0.00000e+0, 2.03398e+0, 0.00000e+0, 4.25537e+2, 0.00000e+0, 4.83807e+2, 0.00000e+0, 2.79641e+1, 0.00000e+0, 2.86631e+1, 0.00000e+0, 3.23091e+0, 0.00000e+0, 2.87386e+0, 0.00000e+0, 2.00000e+1, 0.00000e+0, 5.00000e+0, 0.00000e+0, 3, 1, 
09/01/2024 15:06:18.030, 09/01/2024 15:06:17.967, 4.14279e+0, 0.00000e+0, 9.56538e+1, 0.00000e+0, 2.00085e+0, 0.00000e+0, 1.75241e+4, 0.00000e+0, 4.19612e+2, 0.00000e+0, 2.03654e+0, 0.00000e+0, 4.27096e+2, 0.00000e+0, 4.83898e+2, 0.00000e+0, 2.79653e+1, 0.00000e+0, 2.86665e+1, 0.00000e+0, 3.22923e+0, 0.00000e+0, 2.87305e+0, 0.00000e+0, 2.00000e+1, 0.00000e+0, 5.00000e+0, 0.00000e+0, 3, 1, 
09/01/2024 15:06:19.020, 09/01/2024 15:06:18.963, 4.14277e+0, 0.00000e+0, 9.56498e+1, 0.00000e+0, 2.00686e+0, 0.00000e+0, 1.74002e+4, 0.00000e+0, 4.18249e+2, 0.00000e+0, 2.04240e+0, 0.00000e+0, 4.25656e+2, 0.00000e+0, 4.83922e+2, 0.00000e+0, 2.79698e+1, 0.00000e+0, 2.86642e+1, 0.00000e+0, 3.23057e+0, 0.00000e+0, 2.87334e+0, 0.00000e+0, 2.00000e+1, 0.00000e+0, 5.00000e+0, 0.00000e+0, 3, 1, 
09/01/2024 15:06:20.011, 09/01/2024 15:06:19.955, 4.14273e+0, 0.00000e+0, 9.56449e+1, 0.00000e+0, 2.00719e+0, 0.00000e+0, 1.74301e+4, 0.00000e+0, 4.19785e+2, 0.00000e+0, 2.04279e+0, 0.00000e+0, 4.27232e+2, 0.00000e+0, 4.83913e+2, 0.00000e+0, 2.79750e+1, 0.00000e+0, 2.86693e+1, 0.00000e+0, 3.23007e+0, 0.00000e+0, 2.87202e+0, 0.00000e+0, 2.00000e+1, 0.00000e+0, 5.00000e+0, 0.00000e+0, 3, 2, 
09/01/2024 15:06:21.010, 09/01/2024 15:06:20.950, 4.14142e+0, 0.00000e+0, 9.54491e+1, 0.00000e+0, 2.00573e+0, 0.00000e+0, 1.71586e+4, 0.00000e+0, 4.19700e+2, 0.00000e+0, 2.04074e+0, 0.00000e+0, 4.27027e+2, 0.00000e+0, 4.83525e+2, 0.00000e+0, 2.79927e+1, 0.00000e+0, 2.86652e+1, 0.00000e+0, 3.22933e+0, 0.00000e+0, 2.87269e+0, 0.00000e+0, 2.00000e+1, 0.00000e+0, 5.00000e+0, 0.00000e+0, 3, 2, 
09/01/2024 15:06:22.005, 09/01/2024 15:06:21.946, 4.14277e+0, 0.00000e+0, 9.56507e+1, 0.00000e+0, 2.00031e+0, 0.00000e+0, 1.72698e+4, 0.00000e+0, 4.19382e+2, 0.00000e+0, 2.03547e+0, 0.00000e+0, 4.26752e+2, 0.00000e+0, 4.83954e+2, 0.00000e+0, 2.79833e+1, 0.00000e+0, 2.86822e+1, 0.00000e+0, 3.23094e+0, 0.00000e+0, 2.87279e+0, 0.00000e+0, 2.00000e+1, 0.00000e+0, 5.00000e+0, 0.00000e+0, 3, 2, 
09/01/2024 15:06:23.023, 09/01/2024 15:06:22.939, 4.14240e+0, 0.00000e+0, 9.55950e+1, 0.00000e+0, 2.00308e+0, 0.00000e+0, 1.74970e+4, 0.00000e+0, 4.20186e+2, 0.00000e+0, 2.03876e+0, 0.00000e+0, 4.27668e+2, 0.00000e+0, 4.83922e+2, 0.00000e+0, 2.79896e+1, 0.00000e+0, 2.86773e+1, 0.00000e+0, 3.23054e+0, 0.00000e+0, 2.87213e+0, 0.00000e+0, 2.00000e+1, 0.00000e+0, 5.00000e+0, 0.00000e+0, 3, 3, 
09/01/2024 15:06:26.943, 09/01/2024 15:06:26.868, 4.14218e+0, 0.00000e+0, 9.55623e+1, 0.00000e+0, 1.99974e+0, 0.00000e+0, 1.73205e+4, 0.00000e+0, 4.21330e+2, 0.00000e+0, 2.03499e+0, 0.00000e+0, 4.28756e+2, 0.00000e+0, 4.83795e+2, 0.00000e+0, 2.79798e+1, 0.00000e+0, 2.86914e+1, 0.00000e+0, 3.23152e+0, 0.00000e+0, 2.87320e+0, 0.00000e+0, 2.00000e+1, 0.00000e+0, 5.00000e+0, 0.00000e+0, 3, 3, 
09/01/2024 15:06:27.024, 09/01/2024 15:06:26.952, 4.14066e+0, 0.00000e+0, 9.53357e+1, 0.00000e+0, 2.00020e+0, 0.00000e+0, 1.72411e+4, 0.00000e+0, 4.21686e+2, 0.00000e+0, 2.03529e+0, 0.00000e+0, 4.29084e+2, 0.00000e+0, 4.82818e+2, 0.00000e+0, 2.79747e+1, 0.00000e+0, 2.86963e+1, 0.00000e+0, 3.23261e+0, 0.00000e+0, 2.87237e+0, 0.00000e+0, 2.00000e+1, 0.00000e+0, 5.00000e+0, 0.00000e+0, 3, 3, 
09/01/2024 15:06:27.078, 09/01/2024 15:06:27.027, 4.14103e+0, 0.00000e+0, 9.53921e+1, 0.00000e+0, 2.00152e+0, 0.00000e+0, 1.72029e+4, 0.00000e+0, 4.19977e+2, 0.00000e+0, 2.03656e+0, 0.00000e+0, 4.27328e+2, 0.00000e+0, 4.83173e+2, 0.00000e+0, 2.79752e+1, 0.00000e+0, 2.86913e+1, 0.00000e+0, 3.23168e+0, 0.00000e+0, 2.87356e+0, 0.00000e+0, 2.00000e+1, 0.00000e+0, 5.00000e+0, 0.00000e+0, 3, 4, 
09/01/2024 15:06:27.991, 09/01/2024 15:06:27.912, 4.14250e+0, 0.00000e+0, 9.56104e+1, 0.00000e+0, 1.99973e+0, 0.00000e+0, 1.74843e+4, 0.00000e+0, 4.21752e+2, 0.00000e+0, 2.03531e+0, 0.00000e+0, 4.29257e+2, 0.00000e+0, 4.83864e+2, 0.00000e+0, 2.79855e+1, 0.00000e+0, 2.87089e+1, 0.00000e+0, 3.23074e+0, 0.00000e+0, 2.87420e+0, 0.00000e+0, 2.00000e+1, 0.00000e+0, 5.00000e+0, 0.00000e+0, 3, 4, 
09/01/2024 15:06:28.974, 09/01/2024 15:06:28.907, 4.14290e+0, 0.00000e+0, 9.56695e+1, 0.00000e+0, 2.00113e+0, 0.00000e+0, 1.74356e+4, 0.00000e+0, 4.21504e+2, 0.00000e+0, 2.03664e+0, 0.00000e+0, 4.28983e+2, 0.00000e+0, 4.83989e+2, 0.00000e+0, 2.79917e+1, 0.00000e+0, 2.87166e+1, 0.00000e+0, 3.23137e+0, 0.00000e+0, 2.87307e+0, 0.00000e+0, 2.00000e+1, 0.00000e+0, 5.00000e+0, 0.00000e+0, 3, 4, 
09/01/2024 15:06:29.958, 09/01/2024 15:06:29.902, 4.14271e+0, 0.00000e+0, 9.56414e+1, 0.00000e+0, 1.99660e+0, 0.00000e+0, 1.75958e+4, 0.00000e+0, 4.20694e+2, 0.00000e+0, 2.03236e+0, 0.00000e+0, 4.28229e+2, 0.00000e+0, 4.83951e+2, 0.00000e+0, 2.79945e+1, 0.00000e+0, 2.87174e+1, 0.00000e+0, 3.23289e+0, 0.00000e+0, 2.87357e+0, 0.00000e+0, 2.00000e+1, 0.00000e+0, 5.00000e+0, 0.00000e+0, 3, 4, 
09/01/2024 15:06:30.965, 09/01/2024 15:06:30.896, 4.14270e+0, 0.00000e+0, 9.56397e+1, 0.00000e+0, 2.00103e+0, 0.00000e+0, 1.73476e+4, 0.00000e+0, 4.18341e+2, 0.00000e+0, 2.03636e+0, 0.00000e+0, 4.25727e+2, 0.00000e+0, 4.83837e+2, 0.00000e+0, 2.79956e+1, 0.00000e+0, 2.87234e+1, 0.00000e+0, 3.23106e+0, 0.00000e+0, 2.87383e+0, 0.00000e+0, 2.00000e+1, 0.00000e+0, 5.00000e+0, 0.00000e+0, 3, 4, 
09/01/2024 15:06:31.946, 09/01/2024 15:06:31.892, 4.14255e+0, 0.00000e+0, 9.56175e+1, 0.00000e+0, 2.00087e+0, 0.00000e+0, 1.67301e+4, 0.00000e+0, 4.21231e+2, 0.00000e+0, 2.03492e+0, 0.00000e+0, 4.28399e+2, 0.00000e+0, 4.83949e+2, 0.00000e+0, 2.79968e+1, 0.00000e+0, 2.87338e+1, 0.00000e+0, 3.23169e+0, 0.00000e+0, 2.87369e+0, 0.00000e+0, 2.00000e+1, 0.00000e+0, 5.00000e+0, 0.00000e+0, 3, 5, 
09/01/2024 15:06:32.998, 09/01/2024 15:06:32.926, 4.13988e+0, 0.00000e+0, 9.52202e+1, 0.00000e+0, 2.00411e+0, 0.00000e+0, 1.69486e+4, 0.00000e+0, 4.21884e+2, 0.00000e+0, 2.03866e+0, 0.00000e+0, 4.29157e+2, 0.00000e+0, 4.83356e+2, 0.00000e+0, 2.80204e+1, 0.00000e+0, 2.87225e+1, 0.00000e+0, 3.23122e+0, 0.00000e+0, 2.87330e+0, 0.00000e+0, 2.00000e+1, 0.00000e+0, 5.00000e+0, 0.00000e+0, 3, 5, 
09/01/2024 15:06:33.933, 09/01/2024 15:06:33.879, 4.14083e+0, 0.00000e+0, 9.53614e+1, 0.00000e+0, 2.00289e+0, 0.00000e+0, 1.70745e+4, 0.00000e+0, 4.20270e+2, 0.00000e+0, 2.03768e+0, 0.00000e+0, 4.27570e+2, 0.00000e+0, 4.83438e+2, 0.00000e+0, 2.80119e+1, 0.00000e+0, 2.87409e+1, 0.00000e+0, 3.23230e+0, 0.00000e+0, 2.87201e+0, 0.00000e+0, 2.00000e+1, 0.00000e+0, 5.00000e+0, 0.00000e+0, 3, 5, 
09/01/2024 15:06:34.950, 09/01/2024 15:06:34.874, 4.14165e+0, 0.00000e+0, 9.54840e+1, 0.00000e+0, 2.00348e+0, 0.00000e+0, 1.72390e+4, 0.00000e+0, 4.22249e+2, 0.00000e+0, 2.03862e+0, 0.00000e+0, 4.29656e+2, 0.00000e+0, 4.83624e+2, 0.00000e+0, 2.80039e+1, 0.00000e+0, 2.87528e+1, 0.00000e+0, 3.23066e+0, 0.00000e+0, 2.87248e+0, 0.00000e+0, 2.00000e+1, 0.00000e+0, 5.00000e+0, 0.00000e+0, 3, 6, 
09/01/2024 15:06:35.925, 09/01/2024 15:06:35.869, 4.14244e+0, 0.00000e+0, 9.56016e+1, 0.00000e+0, 1.99903e+0, 0.00000e+0, 1.74525e+4, 0.00000e+0, 4.21693e+2, 0.00000e+0, 2.03453e+0, 0.00000e+0, 4.29183e+2, 0.00000e+0, 4.83968e+2, 0.00000e+0, 2.80124e+1, 0.00000e+0, 2.87664e+1, 0.00000e+0, 3.23044e+0, 0.00000e+0, 2.87227e+0, 0.00000e+0, 2.00000e+1, 0.00000e+0, 5.00000e+0, 0.00000e+0, 3, 6, 
09/01/2024 15:06:36.923, 09/01/2024 15:06:36.864, 4.14142e+0, 0.00000e+0, 9.54499e+1, 0.00000e+0, 2.00307e+0, 0.00000e+0, 1.72310e+4, 0.00000e+0, 4.19925e+2, 0.00000e+0, 2.03819e+0, 0.00000e+0, 4.27287e+2, 0.00000e+0, 4.83616e+2, 0.00000e+0, 2.80406e+1, 0.00000e+0, 2.87592e+1, 0.00000e+0, 3.23072e+0, 0.00000e+0, 2.87450e+0, 0.00000e+0, 2.00000e+1, 0.00000e+0, 5.00000e+0, 0.00000e+0, 3, 6, 
09/01/2024 15:06:37.915, 09/01/2024 15:06:37.857, 4.14116e+0, 0.00000e+0, 9.54108e+1, 0.00000e+0, 2.00058e+0, 0.00000e+0, 1.67899e+4, 0.00000e+0, 4.19857e+2, 0.00000e+0, 2.03475e+0, 0.00000e+0, 4.27027e+2, 0.00000e+0, 4.83651e+2, 0.00000e+0, 2.80345e+1, 0.00000e+0, 2.87549e+1, 0.00000e+0, 3.23216e+0, 0.00000e+0, 2.87448e+0, 0.00000e+0, 2.00000e+1, 0.00000e+0, 5.00000e+0, 0.00000e+0, 3, 6, 
09/01/2024 15:06:38.910, 09/01/2024 15:06:38.853, 4.14130e+0, 0.00000e+0, 9.54322e+1, 0.00000e+0, 2.00280e+0, 0.00000e+0, 1.71235e+4, 0.00000e+0, 4.20482e+2, 0.00000e+0, 2.03769e+0, 0.00000e+0, 4.27808e+2, 0.00000e+0, 4.83716e+2, 0.00000e+0, 2.80240e+1, 0.00000e+0, 2.87617e+1, 0.00000e+0, 3.23219e+0, 0.00000e+0, 2.87478e+0, 0.00000e+0, 2.00000e+1, 0.00000e+0, 5.00000e+0, 0.00000e+0, 3, 7, 
09/01/2024 15:06:39.898, 09/01/2024 15:06:39.847, 4.14172e+0, 0.00000e+0, 9.54934e+1, 0.00000e+0, 1.99940e+0, 0.00000e+0, 1.72605e+4, 0.00000e+0, 4.20774e+2, 0.00000e+0, 2.03452e+0, 0.00000e+0, 4.28164e+2, 0.00000e+0, 4.83689e+2, 0.00000e+0, 2.80208e+1, 0.00000e+0, 2.87601e+1, 0.00000e+0, 3.23101e+0, 0.00000e+0, 2.87367e+0, 0.00000e+0, 2.00000e+1, 0.00000e+0, 5.00000e+0, 0.00000e+0, 3, 7, 
09/01/2024 15:06:40.922, 09/01/2024 15:06:40.841, 4.14262e+0, 0.00000e+0, 9.56283e+1, 0.00000e+0, 2.03671e+0, 0.00000e+0, 1.74439e+4, 0.00000e+0, 4.22326e+2, 0.00000e+0, 2.07286e+0, 0.00000e+0, 4.29824e+2, 0.00000e+0, 4.83953e+2, 0.00000e+0, 2.80216e+1, 0.00000e+0, 2.87661e+1, 0.00000e+0, 3.23120e+0, 0.00000e+0, 2.87395e+0, 0.00000e+0, 2.00000e+1, 0.00000e+0, 5.00000e+0, 0.00000e+0, 3, 7, 
09/01/2024 15:06:41.905, 09/01/2024 15:06:41.835, 4.14244e+0, 0.00000e+0, 9.56008e+1, 0.00000e+0, 2.03423e+0, 0.00000e+0, 1.72554e+4, 0.00000e+0, 4.18747e+2, 0.00000e+0, 2.06995e+0, 0.00000e+0, 4.26100e+2, 0.00000e+0, 4.83858e+2, 0.00000e+0, 2.80231e+1, 0.00000e+0, 2.87726e+1, 0.00000e+0, 3.23269e+0, 0.00000e+0, 2.87411e+0, 0.00000e+0, 2.00000e+1, 0.00000e+0, 5.00000e+0, 0.00000e+0, 3, 8, 
09/01/2024 15:06:42.891, 09/01/2024 15:06:42.831, 4.14099e+0, 0.00000e+0, 9.53859e+1, 0.00000e+0, 2.04615e+0, 0.00000e+0, 1.71601e+4, 0.00000e+0, 4.19990e+2, 0.00000e+0, 2.08187e+0, 0.00000e+0, 4.27323e+2, 0.00000e+0, 4.83554e+2, 0.00000e+0, 2.80439e+1, 0.00000e+0, 2.87626e+1, 0.00000e+0, 3.23078e+0, 0.00000e+0, 2.87390e+0, 0.00000e+0, 2.00000e+1, 0.00000e+0, 5.00000e+0, 0.00000e+0, 3, 8, 
09/01/2024 15:06:43.902, 09/01/2024 15:06:43.825, 4.14187e+0, 0.00000e+0, 9.55169e+1, 0.00000e+0, 2.00373e+0, 0.00000e+0, 1.70162e+4, 0.00000e+0, 4.20761e+2, 0.00000e+0, 2.03842e+0, 0.00000e+0, 4.28044e+2, 0.00000e+0, 4.83757e+2, 0.00000e+0, 2.80351e+1, 0.00000e+0, 2.87691e+1, 0.00000e+0, 3.23044e+0, 0.00000e+0, 2.87424e+0, 0.00000e+0, 2.00000e+1, 0.00000e+0, 5.00000e+0, 0.00000e+0, 3, 8, 
09/01/2024 15:06:44.902, 09/01/2024 15:06:44.819, 4.14268e+0, 0.00000e+0, 9.56366e+1, 0.00000e+0, 2.03735e+0, 0.00000e+0, 1.69571e+4, 0.00000e+0, 4.20175e+2, 0.00000e+0, 2.07250e+0, 0.00000e+0, 4.27423e+2, 0.00000e+0, 4.83955e+2, 0.00000e+0, 2.80288e+1, 0.00000e+0, 2.87785e+1, 0.00000e+0, 3.23192e+0, 0.00000e+0, 2.87486e+0, 0.00000e+0, 2.00000e+1, 0.00000e+0, 5.00000e+0, 0.00000e+0, 3, 1, 
09/01/2024 15:06:45.870, 09/01/2024 15:06:45.814, 4.14276e+0, 0.00000e+0, 9.56483e+1, 0.00000e+0, 2.03770e+0, 0.00000e+0, 1.73248e+4, 0.00000e+0, 4.22290e+2, 0.00000e+0, 2.07363e+0, 0.00000e+0, 4.29735e+2, 0.00000e+0, 4.83980e+2, 0.00000e+0, 2.80262e+1, 0.00000e+0, 2.87835e+1, 0.00000e+0, 3.23153e+0, 0.00000e+0, 2.87350e+0, 0.00000e+0, 2.00000e+1, 0.00000e+0, 5.00000e+0, 0.00000e+0, 3, 1, 
09/01/2024 15:06:46.868, 09/01/2024 15:06:46.809, 4.14260e+0, 0.00000e+0, 9.56256e+1, 0.00000e+0, 2.04029e+0, 0.00000e+0, 1.74339e+4, 0.00000e+0, 4.21011e+2, 0.00000e+0, 2.07650e+0, 0.00000e+0, 4.28481e+2, 0.00000e+0, 4.84105e+2, 0.00000e+0, 2.80338e+1, 0.00000e+0, 2.87838e+1, 0.00000e+0, 3.23027e+0, 0.00000e+0, 2.87436e+0, 0.00000e+0, 2.00000e+1, 0.00000e+0, 5.00000e+0, 0.00000e+0, 3, 1, 
09/01/2024 15:06:47.886, 09/01/2024 15:06:47.803, 4.14268e+0, 0.00000e+0, 9.56371e+1, 0.00000e+0, 2.00641e+0, 0.00000e+0, 1.71958e+4, 0.00000e+0, 4.20520e+2, 0.00000e+0, 2.04151e+0, 0.00000e+0, 4.27877e+2, 0.00000e+0, 4.84040e+2, 0.00000e+0, 2.80345e+1, 0.00000e+0, 2.87844e+1, 0.00000e+0, 3.23091e+0, 0.00000e+0, 2.87378e+0, 0.00000e+0, 2.00000e+1, 0.00000e+0, 5.00000e+0, 0.00000e+0, 3, 2, 
09/01/2024 15:06:48.885, 09/01/2024 15:06:48.798, 4.14270e+0, 0.00000e+0, 9.56401e+1, 0.00000e+0, 2.03841e+0, 0.00000e+0, 1.69357e+4, 0.00000e+0, 4.20066e+2, 0.00000e+0, 2.07353e+0, 0.00000e+0, 4.27302e+2, 0.00000e+0, 4.84139e+2, 0.00000e+0, 2.80313e+1, 0.00000e+0, 2.87917e+1, 0.00000e+0, 3.23033e+0, 0.00000e+0, 2.87435e+0, 0.00000e+0, 2.00000e+1, 0.00000e+0, 5.00000e+0, 0.00000e+0, 3, 2, 
09/01/2024 15:06:49.940, 09/01/2024 15:06:49.862, 4.14212e+0, 0.00000e+0, 9.55531e+1, 0.00000e+0, 2.00684e+0, 0.00000e+0, 1.67675e+4, 0.00000e+0, 4.19112e+2, 0.00000e+0, 2.04107e+0, 0.00000e+0, 4.26259e+2, 0.00000e+0, 4.83889e+2, 0.00000e+0, 2.80348e+1, 0.00000e+0, 2.87909e+1, 0.00000e+0, 3.23035e+0, 0.00000e+0, 2.87372e+0, 0.00000e+0, 2.00000e+1, 0.00000e+0, 5.00000e+0, 0.00000e+0, 3, 2, 
09/01/2024 15:06:50.868, 09/01/2024 15:06:50.787, 4.14219e+0, 0.00000e+0, 9.55647e+1, 0.00000e+0, 2.04367e+0, 0.00000e+0, 1.72053e+4, 0.00000e+0, 4.20458e+2, 0.00000e+0, 2.07945e+0, 0.00000e+0, 4.27819e+2, 0.00000e+0, 4.84012e+2, 0.00000e+0, 2.80516e+1, 0.00000e+0, 2.87976e+1, 0.00000e+0, 3.23028e+0, 0.00000e+0, 2.87408e+0, 0.00000e+0, 2.00000e+1, 0.00000e+0, 5.00000e+0, 0.00000e+0, 3, 3, 
09/01/2024 15:06:51.839, 09/01/2024 15:06:51.781, 4.14254e+0, 0.00000e+0, 9.56163e+1, 0.00000e+0, 2.03882e+0, 0.00000e+0, 1.70129e+4, 0.00000e+0, 4.22452e+2, 0.00000e+0, 2.07411e+0, 0.00000e+0, 4.29763e+2, 0.00000e+0, 4.83993e+2, 0.00000e+0, 2.80468e+1, 0.00000e+0, 2.88059e+1, 0.00000e+0, 3.23055e+0, 0.00000e+0, 2.87409e+0, 0.00000e+0, 2.00000e+1, 0.00000e+0, 5.00000e+0, 0.00000e+0, 3, 3, 
09/01/2024 15:06:54.554, 09/01/2024 15:06:54.497, 4.14122e+0, 0.00000e+0, 9.54199e+1, 0.00000e+0, 2.04274e+0, 0.00000e+0, 1.76008e+4, 0.00000e+0, 4.20520e+2, 0.00000e+0, 2.07933e+0, 0.00000e+0, 4.28055e+2, 0.00000e+0, 4.83663e+2, 0.00000e+0, 2.80405e+1, 0.00000e+0, 2.88138e+1, 0.00000e+0, 3.23038e+0, 0.00000e+0, 2.87486e+0, 0.00000e+0, 2.00000e+1, 0.00000e+0, 5.00000e+0, 0.00000e+0, 3, 3, 
09/01/2024 15:06:54.615, 09/01/2024 15:06:54.563, 4.14016e+0, 0.00000e+0, 9.52624e+1, 0.00000e+0, 2.03717e+0, 0.00000e+0, 1.68025e+4, 0.00000e+0, 4.18668e+2, 0.00000e+0, 2.07199e+0, 0.00000e+0, 4.25823e+2, 0.00000e+0, 4.84313e+2, 0.00000e+0, 2.80375e+1, 0.00000e+0, 2.88234e+1, 0.00000e+0, 3.22985e+0, 0.00000e+0, 2.87192e+0, 0.00000e+0, 2.00000e+1, 0.00000e+0, 5.00000e+0, 0.00000e+0, 3, 4, 
09/01/2024 15:06:54.848, 09/01/2024 15:06:54.766, 4.14042e+0, 0.00000e+0, 9.53006e+1, 0.00000e+0, 2.00521e+0, 0.00000e+0, 1.68423e+4, 0.00000e+0, 4.21841e+2, 0.00000e+0, 2.03956e+0, 0.00000e+0, 4.29068e+2, 0.00000e+0, 4.82887e+2, 0.00000e+0, 2.80907e+1, 0.00000e+0, 2.88171e+1, 0.00000e+0, 3.22963e+0, 0.00000e+0, 2.87203e+0, 0.00000e+0, 2.00000e+1, 0.00000e+0, 5.00000e+0, 0.00000e+0, 3, 5, 
09/01/2024 15:06:55.821, 09/01/2024 15:06:55.759, 4.14293e+0, 0.00000e+0, 9.56746e+1, 0.00000e+0, 2.00133e+0, 0.00000e+0, 1.73101e+4, 0.00000e+0, 4.21095e+2, 0.00000e+0, 2.03658e+0, 0.00000e+0, 4.28512e+2, 0.00000e+0, 4.84101e+2, 0.00000e+0, 2.80486e+1, 0.00000e+0, 2.88396e+1, 0.00000e+0, 3.23026e+0, 0.00000e+0, 2.87306e+0, 0.00000e+0, 2.00000e+1, 0.00000e+0, 5.00000e+0, 0.00000e+0, 3, 5, 
09/01/2024 15:06:56.854, 09/01/2024 15:06:56.775, 4.13850e+0, 0.00000e+0, 9.50146e+1, 0.00000e+0, 2.03844e+0, 0.00000e+0, 1.71830e+4, 0.00000e+0, 4.24252e+2, 0.00000e+0, 2.07408e+0, 0.00000e+0, 4.31669e+2, 0.00000e+0, 4.83081e+2, 0.00000e+0, 2.81741e+1, 0.00000e+0, 2.88078e+1, 0.00000e+0, 3.23181e+0, 0.00000e+0, 2.87134e+0, 0.00000e+0, 2.00000e+1, 0.00000e+0, 5.00000e+0, 0.00000e+0, 3, 5, 
09/01/2024 15:06:57.838, 09/01/2024 15:06:57.757, 4.13966e+0, 0.00000e+0, 9.51868e+1, 0.00000e+0, 2.03837e+0, 0.00000e+0, 1.77363e+4, 0.00000e+0, 4.20220e+2, 0.00000e+0, 2.07517e+0, 0.00000e+0, 4.27807e+2, 0.00000e+0, 4.83469e+2, 0.00000e+0, 2.81187e+1, 0.00000e+0, 2.88308e+1, 0.00000e+0, 3.23073e+0, 0.00000e+0, 2.87404e+0, 0.00000e+0, 2.00000e+1, 0.00000e+0, 5.00000e+0, 0.00000e+0, 3, 5, 
09/01/2024 15:06:58.836, 09/01/2024 15:06:58.782, 4.13507e+0, 0.00000e+0, 9.45045e+1, 0.00000e+0, 2.04003e+0, 0.00000e+0, 1.70703e+4, 0.00000e+0, 4.19666e+2, 0.00000e+0, 2.07546e+0, 0.00000e+0, 4.26954e+2, 0.00000e+0, 4.82451e+2, 0.00000e+0, 2.81880e+1, 0.00000e+0, 2.88000e+1, 0.00000e+0, 3.23148e+0, 0.00000e+0, 2.87378e+0, 0.00000e+0, 2.00000e+1, 0.00000e+0, 5.00000e+0, 0.00000e+0, 3, 5, 
09/01/2024 15:06:59.826, 09/01/2024 15:06:59.744, 4.13437e+0, 0.00000e+0, 9.44000e+1, 0.00000e+0, 2.04832e+0, 0.00000e+0, 1.67999e+4, 0.00000e+0, 4.19563e+2, 0.00000e+0, 2.08332e+0, 0.00000e+0, 4.26732e+2, 0.00000e+0, 4.82286e+2, 0.00000e+0, 2.82129e+1, 0.00000e+0, 2.88132e+1, 0.00000e+0, 3.23079e+0, 0.00000e+0, 2.87355e+0, 0.00000e+0, 2.00000e+1, 0.00000e+0, 5.00000e+0, 0.00000e+0, 3, 6, 
