x0,z0,y0,x1,z1,y1,r0,r1,L,area,order,tree
0,0,0,0,0,0.11653631284916201,0.26,0.26,0.11653631284916201,0.190377004648152,0,EMS hem 321902
0,0,0.11653631284916201,0,0,0.23307262569832402,0.26,0.26,0.11653631284916201,0.190377004648152,0,EMS hem 321902
0,0,0.23307262569832402,0,0,0.34960893854748604,0.26,0.26,0.11653631284916202,0.190377004648152,0,EMS hem 321902
0,0,0.34960893854748604,0,0,0.46614525139664803,0.26,0.26,0.116536312849162,0.19037700464815197,0,EMS hem 321902
0,0,0.46614525139664803,0,0,0.5,0.26,0.26,0.03385474860335197,0.05530607134073833,0,EMS hem 321902
0,0,0.5,0,0,0.5826815642458101,0.26,0.2577951582867784,0.08268156424581008,0.1345460348064547,0,EMS hem 321902
0,0,0.5826815642458101,0,0,0.6992178770949721,0.2577951582867784,0.2546875232774674,0.116536312849162,0.187691541219131,0,EMS hem 321902
0,0,0.6992178770949721,0,0,0.8157541899441341,0.2546875232774674,0.2515798882681564,0.116536312849162,0.18541526213526507,0,EMS hem 321902
0,0,0.8157541899441341,0,0,0.9322905027932961,0.2515798882681564,0.24847225325884545,0.116536312849162,0.18313898305139914,0,EMS hem 321902
0,0,0.9322905027932961,0,0,1.048826815642458,0.24847225325884545,0.24536461824953446,0.116536312849162,0.18086270396753323,0,EMS hem 321902
0,0,1.048826815642458,0,0,1.1653631284916202,0.24536461824953446,0.24225698324022346,0.1165363128491621,0.17858642488366747,0,EMS hem 321902
0,0,1.1653631284916202,0,0,1.25,0.24225698324022346,0.24,0.08463687150837984,0.12827509961228448,0,EMS hem 321902
0,0,1.25,0,0,1.281899441340782,0.24,0.23957467411545624,0.03189944134078204,0.0480648720819857,0,EMS hem 321902
0,0,1.281899441340782,0,0,1.3984357541899441,0.23957467411545624,0.23802085661080075,0.1165363128491621,0.17486786207047103,0,EMS hem 321902
0,0,1.3984357541899441,0,0,1.514972067039106,0.23802085661080075,0.23646703910614525,0.11653631284916188,0.17373002585716443,0,EMS hem 321902
0,0,1.514972067039106,0,0,1.6315083798882681,0.23646703910614525,0.23491322160148975,0.1165363128491621,0.1725921896438585,0,EMS hem 321902
0,0,1.6315083798882681,0,0,1.74804469273743,0.23491322160148975,0.23335940409683428,0.11653631284916188,0.1714543534305519,0,EMS hem 321902
0,0,1.74804469273743,0,0,1.8645810055865921,0.23335940409683428,0.23180558659217879,0.1165363128491621,0.17031651721724597,0,EMS hem 321902
0,0,1.8645810055865921,0,0,1.9811173184357542,0.23180558659217879,0.2302517690875233,0.1165363128491621,0.1691786810039397,0,EMS hem 321902
0,0,1.9811173184357542,0,0,2,0.2302517690875233,0.23,0.018882681564245773,0.027305341280427536,0,EMS hem 321902
0,0,2,0,0,2.097653631284916,0.23,0.2289013966480447,0.09765363128491611,0.14079431864079128,0,EMS hem 321902
0,0,2.097653631284916,0,0,2.214189944134078,0.2289013966480447,0.22759036312849162,0.1165363128491621,0.167136602287769,0,EMS hem 321902
0,0,2.214189944134078,0,0,2.3307262569832403,0.22759036312849162,0.22627932960893857,0.1165363128491621,0.1661765775633326,0,EMS hem 321902
0,0,2.3307262569832403,0,0,2.447262569832402,0.22627932960893857,0.22496829608938548,0.11653631284916166,0.16521655283889558,0,EMS hem 321902
0,0,2.447262569832402,0,0,2.563798882681564,0.22496829608938548,0.2236572625698324,0.1165363128491621,0.16425652811445984,0,EMS hem 321902
0,0,2.563798882681564,0,0,2.680335195530726,0.2236572625698324,0.22234622905027934,0.1165363128491621,0.16329650339002344,0,EMS hem 321902
0,0,2.680335195530726,0,0,2.7968715083798883,0.22234622905027934,0.22103519553072626,0.1165363128491621,0.16233647866558706,0,EMS hem 321902
0,0,2.7968715083798883,0,0,2.9134078212290504,0.22103519553072626,0.2197241620111732,0.1165363128491621,0.16137645394115066,0,EMS hem 321902
0,0,2.9134078212290504,0,0,3.029944134078212,0.2197241620111732,0.21841312849162012,0.11653631284916166,0.16041642921671365,0,EMS hem 321902
0,0,3.029944134078212,0,0,3.146480446927374,0.21841312849162012,0.21710209497206706,0.1165363128491621,0.1594564044922779,0,EMS hem 321902
0,0,3.146480446927374,0,0,3.2630167597765363,0.21710209497206706,0.21579106145251398,0.1165363128491621,0.1584963797678415,0,EMS hem 321902
0,0,3.2630167597765363,0,0,3.3795530726256984,0.21579106145251398,0.2144800279329609,0.1165363128491621,0.1575363550434051,0,EMS hem 321902
0,0,3.3795530726256984,0,0,3.49608938547486,0.2144800279329609,0.21316899441340784,0.11653631284916166,0.1565763303189681,0,EMS hem 321902
0,0,3.49608938547486,0,0,3.612625698324022,0.21316899441340784,0.21185796089385475,0.1165363128491621,0.15561630559453232,0,EMS hem 321902
0,0,3.612625698324022,0,0,3.7291620111731842,0.21185796089385475,0.2105469273743017,0.1165363128491621,0.15465628087009595,0,EMS hem 321902
0,0,3.7291620111731842,0,0,3.8456983240223463,0.2105469273743017,0.2092358938547486,0.1165363128491621,0.15369625614565957,0,EMS hem 321902
0,0,3.8456983240223463,0,0,3.9622346368715085,0.2092358938547486,0.20792486033519553,0.1165363128491621,0.15273623142122317,0,EMS hem 321902
0,0,3.9622346368715085,0,0,4.078770949720671,0.20792486033519553,0.20661382681564247,0.1165363128491621,0.15177620669678676,0,EMS hem 321902
0,0,4.078770949720671,0,0,4.195307262569832,0.20661382681564247,0.2053027932960894,0.11653631284916166,0.1508161819723498,0,EMS hem 321902
0,0,4.195307262569832,0,0,4.311843575418994,0.2053027932960894,0.20399175977653633,0.11653631284916166,0.14985615724791343,0,EMS hem 321902
0,0,4.311843575418994,0,0,4.428379888268156,0.20399175977653633,0.20268072625698325,0.11653631284916255,0.14889613252347814,0,EMS hem 321902
0,0,4.428379888268156,0,0,4.544916201117318,0.20268072625698325,0.20136969273743016,0.11653631284916166,0.14793610779904062,0,EMS hem 321902
0,0,4.544916201117318,0,0,4.661452513966481,0.20136969273743016,0.2000586592178771,0.11653631284916255,0.14697608307460536,0,EMS hem 321902
0,0,4.661452513966481,0,0,4.777988826815642,0.2000586592178771,0.19874762569832402,0.11653631284916166,0.14601605835016784,0,EMS hem 321902
0,0,4.777988826815642,0,0,4.894525139664804,0.19874762569832402,0.19743659217877096,0.11653631284916166,0.1450560336257315,0,EMS hem 321902
0,0,4.894525139664804,0,0,5.0110614525139665,0.19743659217877096,0.19612555865921788,0.11653631284916255,0.14409600890129617,0,EMS hem 321902
0,0,5.0110614525139665,0,0,5.127597765363128,0.19612555865921788,0.1948145251396648,0.11653631284916166,0.1431359841768587,0,EMS hem 321902
0,0,5.127597765363128,0,0,5.244134078212291,0.1948145251396648,0.19350349162011174,0.11653631284916255,0.1421759594524234,0,EMS hem 321902
0,0,5.244134078212291,0,0,5.360670391061452,0.19350349162011174,0.19219245810055866,0.11653631284916166,0.14121593472798594,0,EMS hem 321902
0,0,5.360670391061452,0,0,5.477206703910614,0.19219245810055866,0.1908814245810056,0.11653631284916166,0.14025591000354953,0,EMS hem 321902
0,0,5.477206703910614,0,0,5.593743016759777,0.1908814245810056,0.18957039106145251,0.11653631284916255,0.13929588527911424,0,EMS hem 321902
0,0,5.593743016759777,0,0,5.710279329608938,0.18957039106145251,0.18825935754189943,0.11653631284916166,0.13833586055467675,0,EMS hem 321902
0,0,5.710279329608938,0,0,5.826815642458101,0.18825935754189943,0.18694832402234637,0.11653631284916255,0.13737583583024143,0,EMS hem 321902
0,0,5.826815642458101,0,0,5.9433519553072625,0.18694832402234637,0.1856372905027933,0.11653631284916166,0.136415811105804,0,EMS hem 321902
0,0,5.9433519553072625,0,0,6,0.1856372905027933,0.185,0.05664804469273754,0.06596466937388502,0,EMS hem 321902
0,0,6,0,0,6.059888268156424,0.185,0.1847005586592179,0.05988826815642412,0.06955801221683275,0,EMS hem 321902
0,0,6.059888268156424,0,0,6.176424581005587,0.1847005586592179,0.18411787709497207,0.11653631284916255,0.13502966679668782,0,EMS hem 321902
0,0,6.176424581005587,0,0,6.292960893854748,0.18411787709497207,0.18353519553072625,0.11653631284916166,0.13460301080641454,0,EMS hem 321902
0,0,6.292960893854748,0,0,6.40949720670391,0.18353519553072625,0.18295251396648046,0.11653631284916166,0.1341763548161423,0,EMS hem 321902
0,0,6.40949720670391,0,0,6.5260335195530725,0.18295251396648046,0.18236983240223464,0.11653631284916255,0.13374969882587104,0,EMS hem 321902
0,0,6.5260335195530725,0,0,6.642569832402234,0.18236983240223464,0.18178715083798883,0.11653631284916166,0.1333230428355978,0,EMS hem 321902
0,0,6.642569832402234,0,0,6.759106145251397,0.18178715083798883,0.181204469273743,0.11653631284916255,0.1328963868453265,0,EMS hem 321902
0,0,6.759106145251397,0,0,6.875642458100558,0.181204469273743,0.18062178770949722,0.11653631284916166,0.13246973085505326,0,EMS hem 321902
0,0,6.875642458100558,0,0,6.99217877094972,0.18062178770949722,0.1800391061452514,0.11653631284916166,0.13204307486478103,0,EMS hem 321902
0,0,6.99217877094972,0,0,7.108715083798883,0.1800391061452514,0.17945642458100558,0.11653631284916255,0.13161641887450976,0,EMS hem 321902
0,0,7.108715083798883,0,0,7.225251396648044,0.17945642458100558,0.1788737430167598,0.11653631284916166,0.1311897628842365,0,EMS hem 321902
0,0,7.225251396648044,0,0,7.341787709497207,0.1788737430167598,0.17829106145251397,0.11653631284916255,0.13076310689396525,0,EMS hem 321902
0,0,7.341787709497207,0,0,7.4583240223463685,0.17829106145251397,0.17770837988826815,0.11653631284916166,0.130336450903692,0,EMS hem 321902
0,0,7.4583240223463685,0,0,7.57486033519553,0.17770837988826815,0.17712569832402236,0.11653631284916166,0.12990979491341972,0,EMS hem 321902
0,0,7.57486033519553,0,0,7.691396648044693,0.17712569832402236,0.17654301675977654,0.11653631284916255,0.12948313892314847,0,EMS hem 321902
0,0,7.691396648044693,0,0,7.807932960893854,0.17654301675977654,0.17596033519553073,0.11653631284916166,0.1290564829328752,0,EMS hem 321902
0,0,7.807932960893854,0,0,7.924469273743017,0.17596033519553073,0.17537765363128494,0.11653631284916255,0.12862982694260394,0,EMS hem 321902
0,0,7.924469273743017,0,0,8.041005586592178,0.17537765363128494,0.17479497206703912,0.11653631284916077,0.12820317095232975,0,EMS hem 321902
0,0,8.041005586592178,0,0,8.157541899441341,0.17479497206703912,0.1742122905027933,0.11653631284916344,0.1277765149620604,0,EMS hem 321902
0,0,8.157541899441341,0,0,8.274078212290503,0.1742122905027933,0.1736296089385475,0.11653631284916166,0.12734985897178622,0,EMS hem 321902
0,0,8.274078212290503,0,0,8.390614525139664,0.1736296089385475,0.1730469273743017,0.11653631284916166,0.126923202981514,0,EMS hem 321902
0,0,8.390614525139664,0,0,8.507150837988826,0.1730469273743017,0.17246424581005587,0.11653631284916166,0.1264965469912417,0,EMS hem 321902
0,0,8.507150837988826,0,0,8.623687150837988,0.17246424581005587,0.17188156424581008,0.11653631284916166,0.12606989100096946,0,EMS hem 321902
0,0,8.623687150837988,0,0,8.740223463687151,0.17188156424581008,0.17129888268156426,0.11653631284916344,0.1256432350106991,0,EMS hem 321902
0,0,8.740223463687151,0,0,8.856759776536313,0.17129888268156426,0.17071620111731844,0.11653631284916166,0.12521657902042493,0,EMS hem 321902
0,0,8.856759776536313,0,0,8.973296089385475,0.17071620111731844,0.17013351955307265,0.11653631284916166,0.12478992303015268,0,EMS hem 321902
0,0,8.973296089385475,0,0,9,0.17013351955307265,0.17,0.026703910614525483,0.028535113211607628,0,EMS hem 321902
0,0,9,0,0,9.089832402234636,0.17,0.1694759776536313,0.08983240223463618,0.09580745916931266,0,EMS hem 321902
0,0,9.089832402234636,0,0,9.206368715083798,0.1694759776536313,0.16879618249534453,0.11653631284916166,0.12384680053312543,0,EMS hem 321902
0,0,9.206368715083798,0,0,9.322905027932961,0.16879618249534453,0.16811638733705775,0.11653631284916344,0.12334903296434689,0,EMS hem 321902
0,0,9.322905027932961,0,0,9.439441340782123,0.16811638733705775,0.16743659217877097,0.11653631284916166,0.12285126539556462,0,EMS hem 321902
0,0,9.439441340782123,0,0,9.555977653631285,0.16743659217877097,0.16675679702048418,0.11653631284916166,0.12235349782678417,0,EMS hem 321902
0,0,9.555977653631285,0,0,9.672513966480446,0.16675679702048418,0.1660770018621974,0.11653631284916166,0.1218557302580038,0,EMS hem 321902
0,0,9.672513966480446,0,0,9.789050279329608,0.1660770018621974,0.16539720670391064,0.11653631284916166,0.12135796268922337,0,EMS hem 321902
0,0,9.789050279329608,0,0,9.905586592178771,0.16539720670391064,0.16471741154562383,0.11653631284916344,0.1208601951204448,0,EMS hem 321902
0,0,9.905586592178771,0,0,10.022122905027933,0.16471741154562383,0.16403761638733708,0.11653631284916166,0.12036242755166254,0,EMS hem 321902
0,0,10.022122905027933,0,0,10.138659217877095,0.16403761638733708,0.1633578212290503,0.11653631284916166,0.11986465998288212,0,EMS hem 321902
0,0,10.138659217877095,0,0,10.255195530726256,0.1633578212290503,0.1626780260707635,0.11653631284916166,0.11936689241410171,0,EMS hem 321902
0,0,10.255195530726256,0,0,10.371731843575418,0.1626780260707635,0.16199823091247673,0.11653631284916166,0.11886912484532129,0,EMS hem 321902
0,0,10.371731843575418,0,0,10.488268156424581,0.16199823091247673,0.16131843575418994,0.11653631284916344,0.11837135727654269,0,EMS hem 321902
0,0,10.488268156424581,0,0,10.604804469273743,0.16131843575418994,0.1606386405959032,0.11653631284916166,0.11787358970776046,0,EMS hem 321902
0,0,10.604804469273743,0,0,10.721340782122905,0.1606386405959032,0.1599588454376164,0.11653631284916166,0.11737582213898005,0,EMS hem 321902
0,0,10.721340782122905,0,0,10.837877094972066,0.1599588454376164,0.15927905027932962,0.11653631284916166,0.11687805457019966,0,EMS hem 321902
0,0,10.837877094972066,0,0,10.954413407821228,0.15927905027932962,0.15859925512104284,0.11653631284916166,0.11638028700141922,0,EMS hem 321902
0,0,10.954413407821228,0,0,11.070949720670392,0.15859925512104284,0.15791945996275605,0.11653631284916344,0.1158825194326406,0,EMS hem 321902
0,0,11.070949720670392,0,0,11.187486033519553,0.15791945996275605,0.15723966480446927,0.11653631284916166,0.1153847518638584,0,EMS hem 321902
0,0,11.187486033519553,0,0,11.304022346368715,0.15723966480446927,0.15655986964618251,0.11653631284916166,0.114886984295078,0,EMS hem 321902
0,0,11.304022346368715,0,0,11.420558659217876,0.15655986964618251,0.15588007448789573,0.11653631284916166,0.1143892167262976,0,EMS hem 321902
0,0,11.420558659217876,0,0,11.537094972067038,0.15588007448789573,0.15520027932960895,0.11653631284916166,0.11389144915751716,0,EMS hem 321902
0,0,11.537094972067038,0,0,11.653631284916202,0.15520027932960895,0.15452048417132216,0.11653631284916344,0.1133936815887385,0,EMS hem 321902
0,0,11.653631284916202,0,0,11.770167597765363,0.15452048417132216,0.15384068901303538,0.11653631284916166,0.11289591401995633,0,EMS hem 321902
0,0,11.770167597765363,0,0,11.886703910614525,0.15384068901303538,0.15316089385474863,0.11653631284916166,0.11239814645117593,0,EMS hem 321902
0,0,11.886703910614525,0,0,12.003240223463687,0.15316089385474863,0.15248109869646184,0.11653631284916166,0.11190037888239554,0,EMS hem 321902
0,0,12.003240223463687,0,0,12.119776536312848,0.15248109869646184,0.15180130353817506,0.11653631284916166,0.11140261131361509,0,EMS hem 321902
0,0,12.119776536312848,0,0,12.236312849162012,0.15180130353817506,0.15112150837988828,0.11653631284916344,0.11090484374483639,0,EMS hem 321902
0,0,12.236312849162012,0,0,12.352849162011173,0.15112150837988828,0.1504417132216015,0.11653631284916166,0.11040707617605426,0,EMS hem 321902
0,0,12.352849162011173,0,0,12.469385474860335,0.1504417132216015,0.14976191806331474,0.11653631284916166,0.10990930860727388,0,EMS hem 321902
0,0,12.469385474860335,0,0,12.585921787709497,0.14976191806331474,0.14908212290502795,0.11653631284916166,0.10941154103849347,0,EMS hem 321902
0,0,12.585921787709497,0,0,12.702458100558658,0.14908212290502795,0.14840232774674117,0.11653631284916166,0.10891377346971304,0,EMS hem 321902
0,0,12.702458100558658,0,0,12.81899441340782,0.14840232774674117,0.14772253258845439,0.11653631284916166,0.10841600590093264,0,EMS hem 321902
0,0,12.81899441340782,0,0,12.935530726256983,0.14772253258845439,0.1470427374301676,0.11653631284916344,0.10791823833215385,0,EMS hem 321902
0,0,12.935530726256983,0,0,13.052067039106145,0.1470427374301676,0.14636294227188082,0.11653631284916166,0.10742047076337181,0,EMS hem 321902
0,0,13.052067039106145,0,0,13.168603351955307,0.14636294227188082,0.14568314711359406,0.11653631284916166,0.10692270319459139,0,EMS hem 321902
0,0,13.168603351955307,0,0,13.285139664804468,0.14568314711359406,0.14500335195530728,0.11653631284916166,0.10642493562581098,0,EMS hem 321902
0,0,13.285139664804468,0,0,13.40167597765363,0.14500335195530728,0.1443235567970205,0.11653631284916166,0.10592716805703058,0,EMS hem 321902
0,0,13.40167597765363,0,0,13.518212290502793,0.1443235567970205,0.1436437616387337,0.11653631284916344,0.10542940048825175,0,EMS hem 321902
0,0,13.518212290502793,0,0,13.634748603351955,0.1436437616387337,0.14296396648044693,0.11653631284916166,0.10493163291946975,0,EMS hem 321902
0,0,13.634748603351955,0,0,13.751284916201117,0.14296396648044693,0.14228417132216015,0.11653631284916166,0.10443386535068931,0,EMS hem 321902
0,0,13.751284916201117,0,0,13.867821229050278,0.14228417132216015,0.1416043761638734,0.11653631284916166,0.10393609778190892,0,EMS hem 321902
0,0,13.867821229050278,0,0,13.98435754189944,0.1416043761638734,0.1409245810055866,0.11653631284916166,0.10343833021312851,0,EMS hem 321902
0,0,13.98435754189944,0,0,14.100893854748604,0.1409245810055866,0.14024478584729982,0.11653631284916344,0.10294056264434966,0,EMS hem 321902
0,0,14.100893854748604,0,0,14.217430167597765,0.14024478584729982,0.13956499068901304,0.11653631284916166,0.10244279507556768,0,EMS hem 321902
0,0,14.217430167597765,0,0,14.333966480446927,0.13956499068901304,0.13888519553072626,0.11653631284916166,0.10194502750678724,0,EMS hem 321902
0,0,14.333966480446927,0,0,14.450502793296089,0.13888519553072626,0.1382054003724395,0.11653631284916166,0.10144725993800685,0,EMS hem 321902
0,0,14.450502793296089,0,0,14.56703910614525,0.1382054003724395,0.13752560521415272,0.11653631284916166,0.10094949236922646,0,EMS hem 321902
0,0,14.56703910614525,0,0,14.683575418994414,0.13752560521415272,0.13684581005586594,0.11653631284916344,0.10045172480044756,0,EMS hem 321902
0,0,14.683575418994414,0,0,14.800111731843575,0.13684581005586594,0.13616601489757915,0.11653631284916166,0.09995395723166563,0,EMS hem 321902
0,0,14.800111731843575,0,0,14.916648044692737,0.13616601489757915,0.13548621973929237,0.11653631284916166,0.09945618966288518,0,EMS hem 321902
0,0,14.916648044692737,0,0,15,0.13548621973929237,0.135,0.08335195530726303,0.07083015596390177,0,EMS hem 321902
0,0,15,0,0,15.033184357541899,0.135,0.1342355139474136,0.033184357541898635,0.028075716473184045,0,EMS hem 321902
0,0,15.033184357541899,0,0,15.14972067039106,0.1342355139474136,0.13155080366846536,0.11653631284916166,0.097332747241436,0,EMS hem 321902
0,0,15.14972067039106,0,0,15.266256983240224,0.13155080366846536,0.12886609338951704,0.11653631284916344,0.09536642911534784,0,EMS hem 321902
0,0,15.266256983240224,0,0,15.382793296089385,0.12886609338951704,0.12618138311056878,0.11653631284916166,0.09340011098925677,0,EMS hem 321902
0,0,15.382793296089385,0,0,15.499329608938547,0.12618138311056878,0.12349667283162052,0.11653631284916166,0.09143379286316715,0,EMS hem 321902
0,0,15.499329608938547,0,0,15.615865921787709,0.12349667283162052,0.12081196255267224,0.11653631284916166,0.08946747473707753,0,EMS hem 321902
0,0,15.615865921787709,0,0,15.73240223463687,0.12081196255267224,0.11812725227372399,0.11653631284916166,0.08750115661098791,0,EMS hem 321902
0,0,15.73240223463687,0,0,15.848938547486034,0.11812725227372399,0.11544254199477567,0.11653631284916344,0.0855348384848996,0,EMS hem 321902
0,0,15.848938547486034,0,0,15.965474860335195,0.11544254199477567,0.11275783171582741,0.11653631284916166,0.08356852035880867,0,EMS hem 321902
0,0,15.965474860335195,0,0,16.082011173184355,0.11275783171582741,0.1100731214368792,0.11653631284915988,0.08160220223271784,0,EMS hem 321902
0,0,16.082011173184355,0,0,16.19854748603352,0.1100731214368792,0.10738841115793088,0.11653631284916344,0.07963588410663067,0,EMS hem 321902
0,0,16.19854748603352,0,0,16.315083798882682,0.10738841115793088,0.10470370087898258,0.11653631284916344,0.077669565980541,0,EMS hem 321902
0,0,16.315083798882682,0,0,16.431620111731842,0.10470370087898258,0.10201899060003436,0.11653631284915988,0.07570324785444907,0,EMS hem 321902
0,0,16.431620111731842,0,0,16.548156424581006,0.10201899060003436,0.09933428032108604,0.11653631284916344,0.07373692972836172,0,EMS hem 321902
0,0,16.548156424581006,0,0,16.664692737430165,0.09933428032108604,0.09664957004213783,0.11653631284915988,0.0717706116022699,0,EMS hem 321902
0,0,16.664692737430165,0,0,16.78122905027933,0.09664957004213783,0.09396485976318954,0.11653631284916344,0.06980429347618246,0,EMS hem 321902
0,0,16.78122905027933,0,0,16.897765363128492,0.09396485976318954,0.09128014948424122,0.11653631284916344,0.06783797535009278,0,EMS hem 321902
0,0,16.897765363128492,0,0,17.014301675977652,0.09128014948424122,0.088595439205293,0.11653631284915988,0.06587165722400114,0,EMS hem 321902
0,0,17.014301675977652,0,0,17.130837988826816,0.088595439205293,0.08591072892634469,0.11653631284916344,0.06390533909791349,0,EMS hem 321902
0,0,17.130837988826816,0,0,17.247374301675976,0.08591072892634469,0.08322601864739647,0.11653631284915988,0.06193902097182196,0,EMS hem 321902
0,0,17.247374301675976,0,0,17.36391061452514,0.08322601864739647,0.08054130836844817,0.11653631284916344,0.05997270284573421,0,EMS hem 321902
0,0,17.36391061452514,0,0,17.480446927374302,0.08054130836844817,0.07785659808949986,0.11653631284916344,0.05800638471964455,0,EMS hem 321902
0,0,17.480446927374302,0,0,17.596983240223462,0.07785659808949986,0.07517188781055163,0.11653631284915988,0.0560400665935532,0,EMS hem 321902
0,0,17.596983240223462,0,0,17.713519553072626,0.07517188781055163,0.07248717753160333,0.11653631284916344,0.05407374846746526,0,EMS hem 321902
0,0,17.713519553072626,0,0,17.830055865921786,0.07248717753160333,0.06980246725265511,0.11653631284915988,0.052107430341374036,0,EMS hem 321902
0,0,17.830055865921786,0,0,17.94659217877095,0.06980246725265511,0.0671177569737068,0.11653631284916344,0.050141112215285985,0,EMS hem 321902
0,0,17.94659217877095,0,0,18.063128491620112,0.0671177569737068,0.0644330466947585,0.11653631284916344,0.04817479408919631,0,EMS hem 321902
0,0,18.063128491620112,0,0,18.179664804469272,0.0644330466947585,0.061748336415810276,0.11653631284915988,0.04620847596310526,0,EMS hem 321902
0,0,18.179664804469272,0,0,18.296201117318436,0.061748336415810276,0.059063626136861974,0.11653631284916344,0.044242157837017036,0,EMS hem 321902
0,0,18.296201117318436,0,0,18.412737430167596,0.059063626136861974,0.05637891585791374,0.11653631284915988,0.04227583971092611,0,EMS hem 321902
0,0,18.412737430167596,0,0,18.52927374301676,0.05637891585791374,0.05369420557896544,0.11653631284916344,0.04030952158483775,0,EMS hem 321902
0,0,18.52927374301676,0,0,18.645810055865923,0.05369420557896544,0.05100949530001713,0.11653631284916344,0.038343203458748074,0,EMS hem 321902
0,0,18.645810055865923,0,0,18.762346368715082,0.05100949530001713,0.04832478502106891,0.11653631284915988,0.03637688533265733,0,EMS hem 321902
0,0,18.762346368715082,0,0,18.878882681564246,0.04832478502106891,0.04564007474212061,0.11653631284916344,0.03441056720656881,0,EMS hem 321902
0,0,18.878882681564246,0,0,18.995418994413406,0.04564007474212061,0.042955364463172385,0.11653631284915988,0.032444249080478174,0,EMS hem 321902
0,0,18.995418994413406,0,0,19.11195530726257,0.042955364463172385,0.04027065418422408,0.11653631284916344,0.030477930954389523,0,EMS hem 321902
0,0,19.11195530726257,0,0,19.228491620111733,0.04027065418422408,0.03758594390527578,0.11653631284916344,0.028511612828299858,0,EMS hem 321902
0,0,19.228491620111733,0,0,19.345027932960893,0.03758594390527578,0.034901233626327556,0.11653631284915988,0.026545294702209406,0,EMS hem 321902
0,0,19.345027932960893,0,0,19.461564245810056,0.034901233626327556,0.03221652334737925,0.11653631284916344,0.024578976576120577,0,EMS hem 321902
0,0,19.461564245810056,0,0,19.578100558659216,0.03221652334737925,0.029531813068431025,0.11653631284915988,0.022612658450030246,0,EMS hem 321902
0,0,19.578100558659216,0,0,19.69463687150838,0.029531813068431025,0.02684710278948272,0.11653631284916344,0.020646340323941293,0,EMS hem 321902
0,0,19.69463687150838,0,0,19.811173184357543,0.02684710278948272,0.024162392510534415,0.11653631284916344,0.018680022197851625,0,EMS hem 321902
0,0,19.811173184357543,0,0,19.927709497206703,0.024162392510534415,0.021477682231586193,0.11653631284915988,0.016713704071761475,0,EMS hem 321902
0,0,19.927709497206703,0,0,20.044245810055866,0.021477682231586193,0.01879297195263789,0.11653631284916344,0.014747385945672344,0,EMS hem 321902
0,0,20.044245810055866,0,0,20.160782122905026,0.01879297195263789,0.016108261673689665,0.11653631284915988,0.012781067819582315,0,EMS hem 321902
0,0,20.160782122905026,0,0,20.27731843575419,0.016108261673689665,0.01342355139474136,0.11653631284916344,0.010814749693493064,0,EMS hem 321902
0,0,20.27731843575419,0,0,20.393854748603353,0.01342355139474136,0.010738841115793056,0.11653631284916344,0.008848431567403395,0,EMS hem 321902
0,0,20.393854748603353,0,0,20.510391061452513,0.010738841115793056,0.008054130836844833,0.11653631284915988,0.006882113441313546,0,EMS hem 321902
0,0,20.510391061452513,0,0,20.626927374301676,0.008054130836844833,0.005369420557896528,0.11653631284916344,0.004915795315224115,0,EMS hem 321902
0,0,20.626927374301676,0,0,20.743463687150836,0.005369420557896528,0.002684710278948305,0.11653631284915988,0.002949477189134385,0,EMS hem 321902
0,0,20.743463687150836,0,0,20.86,0.002684710278948305,0,0.11653631284916344,9.83159063044835e-4,0,EMS hem 321902
0,0,0,0,0,0.11653631284916201,0.182,0.182,0.11653631284916201,0.13326390325370638,0,Swamp Rd hem 4
0,0,0.11653631284916201,0,0,0.23307262569832402,0.182,0.182,0.11653631284916201,0.13326390325370638,0,Swamp Rd hem 4
0,0,0.23307262569832402,0,0,0.34960893854748604,0.182,0.182,0.11653631284916202,0.13326390325370638,0,Swamp Rd hem 4
0,0,0.34960893854748604,0,0,0.46614525139664803,0.182,0.182,0.116536312849162,0.13326390325370635,0,Swamp Rd hem 4
0,0,0.46614525139664803,0,0,0.5,0.182,0.182,0.03385474860335197,0.038714249938516826,0,Swamp Rd hem 4
0,0,0.5,0,0,0.5826815642458101,0.182,0.18012588454376163,0.08268156424581008,0.09408700905945913,0,Swamp Rd hem 4
0,0,0.5826815642458101,0,0,0.6992178770949721,0.18012588454376163,0.1774843947858473,0.116536312849162,0.13095819376670326,0,Swamp Rd hem 4
0,0,0.6992178770949721,0,0,0.8157541899441341,0.1774843947858473,0.17484290502793295,0.116536312849162,0.12902354732310442,0,Swamp Rd hem 4
0,0,0.8157541899441341,0,0,0.9322905027932961,0.17484290502793295,0.17220141527001862,0.116536312849162,0.12708890087950558,0,Swamp Rd hem 4
0,0,0.9322905027932961,0,0,1.048826815642458,0.17220141527001862,0.16955992551210428,0.116536312849162,0.12515425443590675,0,Swamp Rd hem 4
0,0,1.048826815642458,0,0,1.1653631284916202,0.16955992551210428,0.16691843575418994,0.1165363128491621,0.12321960799230802,0,Swamp Rd hem 4
0,0,1.1653631284916202,0,0,1.25,0.16691843575418994,0.165,0.08463687150837984,0.08827797989326541,0,Swamp Rd hem 4
0,0,1.25,0,0,1.281899441340782,0.165,0.1646172067039106,0.03189944134078204,0.033034983300463436,0,Swamp Rd hem 4
0,0,1.281899441340782,0,0,1.3984357541899441,0.1646172067039106,0.16321877094972068,0.1165363128491621,0.12003254802865247,0,Swamp Rd hem 4
0,0,1.3984357541899441,0,0,1.514972067039106,0.16321877094972068,0.16182033519553074,0.11653631284916188,0.1190085127288589,0,Swamp Rd hem 4
0,0,1.514972067039106,0,0,1.6315083798882681,0.16182033519553074,0.16042189944134078,0.1165363128491621,0.11798447742906579,0,Swamp Rd hem 4
0,0,1.6315083798882681,0,0,1.74804469273743,0.16042189944134078,0.15902346368715084,0.11653631284916188,0.1169604421292722,0,Swamp Rd hem 4
0,0,1.74804469273743,0,0,1.8645810055865921,0.15902346368715084,0.1576250279329609,0.1165363128491621,0.11593640682947913,0,Swamp Rd hem 4
0,0,1.8645810055865921,0,0,1.9811173184357542,0.1576250279329609,0.15622659217877094,0.1165363128491621,0.11491237152968577,0,Swamp Rd hem 4
0,0,1.9811173184357542,0,0,2,0.15622659217877094,0.156,0.018882681564245773,0.01852314378303425,0,Swamp Rd hem 4
0,0,2,0,0,2.097653631284916,0.156,0.15526759776536314,0.09765363128491611,0.09549582790090623,0,Swamp Rd hem 4
0,0,2.097653631284916,0,0,2.214189944134078,0.15526759776536314,0.1543935754189944,0.1165363128491621,0.11337312426666545,0,Swamp Rd hem 4
0,0,2.214189944134078,0,0,2.3307262569832403,0.1543935754189944,0.1535195530726257,0.1165363128491621,0.11273313028183538,0,Swamp Rd hem 4
0,0,2.3307262569832403,0,0,2.447262569832402,0.1535195530726257,0.15264553072625697,0.11653631284916166,0.11209313629700489,0,Swamp Rd hem 4
0,0,2.447262569832402,0,0,2.563798882681564,0.15264553072625697,0.15177150837988826,0.1165363128491621,0.11145314231217529,0,Swamp Rd hem 4
0,0,2.563798882681564,0,0,2.680335195530726,0.15177150837988826,0.15089748603351955,0.1165363128491621,0.11081314832734522,0,Swamp Rd hem 4
0,0,2.680335195530726,0,0,2.7968715083798883,0.15089748603351955,0.15002346368715083,0.1165363128491621,0.11017315434251519,0,Swamp Rd hem 4
0,0,2.7968715083798883,0,0,2.9134078212290504,0.15002346368715083,0.14914944134078212,0.1165363128491621,0.10953316035768512,0,Swamp Rd hem 4
0,0,2.9134078212290504,0,0,3,0.14914944134078212,0.1485,0.0865921787709496,0.0809740433494561,0,Swamp Rd hem 4
0,0,3,0,0,3.029944134078212,0.1485,0.14837331327889985,0.02994413407821206,0.027927796911075026,0,Swamp Rd hem 4
0,0,3.029944134078212,0,0,3.146480446927374,0.14837331327889985,0.14788027503223033,0.1165363128491621,0.10846226061315001,0,Swamp Rd hem 4
0,0,3.146480446927374,0,0,3.2630167597765363,0.14788027503223033,0.14738723678556082,0.1165363128491621,0.10810124528768257,0,Swamp Rd hem 4
0,0,3.2630167597765363,0,0,3.3795530726256984,0.14738723678556082,0.14689419853889127,0.1165363128491621,0.10774022996221512,0,Swamp Rd hem 4
0,0,3.3795530726256984,0,0,3.49608938547486,0.14689419853889127,0.14640116029222175,0.11653631284916166,0.10737921463674724,0,Swamp Rd hem 4
0,0,3.49608938547486,0,0,3.612625698324022,0.14640116029222175,0.1459081220455522,0.1165363128491621,0.10701819931128023,0,Swamp Rd hem 4
0,0,3.612625698324022,0,0,3.7291620111731842,0.1459081220455522,0.14541508379888268,0.1165363128491621,0.10665718398581277,0,Swamp Rd hem 4
0,0,3.7291620111731842,0,0,3.8456983240223463,0.14541508379888268,0.14492204555221314,0.1165363128491621,0.1062961686603453,0,Swamp Rd hem 4
0,0,3.8456983240223463,0,0,3.9622346368715085,0.14492204555221314,0.14442900730554362,0.1165363128491621,0.10593515333487787,0,Swamp Rd hem 4
0,0,3.9622346368715085,0,0,4.078770949720671,0.14442900730554362,0.1439359690588741,0.1165363128491621,0.10557413800941043,0,Swamp Rd hem 4
0,0,4.078770949720671,0,0,4.195307262569832,0.1439359690588741,0.14344293081220455,0.11653631284916166,0.10521312268394258,0,Swamp Rd hem 4
0,0,4.195307262569832,0,0,4.311843575418994,0.14344293081220455,0.14294989256553503,0.11653631284916166,0.10485210735847511,0,Swamp Rd hem 4
0,0,4.311843575418994,0,0,4.428379888268156,0.14294989256553503,0.14245685431886548,0.11653631284916255,0.10449109203300845,0,Swamp Rd hem 4
0,0,4.428379888268156,0,0,4.544916201117318,0.14245685431886548,0.14196381607219596,0.11653631284916166,0.10413007670754022,0,Swamp Rd hem 4
0,0,4.544916201117318,0,0,4.661452513966481,0.14196381607219596,0.14147077782552642,0.11653631284916255,0.10376906138207356,0,Swamp Rd hem 4
0,0,4.661452513966481,0,0,4.777988826815642,0.14147077782552642,0.1409777395788569,0.11653631284916166,0.10340804605660531,0,Swamp Rd hem 4
0,0,4.777988826815642,0,0,4.894525139664804,0.1409777395788569,0.14048470133218738,0.11653631284916166,0.10304703073113788,0,Swamp Rd hem 4
0,0,4.894525139664804,0,0,5.0110614525139665,0.14048470133218738,0.13999166308551783,0.11653631284916255,0.1026860154056712,0,Swamp Rd hem 4
0,0,5.0110614525139665,0,0,5.127597765363128,0.13999166308551783,0.1394986248388483,0.11653631284916166,0.10232500008020298,0,Swamp Rd hem 4
0,0,5.127597765363128,0,0,5.244134078212291,0.1394986248388483,0.13900558659217876,0.11653631284916255,0.10196398475473631,0,Swamp Rd hem 4
0,0,5.244134078212291,0,0,5.360670391061452,0.13900558659217876,0.13851254834550925,0.11653631284916166,0.10160296942926808,0,Swamp Rd hem 4
0,0,5.360670391061452,0,0,5.477206703910614,0.13851254834550925,0.13801951009883973,0.11653631284916166,0.10124195410380064,0,Swamp Rd hem 4
0,0,5.477206703910614,0,0,5.593743016759777,0.13801951009883973,0.13752647185217018,0.11653631284916255,0.10088093877833396,0,Swamp Rd hem 4
0,0,5.593743016759777,0,0,5.6,0.13752647185217018,0.1375,0.006256983240223057,0.00540621419753039,0,Swamp Rd hem 4
0,0,5.6,0,0,5.710279329608938,0.1375,0.13686983240223466,0.1102793296089386,0.0950577298683476,0,Swamp Rd hem 4
0,0,5.710279329608938,0,0,5.826815642458101,0.13686983240223466,0.13620391061452514,0.11653631284916255,0.09997655769879954,0,Swamp Rd hem 4
0,0,5.826815642458101,0,0,5.9433519553072625,0.13620391061452514,0.13553798882681564,0.11653631284916166,0.09948894898698102,0,Swamp Rd hem 4
0,0,5.9433519553072625,0,0,6.059888268156424,0.13553798882681564,0.13487206703910615,0.11653631284916166,0.0990013402751633,0,Swamp Rd hem 4
0,0,6.059888268156424,0,0,6.176424581005587,0.13487206703910615,0.13420614525139665,0.11653631284916255,0.0985137315633463,0,Swamp Rd hem 4
0,0,6.176424581005587,0,0,6.292960893854748,0.13420614525139665,0.13354022346368716,0.11653631284916166,0.09802612285152781,0,Swamp Rd hem 4
0,0,6.292960893854748,0,0,6.40949720670391,0.13354022346368716,0.13287430167597766,0.11653631284916166,0.09753851413971004,0,Swamp Rd hem 4
0,0,6.40949720670391,0,0,6.5260335195530725,0.13287430167597766,0.13220837988826817,0.11653631284916255,0.09705090542789307,0,Swamp Rd hem 4
0,0,6.5260335195530725,0,0,6.642569832402234,0.13220837988826817,0.13154245810055867,0.11653631284916166,0.09656329671607457,0,Swamp Rd hem 4
0,0,6.642569832402234,0,0,6.759106145251397,0.13154245810055867,0.13087653631284918,0.11653631284916255,0.09607568800425757,0,Swamp Rd hem 4
0,0,6.759106145251397,0,0,6.875642458100558,0.13087653631284918,0.13021061452513966,0.11653631284916166,0.09558807929243908,0,Swamp Rd hem 4
0,0,6.875642458100558,0,0,6.99217877094972,0.13021061452513966,0.12954469273743016,0.11653631284916166,0.09510047058062134,0,Swamp Rd hem 4
0,0,6.99217877094972,0,0,7.108715083798883,0.12954469273743016,0.12887877094972067,0.11653631284916255,0.09461286186880433,0,Swamp Rd hem 4
0,0,7.108715083798883,0,0,7.225251396648044,0.12887877094972067,0.12821284916201117,0.11653631284916166,0.09412525315698585,0,Swamp Rd hem 4
0,0,7.225251396648044,0,0,7.341787709497207,0.12821284916201117,0.12754692737430168,0.11653631284916255,0.09363764444516884,0,Swamp Rd hem 4
0,0,7.341787709497207,0,0,7.4583240223463685,0.12754692737430168,0.12688100558659218,0.11653631284916166,0.09315003573335037,0,Swamp Rd hem 4
0,0,7.4583240223463685,0,0,7.57486033519553,0.12688100558659218,0.1262150837988827,0.11653631284916166,0.09266242702153264,0,Swamp Rd hem 4
0,0,7.57486033519553,0,0,7.691396648044693,0.1262150837988827,0.1255491620111732,0.11653631284916255,0.09217481830971558,0,Swamp Rd hem 4
0,0,7.691396648044693,0,0,7.807932960893854,0.1255491620111732,0.12488324022346368,0.11653631284916166,0.09168720959789714,0,Swamp Rd hem 4
0,0,7.807932960893854,0,0,7.924469273743017,0.12488324022346368,0.12421731843575419,0.11653631284916255,0.09119960088608009,0,Swamp Rd hem 4
0,0,7.924469273743017,0,0,8.041005586592178,0.12421731843575419,0.1235513966480447,0.11653631284916077,0.09071199217426099,0,Swamp Rd hem 4
0,0,8.041005586592178,0,0,8.157541899441341,0.1235513966480447,0.12288547486033519,0.11653631284916344,0.09022438346244531,0,Swamp Rd hem 4
0,0,8.157541899441341,0,0,8.274078212290503,0.12288547486033519,0.12221955307262569,0.11653631284916166,0.08973677475062618,0,Swamp Rd hem 4
0,0,8.274078212290503,0,0,8.390614525139664,0.12221955307262569,0.1215536312849162,0.11653631284916166,0.08924916603880842,0,Swamp Rd hem 4
0,0,8.390614525139664,0,0,8.507150837988826,0.1215536312849162,0.1208877094972067,0.11653631284916166,0.08876155732699069,0,Swamp Rd hem 4
0,0,8.507150837988826,0,0,8.623687150837988,0.1208877094972067,0.12022178770949721,0.11653631284916166,0.08827394861517295,0,Swamp Rd hem 4
0,0,8.623687150837988,0,0,8.740223463687151,0.12022178770949721,0.1195558659217877,0.11653631284916344,0.08778633990335655,0,Swamp Rd hem 4
0,0,8.740223463687151,0,0,8.856759776536313,0.1195558659217877,0.1188899441340782,0.11653631284916166,0.08729873119153746,0,Swamp Rd hem 4
0,0,8.856759776536313,0,0,8.973296089385475,0.1188899441340782,0.11822402234636871,0.11653631284916166,0.08681112247971971,0,Swamp Rd hem 4
0,0,8.973296089385475,0,0,9.089832402234636,0.11822402234636871,0.11755810055865921,0.11653631284916166,0.08632351376790197,0,Swamp Rd hem 4
0,0,9.089832402234636,0,0,9.1,0.11755810055865921,0.1175,0.010167597765363467,0.007508454312638536,0,Swamp Rd hem 4
0,0,9.1,0,0,9.206368715083798,0.1175,0.11704151415912155,0.1063687150837982,0.07837680301787484,0,Swamp Rd hem 4
0,0,9.206368715083798,0,0,9.322905027932961,0.11704151415912155,0.1165392024658062,0.11653631284916344,0.08551694281440894,0,Swamp Rd hem 4
0,0,9.322905027932961,0,0,9.439441340782123,0.1165392024658062,0.11603689077249084,0.11653631284916166,0.08514913710704496,0,Swamp Rd hem 4
0,0,9.439441340782123,0,0,9.555977653631285,0.11603689077249084,0.11553457907917548,0.11653631284916166,0.08478133139968227,0,Swamp Rd hem 4
0,0,9.555977653631285,0,0,9.672513966480446,0.11553457907917548,0.11503226738586014,0.11653631284916166,0.08441352569231958,0,Swamp Rd hem 4
0,0,9.672513966480446,0,0,9.789050279329608,0.11503226738586014,0.11452995569254479,0.11653631284916166,0.0840457199849569,0,Swamp Rd hem 4
0,0,9.789050279329608,0,0,9.905586592178771,0.11452995569254479,0.11402764399922943,0.11653631284916344,0.0836779142775955,0,Swamp Rd hem 4
0,0,9.905586592178771,0,0,10.022122905027933,0.11402764399922943,0.11352533230591408,0.11653631284916166,0.08331010857023152,0,Swamp Rd hem 4
0,0,10.022122905027933,0,0,10.138659217877095,0.11352533230591408,0.11302302061259872,0.11653631284916166,0.08294230286286884,0,Swamp Rd hem 4
0,0,10.138659217877095,0,0,10.255195530726256,0.11302302061259872,0.11252070891928337,0.11653631284916166,0.08257449715550615,0,Swamp Rd hem 4
0,0,10.255195530726256,0,0,10.371731843575418,0.11252070891928337,0.11201839722596801,0.11653631284916166,0.08220669144814347,0,Swamp Rd hem 4
0,0,10.371731843575418,0,0,10.488268156424581,0.11201839722596801,0.11151608553265266,0.11653631284916344,0.08183888574078202,0,Swamp Rd hem 4
0,0,10.488268156424581,0,0,10.604804469273743,0.11151608553265266,0.1110137738393373,0.11653631284916166,0.08147108003341809,0,Swamp Rd hem 4
0,0,10.604804469273743,0,0,10.721340782122905,0.1110137738393373,0.11051146214602195,0.11653631284916166,0.08110327432605541,0,Swamp Rd hem 4
0,0,10.721340782122905,0,0,10.837877094972066,0.11051146214602195,0.11000915045270661,0.11653631284916166,0.08073546861869273,0,Swamp Rd hem 4
0,0,10.837877094972066,0,0,10.954413407821228,0.11000915045270661,0.10950683875939125,0.11653631284916166,0.08036766291133005,0,Swamp Rd hem 4
0,0,10.954413407821228,0,0,11.070949720670392,0.10950683875939125,0.1090045270660759,0.11653631284916344,0.07999985720396857,0,Swamp Rd hem 4
0,0,11.070949720670392,0,0,11.187486033519553,0.1090045270660759,0.10850221537276054,0.11653631284916166,0.07963205149660467,0,Swamp Rd hem 4
0,0,11.187486033519553,0,0,11.304022346368715,0.10850221537276054,0.10799990367944519,0.11653631284916166,0.07926424578924197,0,Swamp Rd hem 4
0,0,11.304022346368715,0,0,11.420558659217876,0.10799990367944519,0.10749759198612983,0.11653631284916166,0.0788964400818793,0,Swamp Rd hem 4
0,0,11.420558659217876,0,0,11.537094972067038,0.10749759198612983,0.10699528029281449,0.11653631284916166,0.0785286343745166,0,Swamp Rd hem 4
0,0,11.537094972067038,0,0,11.653631284916202,0.10699528029281449,0.10649296859949912,0.11653631284916344,0.07816082866715511,0,Swamp Rd hem 4
0,0,11.653631284916202,0,0,11.770167597765363,0.10649296859949912,0.10599065690618377,0.11653631284916166,0.07779302295979122,0,Swamp Rd hem 4
0,0,11.770167597765363,0,0,11.886703910614525,0.10599065690618377,0.10548834521286843,0.11653631284916166,0.07742521725242854,0,Swamp Rd hem 4
0,0,11.886703910614525,0,0,12,0.10548834521286843,0.105,0.11329608938547509,0.07491984679142095,0,Swamp Rd hem 4
0,0,12,0,0,12.003240223463687,0.105,0.10494108684611479,0.0032402234636865757,0.002137440572364136,0,Swamp Rd hem 4
0,0,12.003240223463687,0,0,12.119776536312848,0.10494108684611479,0.10282224479431185,0.11653631284916166,0.07607672684381489,0,Swamp Rd hem 4
0,0,12.119776536312848,0,0,12.236312849162012,0.10282224479431185,0.10070340274250887,0.11653631284916344,0.07452501349067073,0,Swamp Rd hem 4
0,0,12.236312849162012,0,0,12.352849162011173,0.10070340274250887,0.09858456069070594,0.11653631284916166,0.0729733001375243,0,Swamp Rd hem 4
0,0,12.352849162011173,0,0,12.469385474860335,0.09858456069070594,0.09646571863890299,0.11653631284916166,0.07142158678437903,0,Swamp Rd hem 4
0,0,12.469385474860335,0,0,12.585921787709497,0.09646571863890299,0.09434687658710006,0.11653631284916166,0.06986987343123374,0,Swamp Rd hem 4
0,0,12.585921787709497,0,0,12.702458100558658,0.09434687658710006,0.09222803453529711,0.11653631284916166,0.06831816007808846,0,Swamp Rd hem 4
0,0,12.702458100558658,0,0,12.81899441340782,0.09222803453529711,0.09010919248349418,0.11653631284916166,0.06676644672494318,0,Swamp Rd hem 4
0,0,12.81899441340782,0,0,12.935530726256983,0.09010919248349418,0.0879903504316912,0.11653631284916344,0.0652147333717989,0,Swamp Rd hem 4
0,0,12.935530726256983,0,0,13.052067039106145,0.0879903504316912,0.08587150837988827,0.11653631284916166,0.06366302001865261,0,Swamp Rd hem 4
0,0,13.052067039106145,0,0,13.168603351955307,0.08587150837988827,0.08375266632808533,0.11653631284916166,0.06211130666550733,0,Swamp Rd hem 4
0,0,13.168603351955307,0,0,13.285139664804468,0.08375266632808533,0.08163382427628238,0.11653631284916166,0.06055959331236205,0,Swamp Rd hem 4
0,0,13.285139664804468,0,0,13.40167597765363,0.08163382427628238,0.07951498222447945,0.11653631284916166,0.059007879959216775,0,Swamp Rd hem 4
0,0,13.40167597765363,0,0,13.518212290502793,0.07951498222447945,0.07739614017267647,0.11653631284916344,0.057456166606072355,0,Swamp Rd hem 4
0,0,13.518212290502793,0,0,13.634748603351955,0.07739614017267647,0.07527729812087353,0.11653631284916166,0.05590445325292619,0,Swamp Rd hem 4
0,0,13.634748603351955,0,0,13.751284916201117,0.07527729812087353,0.0731584560690706,0.11653631284916166,0.05435273989978091,0,Swamp Rd hem 4
0,0,13.751284916201117,0,0,13.867821229050278,0.0731584560690706,0.07103961401726766,0.11653631284916166,0.052801026546635633,0,Swamp Rd hem 4
0,0,13.867821229050278,0,0,13.98435754189944,0.07103961401726766,0.06892077196546471,0.11653631284916166,0.051249313193490346,0,Swamp Rd hem 4
0,0,13.98435754189944,0,0,14.100893854748604,0.06892077196546471,0.06680192991366174,0.11653631284916344,0.04969759984034581,0,Swamp Rd hem 4
0,0,14.100893854748604,0,0,14.2,0.06680192991366174,0.065,0.09910614525139572,0.04104346321107517,0,Swamp Rd hem 4
0,0,14.2,0,0,14.217430167597765,0.065,0.06482988575167345,0.017430167597765944,0.007109626625237631,0,Swamp Rd hem 4
0,0,14.217430167597765,0,0,14.333966480446927,0.06482988575167345,0.06369251933497744,0.11653631284916166,0.047055530371432674,0,Swamp Rd hem 4
0,0,14.333966480446927,0,0,14.450502793296089,0.06369251933497744,0.06255515291828141,0.11653631284916166,0.04622268912592059,0,Swamp Rd hem 4
0,0,14.450502793296089,0,0,14.56703910614525,0.06255515291828141,0.06141778650158539,0.11653631284916166,0.04538984788040852,0,Swamp Rd hem 4
0,0,14.56703910614525,0,0,14.683575418994414,0.06141778650158539,0.060280420084889354,0.11653631284916344,0.04455700663489711,0,Swamp Rd hem 4
0,0,14.683575418994414,0,0,14.800111731843575,0.060280420084889354,0.05914305366819333,0.11653631284916166,0.04372416538938434,0,Swamp Rd hem 4
0,0,14.800111731843575,0,0,14.916648044692737,0.05914305366819333,0.0580056872514973,0.11653631284916166,0.04289132414387226,0,Swamp Rd hem 4
0,0,14.916648044692737,0,0,15.033184357541899,0.0580056872514973,0.056868320834801284,0.11653631284916166,0.04205848289836018,0,Swamp Rd hem 4
0,0,15.033184357541899,0,0,15.14972067039106,0.056868320834801284,0.055730954418105265,0.11653631284916166,0.04122564165284811,0,Swamp Rd hem 4
0,0,15.14972067039106,0,0,15.266256983240224,0.055730954418105265,0.054593588001409225,0.11653631284916344,0.040392800407336636,0,Swamp Rd hem 4
0,0,15.266256983240224,0,0,15.382793296089385,0.054593588001409225,0.0534562215847132,0.11653631284916166,0.039559959161823935,0,Swamp Rd hem 4
0,0,15.382793296089385,0,0,15.499329608938547,0.0534562215847132,0.052318855168017174,0.11653631284916166,0.038727117916311844,0,Swamp Rd hem 4
0,0,15.499329608938547,0,0,15.615865921787709,0.052318855168017174,0.051181488751321155,0.11653631284916166,0.03789427667079977,0,Swamp Rd hem 4
0,0,15.615865921787709,0,0,15.73240223463687,0.051181488751321155,0.05004412233462514,0.11653631284916166,0.03706143542528769,0,Swamp Rd hem 4
0,0,15.73240223463687,0,0,15.848938547486034,0.05004412233462514,0.0489067559179291,0.11653631284916344,0.036228594179776155,0,Swamp Rd hem 4
0,0,15.848938547486034,0,0,15.965474860335195,0.0489067559179291,0.04776938950123308,0.11653631284916166,0.035395752934263516,0,Swamp Rd hem 4
0,0,15.965474860335195,0,0,16.082011173184355,0.04776938950123308,0.046632023084537066,0.11653631284915988,0.03456291168875092,0,Swamp Rd hem 4
0,0,16.082011173184355,0,0,16.19854748603352,0.046632023084537066,0.04549465666784103,0.11653631284916344,0.033730070443239876,0,Swamp Rd hem 4
0,0,16.19854748603352,0,0,16.315083798882682,0.04549465666784103,0.04435729025114499,0.11653631284916344,0.03289722919772777,0,Swamp Rd hem 4
0,0,16.315083798882682,0,0,16.431620111731842,0.04435729025114499,0.04321992383444898,0.11653631284915988,0.032064387952214696,0,Swamp Rd hem 4
0,0,16.431620111731842,0,0,16.548156424581006,0.04321992383444898,0.04208255741775295,0.11653631284916344,0.03123154670670359,0,Swamp Rd hem 4
0,0,16.548156424581006,0,0,16.664692737430165,0.04208255741775295,0.040945191001056945,0.11653631284915988,0.030398705461190563,0,Swamp Rd hem 4
0,0,16.664692737430165,0,0,16.78122905027933,0.040945191001056945,0.0398078245843609,0.11653631284916344,0.0295658642156794,0,Swamp Rd hem 4
0,0,16.78122905027933,0,0,16.897765363128492,0.0398078245843609,0.03867045816766486,0.11653631284916344,0.02873302297016729,0,Swamp Rd hem 4
0,0,16.897765363128492,0,0,17.014301675977652,0.03867045816766486,0.037533091750968854,0.11653631284915988,0.027900181724654343,0,Swamp Rd hem 4
0,0,17.014301675977652,0,0,17.130837988826816,0.037533091750968854,0.036395725334272815,0.11653631284916344,0.027067340479143106,0,Swamp Rd hem 4
0,0,17.130837988826816,0,0,17.247374301675976,0.036395725334272815,0.03525835891757681,0.11653631284915988,0.026234499233630214,0,Swamp Rd hem 4
0,0,17.247374301675976,0,0,17.36391061452514,0.03525835891757681,0.03412099250088077,0.11653631284916344,0.025401657988118918,0,Swamp Rd hem 4
0,0,17.36391061452514,0,0,17.480446927374302,0.03412099250088077,0.03298362608418473,0.11653631284916344,0.024568816742606813,0,Swamp Rd hem 4
0,0,17.480446927374302,0,0,17.596983240223462,0.03298362608418473,0.031846259667488726,0.11653631284915988,0.023735975497093994,0,Swamp Rd hem 4
0,0,17.596983240223462,0,0,17.713519553072626,0.031846259667488726,0.03070889325079269,0.11653631284916344,0.022903134251582625,0,Swamp Rd hem 4
0,0,17.713519553072626,0,0,17.830055865921786,0.03070889325079269,0.029571526834096685,0.11653631284915988,0.022070293006069865,0,Swamp Rd hem 4
0,0,17.830055865921786,0,0,17.94659217877095,0.029571526834096685,0.028434160417400642,0.11653631284916344,0.021237451760558444,0,Swamp Rd hem 4
0,0,17.94659217877095,0,0,18.063128491620112,0.028434160417400642,0.027296794000704606,0.11653631284916344,0.020404610515046336,0,Swamp Rd hem 4
0,0,18.063128491620112,0,0,18.179664804469272,0.027296794000704606,0.026159427584008597,0.11653631284915988,0.019571769269533648,0,Swamp Rd hem 4
0,0,18.179664804469272,0,0,18.296201117318436,0.026159427584008597,0.025022061167312558,0.11653631284916344,0.01873892802402215,0,Swamp Rd hem 4
0,0,18.296201117318436,0,0,18.412737430167596,0.025022061167312558,0.023884694750616553,0.11653631284915988,0.017906086778509512,0,Swamp Rd hem 4
0,0,18.412737430167596,0,0,18.52927374301676,0.023884694750616553,0.022747328333920513,0.11653631284916344,0.017073245532997963,0,Swamp Rd hem 4
0,0,18.52927374301676,0,0,18.645810055865923,0.022747328333920513,0.021609961917224474,0.11653631284916344,0.016240404287485858,0,Swamp Rd hem 4
0,0,18.645810055865923,0,0,18.762346368715082,0.021609961917224474,0.020472595500528473,0.11653631284915988,0.015407563041973297,0,Swamp Rd hem 4
0,0,18.762346368715082,0,0,18.878882681564246,0.020472595500528473,0.01933522908383243,0.11653631284916344,0.014574721796461671,0,Swamp Rd hem 4
0,0,18.878882681564246,0,0,18.995418994413406,0.01933522908383243,0.018197862667136425,0.11653631284915988,0.013741880550949161,0,Swamp Rd hem 4
0,0,18.995418994413406,0,0,19.11195530726257,0.018197862667136425,0.017060496250440385,0.11653631284916344,0.012909039305437487,0,Swamp Rd hem 4
0,0,19.11195530726257,0,0,19.228491620111733,0.017060496250440385,0.015923129833744346,0.11653631284916344,0.01207619805992538,0,Swamp Rd hem 4
0,0,19.228491620111733,0,0,19.345027932960893,0.015923129833744346,0.014785763417048342,0.11653631284915988,0.011243356814412945,0,Swamp Rd hem 4
0,0,19.345027932960893,0,0,19.461564245810056,0.014785763417048342,0.013648397000352303,0.11653631284916344,0.010410515568901194,0,Swamp Rd hem 4
0,0,19.461564245810056,0,0,19.578100558659216,0.013648397000352303,0.012511030583656296,0.11653631284915988,0.00957767432338881,0,Swamp Rd hem 4
0,0,19.578100558659216,0,0,19.69463687150838,0.012511030583656296,0.011373664166960257,0.11653631284916344,0.008744833077877009,0,Swamp Rd hem 4
0,0,19.69463687150838,0,0,19.811173184357543,0.011373664166960257,0.010236297750264217,0.11653631284916344,0.007911991832364903,0,Swamp Rd hem 4
0,0,19.811173184357543,0,0,19.927709497206703,0.010236297750264217,0.009098931333568212,0.11653631284915988,0.007079150586852594,0,Swamp Rd hem 4
0,0,19.927709497206703,0,0,20.044245810055866,0.009098931333568212,0.007961564916872173,0.11653631284916344,0.006246309341340716,0,Swamp Rd hem 4
0,0,20.044245810055866,0,0,20.160782122905026,0.007961564916872173,0.006824198500176168,0.11653631284915988,0.005413468095828459,0,Swamp Rd hem 4
0,0,20.160782122905026,0,0,20.27731843575419,0.006824198500176168,0.005686832083480128,0.11653631284916344,0.004580626850316531,0,Swamp Rd hem 4
0,0,20.27731843575419,0,0,20.393854748603353,0.005686832083480128,0.004549465666784089,0.11653631284916344,0.0037477856048044244,0,Swamp Rd hem 4
0,0,20.393854748603353,0,0,20.510391061452513,0.004549465666784089,0.003412099250088084,0.11653631284915988,0.002914944359292243,0,Swamp Rd hem 4
0,0,20.510391061452513,0,0,20.626927374301676,0.003412099250088084,0.0022747328333920444,0.11653631284916344,0.0020821031137802388,0,Swamp Rd hem 4
0,0,20.626927374301676,0,0,20.743463687150836,0.0022747328333920444,0.0011373664166960396,0.11653631284915988,0.0012492618682681078,0,Swamp Rd hem 4
0,0,20.743463687150836,0,0,20.86,0.0011373664166960396,0,0.11653631284916344,4.1642062275605286e-4,0,Swamp Rd hem 4
0,0,0,0,0,0.12782122905027932,0.12,0.12,0.12782122905027932,0.09637493619772218,0,EMS ro 300607
0,0,0.12782122905027932,0,0,0.25564245810055863,0.12,0.12,0.12782122905027932,0.09637493619772218,0,EMS ro 300607
0,0,0.25564245810055863,0,0,0.38346368715083795,0.12,0.12,0.12782122905027932,0.09637493619772218,0,EMS ro 300607
0,0,0.38346368715083795,0,0,0.5,0.12,0.12,0.11653631284916205,0.08786630983760862,0,EMS ro 300607
0,0,0.5,0,0,0.5112849162011173,0.12,0.11984953445065176,0.011284916201117268,0.00850404777828336,0,EMS ro 300607
0,0,0.5112849162011173,0,0,0.6391061452513966,0.11984953445065176,0.11814525139664804,0.12782122905027937,0.09557821263111209,0,EMS ro 300607
0,0,0.6391061452513966,0,0,0.7669273743016759,0.11814525139664804,0.11644096834264432,0.12782122905027926,0.09420933954812201,0,EMS ro 300607
0,0,0.7669273743016759,0,0,0.8947486033519552,0.11644096834264432,0.11473668528864059,0.12782122905027926,0.092840466465132,0,EMS ro 300607
0,0,0.8947486033519552,0,0,1.0225698324022345,0.11473668528864059,0.11303240223463687,0.12782122905027937,0.09147159338214207,0,EMS ro 300607
0,0,1.0225698324022345,0,0,1.150391061452514,0.11303240223463687,0.11132811918063315,0.12782122905027937,0.09010272029915209,0,EMS ro 300607
0,0,1.150391061452514,0,0,1.25,0.11132811918063315,0.11,0.09960893854748609,0.06926652158690379,0,EMS ro 300607
0,0,1.25,0,0,1.2782122905027933,0.11,0.10981191806331471,0.02821229050279328,0.019482698354219615,0,EMS ro 300607
0,0,1.2782122905027933,0,0,1.4060335195530724,0.10981191806331471,0.10895977653631285,0.12782122905027915,0.087852402664319,0,EMS ro 300607
0,0,1.4060335195530724,0,0,1.5338547486033518,0.10895977653631285,0.10810763500931099,0.12782122905027937,0.08716801174533705,0,EMS ro 300607
0,0,1.5338547486033518,0,0,1.6616759776536312,0.10810763500931099,0.10725549348230912,0.12782122905027937,0.08648362082635493,0,EMS ro 300607
0,0,1.6616759776536312,0,0,1.7894972067039103,0.10725549348230912,0.10640335195530726,0.12782122905027915,0.08579922990737268,0,EMS ro 300607
0,0,1.7894972067039103,0,0,1.9173184357541897,0.10640335195530726,0.1055512104283054,0.12782122905027937,0.08511483898839073,0,EMS ro 300607
0,0,1.9173184357541897,0,0,2,0.1055512104283054,0.105,0.0826815642458103,0.054692270153956335,0,EMS ro 300607
0,0,2,0,0,2.045139664804469,0.105,0.105,0.04513966480446907,0.02978019226039741,0,EMS ro 300607
0,0,2.045139664804469,0,0,2.1729608938547482,0.105,0.105,0.12782122905027915,0.0843280691730068,0,EMS ro 300607
0,0,2.1729608938547482,0,0,2.300782122905028,0.105,0.105,0.1278212290502796,0.08432806917300709,0,EMS ro 300607
0,0,2.300782122905028,0,0,2.428603351955307,0.105,0.105,0.12782122905027915,0.0843280691730068,0,EMS ro 300607
0,0,2.428603351955307,0,0,2.5564245810055866,0.105,0.105,0.1278212290502796,0.08432806917300709,0,EMS ro 300607
0,0,2.5564245810055866,0,0,2.6842458100558657,0.105,0.105,0.12782122905027915,0.0843280691730068,0,EMS ro 300607
0,0,2.6842458100558657,0,0,2.812067039106145,0.105,0.105,0.12782122905027915,0.0843280691730068,0,EMS ro 300607
0,0,2.812067039106145,0,0,2.9398882681564245,0.105,0.105,0.1278212290502796,0.08432806917300709,0,EMS ro 300607
0,0,2.9398882681564245,0,0,3,0.105,0.105,0.060111731843575544,0.039657780782410675,0,EMS ro 300607
0,0,3,0,0,3.0677094972067036,0.105,0.10483072625698324,0.0677094972067036,0.04463442069670928,0,EMS ro 300607
0,0,3.0677094972067036,0,0,3.1955307262569828,0.10483072625698324,0.10451117318435754,0.12782122905027915,0.08406406354133868,0,EMS ro 300607
0,0,3.1955307262569828,0,0,3.3233519553072624,0.10451117318435754,0.10419162011173184,0.1278212290502796,0.0838074218477867,0,EMS ro 300607
0,0,3.3233519553072624,0,0,3.4511731843575415,0.10419162011173184,0.10387206703910615,0.12782122905027915,0.08355078015423414,0,EMS ro 300607
0,0,3.4511731843575415,0,0,3.5789944134078207,0.10387206703910615,0.10355251396648045,0.12782122905027915,0.08329413846068189,0,EMS ro 300607
0,0,3.5789944134078207,0,0,3.7068156424581002,0.10355251396648045,0.10323296089385475,0.1278212290502796,0.08303749676712992,0,EMS ro 300607
0,0,3.7068156424581002,0,0,3.8346368715083794,0.10323296089385475,0.10291340782122906,0.12782122905027915,0.08278085507357735,0,EMS ro 300607
0,0,3.8346368715083794,0,0,3.962458100558659,0.10291340782122906,0.10259385474860336,0.1278212290502796,0.08252421338002539,0,EMS ro 300607
0,0,3.962458100558659,0,0,4.090279329608938,0.10259385474860336,0.10227430167597766,0.12782122905027915,0.08226757168647282,0,EMS ro 300607
0,0,4.090279329608938,0,0,4.218100558659217,0.10227430167597766,0.10195474860335196,0.12782122905027915,0.08201092999292058,0,EMS ro 300607
0,0,4.218100558659217,0,0,4.3459217877094964,0.10195474860335196,0.10163519553072627,0.12782122905027915,0.0817542882993683,0,EMS ro 300607
0,0,4.3459217877094964,0,0,4.4737430167597765,0.10163519553072627,0.10131564245810057,0.12782122905028004,0.08149764660581661,0,EMS ro 300607
0,0,4.4737430167597765,0,0,4.601564245810056,0.10131564245810057,0.10099608938547486,0.12782122905027915,0.08124100491226377,0,EMS ro 300607
0,0,4.601564245810056,0,0,4.729385474860335,0.10099608938547486,0.10067653631284917,0.12782122905027915,0.08098436321871151,0,EMS ro 300607
0,0,4.729385474860335,0,0,4.857206703910614,0.10067653631284917,0.10035698324022346,0.12782122905027915,0.08072772152515925,0,EMS ro 300607
0,0,4.857206703910614,0,0,4.985027932960893,0.10035698324022346,0.10003743016759778,0.12782122905027915,0.08047107983160698,0,EMS ro 300607
0,0,4.985027932960893,0,0,5,0.10003743016759778,0.1,0.014972067039106918,0.009409017137310025,0,EMS ro 300607
0,0,5,0,0,5.112849162011173,0.1,0.1,0.11284916201117312,0.07090521966761316,0,EMS ro 300607
0,0,5.112849162011173,0,0,5.240670391061452,0.1,0.1,0.12782122905027915,0.08031244683143504,0,EMS ro 300607
0,0,5.240670391061452,0,0,5.368491620111731,0.1,0.1,0.12782122905027915,0.08031244683143504,0,EMS ro 300607
0,0,5.368491620111731,0,0,5.496312849162011,0.1,0.1,0.12782122905027915,0.08031244683143504,0,EMS ro 300607
0,0,5.496312849162011,0,0,5.62413407821229,0.1,0.1,0.12782122905027915,0.08031244683143504,0,EMS ro 300607
0,0,5.62413407821229,0,0,5.751955307262569,0.1,0.1,0.12782122905027915,0.08031244683143504,0,EMS ro 300607
0,0,5.751955307262569,0,0,5.879776536312849,0.1,0.1,0.12782122905028004,0.08031244683143561,0,EMS ro 300607
0,0,5.879776536312849,0,0,6.007597765363128,0.1,0.1,0.12782122905027915,0.08031244683143504,0,EMS ro 300607
0,0,6.007597765363128,0,0,6.135418994413407,0.1,0.1,0.12782122905027915,0.08031244683143504,0,EMS ro 300607
0,0,6.135418994413407,0,0,6.263240223463686,0.1,0.1,0.12782122905027915,0.08031244683143504,0,EMS ro 300607
0,0,6.263240223463686,0,0,6.3910614525139655,0.1,0.1,0.12782122905027915,0.08031244683143504,0,EMS ro 300607
0,0,6.3910614525139655,0,0,6.5188826815642456,0.1,0.1,0.12782122905028004,0.08031244683143561,0,EMS ro 300607
0,0,6.5188826815642456,0,0,6.646703910614525,0.1,0.1,0.12782122905027915,0.08031244683143504,0,EMS ro 300607
0,0,6.646703910614525,0,0,6.774525139664804,0.1,0.1,0.12782122905027915,0.08031244683143504,0,EMS ro 300607
0,0,6.774525139664804,0,0,6.902346368715083,0.1,0.1,0.12782122905027915,0.08031244683143504,0,EMS ro 300607
0,0,6.902346368715083,0,0,7,0.1,0.1,0.097653631284917,0.06135758612821233,0,EMS ro 300607
0,0,7,0,0,7.030167597765362,0.1,0.09973603351955308,0.030167597765362153,0.018930568108086993,0,EMS ro 300607
0,0,7.030167597765362,0,0,7.157988826815641,0.09973603351955308,0.09861759776536315,0.12782122905027915,0.0796543764259735,0,EMS ro 300607
0,0,7.157988826815641,0,0,7.285810055865921,0.09861759776536315,0.09749916201117319,0.12782122905028004,0.07875609892033518,0,EMS ro 300607
0,0,7.285810055865921,0,0,7.4136312849162005,0.09749916201117319,0.09638072625698325,0.12782122905027915,0.07785782141469577,0,EMS ro 300607
0,0,7.4136312849162005,0,0,7.54145251396648,0.09638072625698325,0.0952622905027933,0.12782122905027915,0.0769595439090569,0,EMS ro 300607
0,0,7.54145251396648,0,0,7.669273743016759,0.0952622905027933,0.09414385474860337,0.12782122905027915,0.07606126640341804,0,EMS ro 300607
0,0,7.669273743016759,0,0,7.797094972067038,0.09414385474860337,0.09302541899441343,0.12782122905027915,0.07516298889777916,0,EMS ro 300607
0,0,7.797094972067038,0,0,7.924916201117318,0.09302541899441343,0.09190698324022348,0.12782122905028004,0.0742647113921408,0,EMS ro 300607
0,0,7.924916201117318,0,0,8.052737430167596,0.09190698324022348,0.09078854748603354,0.12782122905027826,0.07336643388650091,0,EMS ro 300607
0,0,8.052737430167596,0,0,8.180558659217876,0.09078854748603354,0.08967011173184358,0.12782122905028004,0.07246815638086306,0,EMS ro 300607
0,0,8.180558659217876,0,0,8.308379888268156,0.08967011173184358,0.08855167597765363,0.12782122905028004,0.07156987887522416,0,EMS ro 300607
0,0,8.308379888268156,0,0,8.436201117318435,0.08855167597765363,0.0874332402234637,0.12782122905027826,0.07067160136958431,0,EMS ro 300607
0,0,8.436201117318435,0,0,8.564022346368715,0.0874332402234637,0.08631480446927375,0.12782122905028004,0.06977332386394643,0,EMS ro 300607
0,0,8.564022346368715,0,0,8.691843575418993,0.08631480446927375,0.08519636871508382,0.12782122905027826,0.06887504635830659,0,EMS ro 300607
0,0,8.691843575418993,0,0,8.819664804469273,0.08519636871508382,0.08407793296089386,0.12782122905028004,0.06797676885266866,0,EMS ro 300607
0,0,8.819664804469273,0,0,8.947486033519553,0.08407793296089386,0.08295949720670391,0.12782122905028004,0.06707849134702977,0,EMS ro 300607
0,0,8.947486033519553,0,0,9,0.08295949720670391,0.0825,0.05251396648044704,0.02729813770871824,0,EMS ro 300607
0,0,9,0,0,9.075307262569831,0.0825,0.08231173184357543,0.07530726256983122,0.03899206304672205,0,EMS ro 300607
0,0,9.075307262569831,0,0,9.203128491620111,0.08231173184357543,0.08199217877094972,0.12782122905028004,0.06597845160882479,0,EMS ro 300607
0,0,9.203128491620111,0,0,9.33094972067039,0.08199217877094972,0.08167262569832404,0.12782122905027826,0.0657218099152716,0,EMS ro 300607
0,0,9.33094972067039,0,0,9.45877094972067,0.08167262569832404,0.08135307262569832,0.12782122905028004,0.06546516822172026,0,EMS ro 300607
0,0,9.45877094972067,0,0,9.58659217877095,0.08135307262569832,0.08103351955307263,0.12782122905028004,0.06520852652816798,0,EMS ro 300607
0,0,9.58659217877095,0,0,9.714413407821228,0.08103351955307263,0.08071396648044693,0.12782122905027826,0.06495188483461482,0,EMS ro 300607
0,0,9.714413407821228,0,0,9.842234636871508,0.08071396648044693,0.08039441340782123,0.12782122905028004,0.06469524314106345,0,EMS ro 300607
0,0,9.842234636871508,0,0,9.970055865921786,0.08039441340782123,0.08007486033519554,0.12782122905027826,0.0644386014475103,0,EMS ro 300607
0,0,9.970055865921786,0,0,10.097877094972066,0.08007486033519554,0.07975530726256984,0.12782122905028004,0.06418195975395893,0,EMS ro 300607
0,0,10.097877094972066,0,0,10.225698324022346,0.07975530726256984,0.07943575418994414,0.12782122905028004,0.06392531806040666,0,EMS ro 300607
0,0,10.225698324022346,0,0,10.353519553072625,0.07943575418994414,0.07911620111731844,0.12782122905027826,0.06366867636685351,0,EMS ro 300607
0,0,10.353519553072625,0,0,10.481340782122905,0.07911620111731844,0.07879664804469273,0.12782122905028004,0.06341203467330213,0,EMS ro 300607
0,0,10.481340782122905,0,0,10.609162011173183,0.07879664804469273,0.07847709497206705,0.12782122905027826,0.06315539297974898,0,EMS ro 300607
0,0,10.609162011173183,0,0,10.736983240223463,0.07847709497206705,0.07815754189944134,0.12782122905028004,0.0628987512861976,0,EMS ro 300607
0,0,10.736983240223463,0,0,10.864804469273741,0.07815754189944134,0.07783798882681564,0.12782122905027826,0.06264210959264446,0,EMS ro 300607
0,0,10.864804469273741,0,0,10.992625698324021,0.07783798882681564,0.07751843575418994,0.12782122905028004,0.06238546789909306,0,EMS ro 300607
0,0,10.992625698324021,0,0,11.120446927374301,0.07751843575418994,0.07719888268156425,0.12782122905028004,0.062128826205540805,0,EMS ro 300607
0,0,11.120446927374301,0,0,11.24826815642458,0.07719888268156425,0.07687932960893855,0.12782122905027826,0.061872184511987664,0,EMS ro 300607
0,0,11.24826815642458,0,0,11.37608938547486,0.07687932960893855,0.07655977653631285,0.12782122905028004,0.06161554281843627,0,EMS ro 300607
0,0,11.37608938547486,0,0,11.503910614525138,0.07655977653631285,0.07624022346368715,0.12782122905027826,0.061358901124883146,0,EMS ro 300607
0,0,11.503910614525138,0,0,11.631731843575418,0.07624022346368715,0.07592067039106146,0.12782122905028004,0.06110225943133175,0,EMS ro 300607
0,0,11.631731843575418,0,0,11.759553072625698,0.07592067039106146,0.07560111731843576,0.12782122905028004,0.06084561773777947,0,EMS ro 300607
0,0,11.759553072625698,0,0,11.887374301675976,0.07560111731843576,0.07528156424581006,0.12782122905027826,0.06058897604422637,0,EMS ro 300607
0,0,11.887374301675976,0,0,12,0.07528156424581006,0.075,0.11262569832402392,0.053173400341545544,0,EMS ro 300607
0,0,12,0,0,12.015195530726256,0.075,0.07487653631284917,0.015195530726256123,0.007155067385778936,0,EMS ro 300607
0,0,12.015195530726256,0,0,12.143016759776534,0.07487653631284917,0.07383798882681565,0.12782122905027826,0.059720108099243795,0,EMS ro 300607
0,0,12.143016759776534,0,0,12.270837988826814,0.07383798882681565,0.07279944134078213,0.12782122905028004,0.05888599767090721,0,EMS ro 300607
0,0,12.270837988826814,0,0,12.398659217877094,0.07279944134078213,0.07176089385474861,0.12782122905028004,0.058051887242569794,0,EMS ro 300607
0,0,12.398659217877094,0,0,12.526480446927373,0.07176089385474861,0.07072234636871509,0.12782122905027826,0.05721777681423159,0,EMS ro 300607
0,0,12.526480446927373,0,0,12.654301675977653,0.07072234636871509,0.06968379888268157,0.12782122905028004,0.05638366638589497,0,EMS ro 300607
0,0,12.654301675977653,0,0,12.782122905027931,0.06968379888268157,0.06864525139664807,0.12782122905027826,0.055549555957556784,0,EMS ro 300607
0,0,12.782122905027931,0,0,12.909944134078211,0.06864525139664807,0.06760670391061453,0.12782122905028004,0.054715445529220134,0,EMS ro 300607
0,0,12.909944134078211,0,0,13.037765363128491,0.06760670391061453,0.06656815642458101,0.12782122905028004,0.05388133510088272,0,EMS ro 300607
0,0,13.037765363128491,0,0,13.16558659217877,0.06656815642458101,0.06552960893854749,0.12782122905027826,0.053047224672544566,0,EMS ro 300607
0,0,13.16558659217877,0,0,13.29340782122905,0.06552960893854749,0.06449106145251397,0.12782122905028004,0.05221311424420789,0,EMS ro 300607
0,0,13.29340782122905,0,0,13.421229050279328,0.06449106145251397,0.06345251396648047,0.12782122905027826,0.05137900381586976,0,EMS ro 300607
0,0,13.421229050279328,0,0,13.549050279329608,0.06345251396648047,0.062413966480446934,0.12782122905028004,0.05054489338753306,0,EMS ro 300607
0,0,13.549050279329608,0,0,13.676871508379888,0.062413966480446934,0.061375418994413414,0.12782122905028004,0.04971078295919565,0,EMS ro 300607
0,0,13.676871508379888,0,0,13.804692737430166,0.061375418994413414,0.0603368715083799,0.12782122905027826,0.048876672530857555,0,EMS ro 300607
0,0,13.804692737430166,0,0,13.932513966480446,0.0603368715083799,0.059298324022346374,0.12782122905028004,0.048042562102520815,0,EMS ro 300607
0,0,13.932513966480446,0,0,14.060335195530724,0.059298324022346374,0.05825977653631287,0.12782122905027826,0.04720845167418275,0,EMS ro 300607
0,0,14.060335195530724,0,0,14.188156424581004,0.05825977653631287,0.05722122905027934,0.12782122905028004,0.046374341245845996,0,EMS ro 300607
0,0,14.188156424581004,0,0,14.315977653631283,0.05722122905027934,0.05618268156424583,0.12782122905027826,0.04554023081750795,0,EMS ro 300607
0,0,14.315977653631283,0,0,14.443798882681563,0.05618268156424583,0.05514413407821231,0.12782122905028004,0.04470612038917117,0,EMS ro 300607
0,0,14.443798882681563,0,0,14.571620111731843,0.05514413407821231,0.054105586592178775,0.12782122905028004,0.04387200996083374,0,EMS ro 300607
0,0,14.571620111731843,0,0,14.699441340782121,0.054105586592178775,0.05306703910614527,0.12782122905027826,0.04303789953249573,0,EMS ro 300607
0,0,14.699441340782121,0,0,14.827262569832401,0.05306703910614527,0.05202849162011174,0.12782122905028004,0.042203789104158916,0,EMS ro 300607
0,0,14.827262569832401,0,0,14.95508379888268,0.05202849162011174,0.05098994413407823,0.12782122905027826,0.041369678675820934,0,EMS ro 300607
0,0,14.95508379888268,0,0,15.08290502793296,0.05098994413407823,0.04995139664804471,0.12782122905028004,0.0405355682474841,0,EMS ro 300607
0,0,15.08290502793296,0,0,15.21072625698324,0.04995139664804471,0.048912849162011184,0.12782122905028004,0.03970145781914668,0,EMS ro 300607
0,0,15.21072625698324,0,0,15.338547486033518,0.048912849162011184,0.04787430167597767,0.12782122905027826,0.03886734739080872,0,EMS ro 300607
0,0,15.338547486033518,0,0,15.466368715083798,0.04787430167597767,0.04683575418994415,0.12782122905028004,0.03803323696247185,0,EMS ro 300607
0,0,15.466368715083798,0,0,15.594189944134076,0.04683575418994415,0.04579720670391063,0.12782122905027826,0.03719912653413392,0,EMS ro 300607
0,0,15.594189944134076,0,0,15.722011173184356,0.04579720670391063,0.04475865921787711,0.12782122905028004,0.03636501610579702,0,EMS ro 300607
0,0,15.722011173184356,0,0,15.849832402234636,0.04475865921787711,0.043720111731843585,0.12782122905028004,0.0355309056774596,0,EMS ro 300607
0,0,15.849832402234636,0,0,15.977653631284914,0.043720111731843585,0.04268156424581007,0.12782122905027826,0.034696795249121705,0,EMS ro 300607
0,0,15.977653631284914,0,0,16,0.04268156424581007,0.0425,0.022346368715085774,0.005980214735004809,0,EMS ro 300607
0,0,16,0,0,16.105474860335192,0.0425,0.04184844744705732,0.10547486033519249,0.02795015437325053,0,EMS ro 300607
0,0,16.105474860335192,0,0,16.233296089385473,0.04184844744705732,0.04105885409899963,0.12782122905028004,0.033293076439698845,0,EMS ro 300607
0,0,16.233296089385473,0,0,16.361117318435753,0.04105885409899963,0.04026926075094194,0.12782122905028004,0.032658922602752195,0,EMS ro 300607
0,0,16.361117318435753,0,0,16.488938547486033,0.04026926075094194,0.03947966740288425,0.12782122905028004,0.03202476876580555,0,EMS ro 300607
0,0,16.488938547486033,0,0,16.616759776536313,0.03947966740288425,0.038690074054826565,0.12782122905028004,0.031390614928858904,0,EMS ro 300607
0,0,16.616759776536313,0,0,16.74458100558659,0.038690074054826565,0.037900480706768894,0.12782122905027649,0.03075646109191141,0,EMS ro 300607
0,0,16.74458100558659,0,0,16.87240223463687,0.037900480706768894,0.0371108873587112,0.12782122905028004,0.03012230725496562,0,EMS ro 300607
0,0,16.87240223463687,0,0,17.00022346368715,0.0371108873587112,0.03632129401065352,0.12782122905028004,0.029488153418018977,0,EMS ro 300607
0,0,17.00022346368715,0,0,17.12804469273743,0.03632129401065352,0.035531700662595825,0.12782122905028004,0.02885399958107233,0,EMS ro 300607
0,0,17.12804469273743,0,0,17.25586592178771,0.035531700662595825,0.03474210731453813,0.12782122905028004,0.028219845744125675,0,EMS ro 300607
0,0,17.25586592178771,0,0,17.383687150837986,0.03474210731453813,0.03395251396648047,0.12782122905027649,0.027585691907178276,0,EMS ro 300607
0,0,17.383687150837986,0,0,17.511508379888266,0.03395251396648047,0.03316292061842278,0.12782122905028004,0.026951538070232397,0,EMS ro 300607
0,0,17.511508379888266,0,0,17.639329608938546,0.03316292061842278,0.032373327270365085,0.12782122905028004,0.026317384233285755,0,EMS ro 300607
0,0,17.639329608938546,0,0,17.767150837988826,0.032373327270365085,0.0315837339223074,0.12782122905028004,0.025683230396339102,0,EMS ro 300607
0,0,17.767150837988826,0,0,17.894972067039106,0.0315837339223074,0.03079414057424971,0.12782122905028004,0.02504907655939246,0,EMS ro 300607
0,0,17.894972067039106,0,0,18.022793296089382,0.03079414057424971,0.03000454722619204,0.12782122905027649,0.02441492272244514,0,EMS ro 300607
0,0,18.022793296089382,0,0,18.150614525139662,0.03000454722619204,0.029214953878134352,0.12782122905028004,0.023780768885499175,0,EMS ro 300607
0,0,18.150614525139662,0,0,18.278435754189942,0.029214953878134352,0.028425360530076663,0.12782122905028004,0.02314661504855253,0,EMS ro 300607
0,0,18.278435754189942,0,0,18.406256983240223,0.028425360530076663,0.02763576718201897,0.12782122905028004,0.02251246121160588,0,EMS ro 300607
0,0,18.406256983240223,0,0,18.534078212290503,0.02763576718201897,0.026846173833961283,0.12782122905028004,0.02187830737465923,0,EMS ro 300607
0,0,18.534078212290503,0,0,18.66189944134078,0.026846173833961283,0.026056580485903615,0.12782122905027649,0.021244153537712,0,EMS ro 300607
0,0,18.66189944134078,0,0,18.78972067039106,0.026056580485903615,0.025266987137845927,0.12782122905028004,0.020609999700765953,0,EMS ro 300607
0,0,18.78972067039106,0,0,18.91754189944134,0.025266987137845927,0.02447739378978824,0.12782122905028004,0.019975845863819307,0,EMS ro 300607
0,0,18.91754189944134,0,0,19.04536312849162,0.02447739378978824,0.02368780044173055,0.12782122905028004,0.019341692026872657,0,EMS ro 300607
0,0,19.04536312849162,0,0,19.1731843575419,0.02368780044173055,0.02289820709367286,0.12782122905028004,0.018707538189926015,0,EMS ro 300607
0,0,19.1731843575419,0,0,19.301005586592176,0.02289820709367286,0.022108613745615194,0.12782122905027649,0.01807338435297887,0,EMS ro 300607
0,0,19.301005586592176,0,0,19.428826815642456,0.022108613745615194,0.021319020397557505,0.12782122905028004,0.017439230516032734,0,EMS ro 300607
0,0,19.428826815642456,0,0,19.556648044692736,0.021319020397557505,0.020529427049499813,0.12782122905028004,0.016805076679086085,0,EMS ro 300607
0,0,19.556648044692736,0,0,19.684469273743016,0.020529427049499813,0.019739833701442125,0.12782122905028004,0.016170922842139435,0,EMS ro 300607
0,0,19.684469273743016,0,0,19.812290502793296,0.019739833701442125,0.018950240353384436,0.12782122905028004,0.015536769005192791,0,EMS ro 300607
0,0,19.812290502793296,0,0,19.940111731843572,0.018950240353384436,0.018160647005326765,0.12782122905027649,0.014902615168245736,0,EMS ro 300607
0,0,19.940111731843572,0,0,20.067932960893852,0.018160647005326765,0.017371053657269077,0.12782122905028004,0.014268461331299507,0,EMS ro 300607
0,0,20.067932960893852,0,0,20.195754189944132,0.017371053657269077,0.01658146030921139,0.12782122905028004,0.013634307494352862,0,EMS ro 300607
0,0,20.195754189944132,0,0,20.323575418994412,0.01658146030921139,0.0157918669611537,0.12782122905028004,0.013000153657406213,0,EMS ro 300607
0,0,20.323575418994412,0,0,20.451396648044692,0.0157918669611537,0.015002273613096011,0.12782122905028004,0.012365999820459567,0,EMS ro 300607
0,0,20.451396648044692,0,0,20.57921787709497,0.015002273613096011,0.014212680265038342,0.12782122905027649,0.0117318459835126,0,EMS ro 300607
0,0,20.57921787709497,0,0,20.70703910614525,0.014212680265038342,0.013423086916980654,0.12782122905028004,0.011097692146566288,0,EMS ro 300607
0,0,20.70703910614525,0,0,20.83486033519553,0.013423086916980654,0.012633493568922963,0.12782122905028004,0.01046353830961964,0,EMS ro 300607
0,0,20.83486033519553,0,0,20.96268156424581,0.012633493568922963,0.011843900220865275,0.12782122905028004,0.009829384472672991,0,EMS ro 300607
0,0,20.96268156424581,0,0,21.090502793296086,0.011843900220865275,0.011054306872807607,0.12782122905027649,0.009195230635726097,0,EMS ro 300607
0,0,21.090502793296086,0,0,21.218324022346366,0.011054306872807607,0.010264713524749919,0.12782122905028004,0.008561076798779713,0,EMS ro 300607
0,0,21.218324022346366,0,0,21.346145251396646,0.010264713524749919,0.009475120176692227,0.12782122905028004,0.007926922961833066,0,EMS ro 300607
0,0,21.346145251396646,0,0,21.473966480446926,0.009475120176692227,0.008685526828634538,0.12782122905028004,0.0072927691248864165,0,EMS ro 300607
0,0,21.473966480446926,0,0,21.601787709497206,0.008685526828634538,0.00789593348057685,0.12782122905028004,0.006658615287939769,0,EMS ro 300607
0,0,21.601787709497206,0,0,21.729608938547482,0.00789593348057685,0.007106340132519182,0.12782122905027649,0.006024461450992963,0,EMS ro 300607
0,0,21.729608938547482,0,0,21.857430167597762,0.007106340132519182,0.006316746784461493,0.12782122905028004,0.005390307614046491,0,EMS ro 300607
0,0,21.857430167597762,0,0,21.985251396648042,0.006316746784461493,0.005527153436403804,0.12782122905028004,0.004756153777099842,0,EMS ro 300607
0,0,21.985251396648042,0,0,22.113072625698322,0.005527153436403804,0.0047375600883461134,0.12782122905028004,0.004121999940153194,0,EMS ro 300607
0,0,22.113072625698322,0,0,22.240893854748602,0.0047375600883461134,0.003947966740288425,0.12782122905028004,0.0034878461032065463,0,EMS ro 300607
0,0,22.240893854748602,0,0,22.36871508379888,0.003947966740288425,0.0031583733922307573,0.12782122905027649,0.002853692266259828,0,EMS ro 300607
0,0,22.36871508379888,0,0,22.49653631284916,0.0031583733922307573,0.002368780044173068,0.12782122905028004,0.002219538429313268,0,EMS ro 300607
0,0,22.49653631284916,0,0,22.62435754189944,0.002368780044173068,0.0015791866961153787,0.12782122905028004,0.00158538459236662,0,EMS ro 300607
0,0,22.62435754189944,0,0,22.75217877094972,0.0015791866961153787,7.895933480576893e-4,0.12782122905028004,9.51230755419972e-4,0,EMS ro 300607
0,0,22.75217877094972,0,0,22.88,7.895933480576893e-4,0,0.12782122905028004,3.17076918473324e-4,0,EMS ro 300607
0,0,0,0,0,0.12290502793296089,0.1775,0.1775,0.12290502793296089,0.13707172415942057,0,EMS rm 321071
0,0,0.12290502793296089,0,0,0.24581005586592178,0.1775,0.1775,0.12290502793296089,0.13707172415942057,0,EMS rm 321071
0,0,0.24581005586592178,0,0,0.3687150837988827,0.1775,0.1775,0.1229050279329609,0.1370717241594206,0,EMS rm 321071
0,0,0.3687150837988827,0,0,0.49162011173184356,0.1775,0.1775,0.12290502793296088,0.13707172415942054,0,EMS rm 321071
0,0,0.49162011173184356,0,0,0.5,0.1775,0.1775,0.008379888268156443,0.00934579937450597,0,EMS rm 321071
0,0,0.5,0,0,0.6145251396648045,0.1775,0.17062849162011173,0.11452513966480449,0.12547886955643936,0,EMS rm 321071
0,0,0.6145251396648045,0,0,0.7374301675977654,0.17062849162011173,0.16325418994413407,0.12290502793296088,0.12914980111580474,0,EMS rm 321071
0,0,0.7374301675977654,0,0,0.8603351955307262,0.16325418994413407,0.1558798882681564,0.12290502793296088,0.12344486553568716,0,EMS rm 321071
0,0,0.8603351955307262,0,0,0.9832402234636871,0.1558798882681564,0.14850558659217877,0.12290502793296088,0.11773992995556964,0,EMS rm 321071
0,0,0.9832402234636871,0,0,1.106145251396648,0.14850558659217877,0.1411312849162011,0.12290502793296099,0.11203499437545222,0,EMS rm 321071
0,0,1.106145251396648,0,0,1.229050279329609,0.1411312849162011,0.13375698324022348,0.12290502793296088,0.10633005879533458,0,EMS rm 321071
0,0,1.229050279329609,0,0,1.25,0.13375698324022348,0.1325,0.020949720670391025,0.017555347995118886,0,EMS rm 321071
0,0,1.25,0,0,1.3519553072625698,0.1325,0.13148044692737432,0.10195530726256985,0.08455770437173245,0,EMS rm 321071
0,0,1.3519553072625698,0,0,1.4748603351955307,0.13148044692737432,0.1302513966480447,0.12290502793296088,0.10106430654427312,0,EMS rm 321071
0,0,1.4748603351955307,0,0,1.5977653631284916,0.1302513966480447,0.1290223463687151,0.12290502793296088,0.10011514336648271,0,EMS rm 321071
0,0,1.5977653631284916,0,0,1.7206703910614525,0.1290223463687151,0.12779329608938547,0.12290502793296088,0.09916598018869233,0,EMS rm 321071
0,0,1.7206703910614525,0,0,1.8435754189944134,0.12779329608938547,0.12656424581005588,0.12290502793296088,0.09821681701090193,0,EMS rm 321071
0,0,1.8435754189944134,0,0,1.9664804469273742,0.12656424581005588,0.12533519553072625,0.12290502793296088,0.09726765383311152,0,EMS rm 321071
0,0,1.9664804469273742,0,0,2,0.12533519553072625,0.125,0.033519553072625774,0.026362811155033795,0,EMS rm 321071
0,0,2,0,0,2.089385474860335,0.125,0.1244413407821229,0.0893854748603351,0.07004767723639937,0,EMS rm 321071
0,0,2.089385474860335,0,0,2.212290502793296,0.1244413407821229,0.1236731843575419,0.1229050279329611,0.09580323941175127,0,EMS rm 321071
0,0,2.212290502793296,0,0,2.335195530726257,0.1236731843575419,0.12290502793296089,0.12290502793296065,0.09521003049898467,0,EMS rm 321071
0,0,2.335195530726257,0,0,2.458100558659218,0.12290502793296089,0.12213687150837989,0.1229050279329611,0.09461682158621876,0,EMS rm 321071
0,0,2.458100558659218,0,0,2.5810055865921786,0.12213687150837989,0.12136871508379889,0.12290502793296065,0.09402361267345215,0,EMS rm 321071
0,0,2.5810055865921786,0,0,2.7039106145251397,0.12136871508379889,0.12060055865921787,0.1229050279329611,0.09343040376068622,0,EMS rm 321071
0,0,2.7039106145251397,0,0,2.8268156424581004,0.12060055865921787,0.11983240223463687,0.12290502793296065,0.09283719484791962,0,EMS rm 321071
0,0,2.8268156424581004,0,0,2.9497206703910615,0.11983240223463687,0.11906424581005587,0.1229050279329611,0.09224398593515369,0,EMS rm 321071
0,0,2.9497206703910615,0,0,3.072625698324022,0.11906424581005587,0.11829608938547487,0.12290502793296065,0.09165077702238711,0,EMS rm 321071
0,0,3.072625698324022,0,0,3.195530726256983,0.11829608938547487,0.11752793296089385,0.1229050279329611,0.09105756810962119,0,EMS rm 321071
0,0,3.195530726256983,0,0,3.318435754189944,0.11752793296089385,0.11675977653631285,0.12290502793296065,0.09046435919685458,0,EMS rm 321071
0,0,3.318435754189944,0,0,3.441340782122905,0.11675977653631285,0.11599162011173185,0.1229050279329611,0.08987115028408865,0,EMS rm 321071
0,0,3.441340782122905,0,0,3.5642458100558656,0.11599162011173185,0.11522346368715083,0.12290502793296065,0.08927794137132206,0,EMS rm 321071
0,0,3.5642458100558656,0,0,3.6871508379888267,0.11522346368715083,0.11445530726256983,0.1229050279329611,0.08868473245855614,0,EMS rm 321071
0,0,3.6871508379888267,0,0,3.8100558659217874,0.11445530726256983,0.11368715083798883,0.12290502793296065,0.08809152354578956,0,EMS rm 321071
0,0,3.8100558659217874,0,0,3.9329608938547485,0.11368715083798883,0.11291899441340783,0.1229050279329611,0.08749831463302361,0,EMS rm 321071
0,0,3.9329608938547485,0,0,4,0.11291899441340783,0.1125,0.06703910614525155,0.04747632323329324,0,EMS rm 321071
0,0,4,0,0,4.055865921787709,0.1125,0.11208100558659219,0.055865921787709105,0.0394168648255531,0,EMS rm 321071
0,0,4.055865921787709,0,0,4.17877094972067,0.11208100558659219,0.11115921787709497,0.1229050279329611,0.08619938857074762,0,EMS rm 321071
0,0,4.17877094972067,0,0,4.301675977653631,0.11115921787709497,0.11023743016759777,0.1229050279329611,0.08548753175822642,0,EMS rm 321071
0,0,4.301675977653631,0,0,4.424581005586592,0.11023743016759777,0.10931564245810056,0.1229050279329611,0.08477567494570525,0,EMS rm 321071
0,0,4.424581005586592,0,0,4.547486033519553,0.10931564245810056,0.10839385474860336,0.12290502793296021,0.08406381813318345,0,EMS rm 321071
0,0,4.547486033519553,0,0,4.670391061452514,0.10839385474860336,0.10747206703910614,0.1229050279329611,0.08335196132066286,0,EMS rm 321071
0,0,4.670391061452514,0,0,4.793296089385475,0.10747206703910614,0.10655027932960894,0.1229050279329611,0.08264010450814167,0,EMS rm 321071
0,0,4.793296089385475,0,0,4.916201117318436,0.10655027932960894,0.10562849162011173,0.1229050279329611,0.08192824769562047,0,EMS rm 321071
0,0,4.916201117318436,0,0,5,0.10562849162011173,0.105,0.0837988826815641,0.05545202783900834,0,EMS rm 321071
0,0,5,0,0,5.039106145251396,0.105,0.10480446927374301,0.03910614525139611,0.025775971665810356,0,EMS rm 321071
0,0,5.039106145251396,0,0,5.162011173184357,0.10480446927374301,0.10418994413407821,0.1229050279329611,0.08069741598187635,0,EMS rm 321071
0,0,5.162011173184357,0,0,5.284916201117318,0.10418994413407821,0.1035754189944134,0.1229050279329611,0.08022285218834488,0,EMS rm 321071
0,0,5.284916201117318,0,0,5.407821229050279,0.1035754189944134,0.1029608938547486,0.1229050279329611,0.0797482883948134,0,EMS rm 321071
0,0,5.407821229050279,0,0,5.53072625698324,0.1029608938547486,0.1023463687150838,0.12290502793296021,0.07927372460128135,0,EMS rm 321071
0,0,5.53072625698324,0,0,5.653631284916201,0.1023463687150838,0.10173184357541899,0.1229050279329611,0.07879916080775044,0,EMS rm 321071
0,0,5.653631284916201,0,0,5.776536312849162,0.10173184357541899,0.1011173184357542,0.1229050279329611,0.07832459701421896,0,EMS rm 321071
0,0,5.776536312849162,0,0,5.899441340782123,0.1011173184357542,0.1005027932960894,0.1229050279329611,0.07785003322068747,0,EMS rm 321071
0,0,5.899441340782123,0,0,6,0.1005027932960894,0.1,0.1005586592178771,0.06334250039198523,0,EMS rm 321071
0,0,6,0,0,6.022346368715084,0.1,0.09991620111731844,0.022346368715083997,0.014034853290767294,0,EMS rm 321071
0,0,6.022346368715084,0,0,6.145251396648044,0.09991620111731844,0.09945530726256983,0.12290502793296021,0.07698137620450965,0,EMS rm 321071
0,0,6.145251396648044,0,0,6.268156424581005,0.09945530726256983,0.09899441340782124,0.1229050279329611,0.07662545530577132,0,EMS rm 321071
0,0,6.268156424581005,0,0,6.391061452513966,0.09899441340782124,0.09853351955307263,0.1229050279329611,0.07626953440703242,0,EMS rm 321071
0,0,6.391061452513966,0,0,6.5139664804469275,0.09853351955307263,0.09807262569832402,0.1229050279329611,0.07591361350829352,0,EMS rm 321071
0,0,6.5139664804469275,0,0,6.636871508379888,0.09807262569832402,0.09761173184357542,0.12290502793296021,0.0755576926095541,0,EMS rm 321071
0,0,6.636871508379888,0,0,6.759776536312849,0.09761173184357542,0.09715083798882682,0.1229050279329611,0.07520177171081575,0,EMS rm 321071
0,0,6.759776536312849,0,0,6.88268156424581,0.09715083798882682,0.09668994413407822,0.1229050279329611,0.07484585081207686,0,EMS rm 321071
0,0,6.88268156424581,0,0,7.005586592178771,0.09668994413407822,0.09622905027932961,0.1229050279329611,0.07448992991333796,0,EMS rm 321071
0,0,7.005586592178771,0,0,7.128491620111731,0.09622905027932961,0.095768156424581,0.12290502793296021,0.07413400901459855,0,EMS rm 321071
0,0,7.128491620111731,0,0,7.251396648044692,0.095768156424581,0.09530726256983241,0.1229050279329611,0.07377808811586019,0,EMS rm 321071
0,0,7.251396648044692,0,0,7.374301675977653,0.09530726256983241,0.0948463687150838,0.1229050279329611,0.07342216721712128,0,EMS rm 321071
0,0,7.374301675977653,0,0,7.4972067039106145,0.0948463687150838,0.09438547486033519,0.1229050279329611,0.0730662463183824,0,EMS rm 321071
0,0,7.4972067039106145,0,0,7.620111731843575,0.09438547486033519,0.0939245810055866,0.12290502793296021,0.07271032541964298,0,EMS rm 321071
0,0,7.620111731843575,0,0,7.743016759776536,0.0939245810055866,0.09346368715083798,0.1229050279329611,0.07235440452090461,0,EMS rm 321071
0,0,7.743016759776536,0,0,7.865921787709497,0.09346368715083798,0.09300279329608939,0.1229050279329611,0.07199848362216572,0,EMS rm 321071
0,0,7.865921787709497,0,0,7.988826815642458,0.09300279329608939,0.09254189944134078,0.1229050279329611,0.07164256272342684,0,EMS rm 321071
0,0,7.988826815642458,0,0,8,0.09254189944134078,0.0925,0.011173184357541999,0.006495311277398906,0,EMS rm 321071
0,0,8,0,0,8.111731843575418,0.0925,0.09231378026070763,0.11173184357541821,0.06487267270959503,0,EMS rm 321071
0,0,8.111731843575418,0,0,8.23463687150838,0.09231378026070763,0.09210893854748603,0.12290502793296199,0.07120894408760471,0,EMS rm 321071
0,0,8.23463687150838,0,0,8.35754189944134,0.09210893854748603,0.09190409683426443,0.12290502793296021,0.07105075791403603,0,EMS rm 321071
0,0,8.35754189944134,0,0,8.4804469273743,0.09190409683426443,0.09169925512104284,0.12290502793296021,0.07089257174046837,0,EMS rm 321071
0,0,8.4804469273743,0,0,8.603351955307263,0.09169925512104284,0.09149441340782123,0.12290502793296199,0.07073438556690174,0,EMS rm 321071
0,0,8.603351955307263,0,0,8.726256983240223,0.09149441340782123,0.09128957169459963,0.12290502793296021,0.07057619939333307,0,EMS rm 321071
0,0,8.726256983240223,0,0,8.849162011173185,0.09128957169459963,0.09108472998137802,0.12290502793296199,0.07041801321976643,0,EMS rm 321071
0,0,8.849162011173185,0,0,8.972067039106145,0.09108472998137802,0.09087988826815642,0.12290502793296021,0.07025982704619775,0,EMS rm 321071
0,0,8.972067039106145,0,0,9.094972067039105,0.09087988826815642,0.09067504655493482,0.12290502793296021,0.0701016408726301,0,EMS rm 321071
0,0,9.094972067039105,0,0,9.217877094972067,0.09067504655493482,0.09047020484171323,0.12290502793296199,0.06994345469906346,0,EMS rm 321071
0,0,9.217877094972067,0,0,9.340782122905027,0.09047020484171323,0.09026536312849162,0.12290502793296021,0.06978526852549478,0,EMS rm 321071
0,0,9.340782122905027,0,0,9.463687150837988,0.09026536312849162,0.09006052141527002,0.12290502793296021,0.06962708235192712,0,EMS rm 321071
0,0,9.463687150837988,0,0,9.58659217877095,0.09006052141527002,0.08985567970204841,0.12290502793296199,0.06946889617836048,0,EMS rm 321071
0,0,9.58659217877095,0,0,9.70949720670391,0.08985567970204841,0.08965083798882681,0.12290502793296021,0.06931071000479182,0,EMS rm 321071
0,0,9.70949720670391,0,0,9.832402234636872,0.08965083798882681,0.0894459962756052,0.12290502793296199,0.06915252383122515,0,EMS rm 321071
0,0,9.832402234636872,0,0,9.955307262569832,0.0894459962756052,0.089241154562383615,0.12290502793296021,0.0689943376576565,0,EMS rm 321071
0,0,9.955307262569832,0,0,10.078212290502792,0.089241154562383615,0.08903631284916201,0.12290502793296021,0.06883615148408885,0,EMS rm 321071
0,0,10.078212290502792,0,0,10.201117318435754,0.08903631284916201,0.0888314711359404,0.12290502793296199,0.06867796531052218,0,EMS rm 321071
0,0,10.201117318435754,0,0,10.324022346368714,0.0888314711359404,0.0886266294227188,0.12290502793296021,0.06851977913695353,0,EMS rm 321071
0,0,10.324022346368714,0,0,10.446927374301676,0.0886266294227188,0.0884217877094972,0.12290502793296199,0.06836159296338687,0,EMS rm 321071
0,0,10.446927374301676,0,0,10.569832402234637,0.0884217877094972,0.0882169459962756,0.12290502793296021,0.06820340678981822,0,EMS rm 321071
0,0,10.569832402234637,0,0,10.692737430167597,0.0882169459962756,0.088012104283054,0.12290502793296021,0.06804522061625058,0,EMS rm 321071
0,0,10.692737430167597,0,0,10.815642458100559,0.088012104283054,0.0878072625698324,0.12290502793296199,0.0678870344426839,0,EMS rm 321071
0,0,10.815642458100559,0,0,10.938547486033519,0.0878072625698324,0.0876024208566108,0.12290502793296021,0.06772884826911525,0,EMS rm 321071
0,0,10.938547486033519,0,0,11,0.0876024208566108,0.0875,0.06145251396648099,0.033805104319470244,0,EMS rm 321071
0,0,11,0,0,11.06145251396648,0.0875,0.08739757914338919,0.061452513966479216,0.03376555777607736,0,EMS rm 321071
0,0,11.06145251396648,0,0,11.184357541899441,0.08739757914338919,0.08719273743016759,0.12290502793296199,0.06741247592198091,0,EMS rm 321071
0,0,11.184357541899441,0,0,11.307262569832401,0.08719273743016759,0.086987895716946,0.12290502793296021,0.06725428974841227,0,EMS rm 321071
0,0,11.307262569832401,0,0,11.430167597765363,0.086987895716946,0.0867830540037244,0.12290502793296199,0.0670961035748456,0,EMS rm 321071
0,0,11.430167597765363,0,0,11.553072625698324,0.0867830540037244,0.08657821229050279,0.12290502793296021,0.06693791740127698,0,EMS rm 321071
0,0,11.553072625698324,0,0,11.675977653631284,0.08657821229050279,0.08637337057728119,0.12290502793296021,0.06677973122770932,0,EMS rm 321071
0,0,11.675977653631284,0,0,11.798882681564246,0.08637337057728119,0.08616852886405958,0.12290502793296199,0.06662154505414263,0,EMS rm 321071
0,0,11.798882681564246,0,0,11.921787709497206,0.08616852886405958,0.08596368715083799,0.12290502793296021,0.06646335888057402,0,EMS rm 321071
0,0,11.921787709497206,0,0,12.044692737430168,0.08596368715083799,0.08575884543761639,0.12290502793296199,0.06630517270700731,0,EMS rm 321071
0,0,12.044692737430168,0,0,12.167597765363128,0.08575884543761639,0.08555400372439478,0.12290502793296021,0.0661469865334387,0,EMS rm 321071
0,0,12.167597765363128,0,0,12.290502793296088,0.08555400372439478,0.08534916201117318,0.12290502793296021,0.06598880035987104,0,EMS rm 321071
0,0,12.290502793296088,0,0,12.41340782122905,0.08534916201117318,0.08514432029795158,0.12290502793296199,0.06583061418630433,0,EMS rm 321071
0,0,12.41340782122905,0,0,12.53631284916201,0.08514432029795158,0.08493947858472999,0.12290502793296021,0.06567242801273573,0,EMS rm 321071
0,0,12.53631284916201,0,0,12.65921787709497,0.08493947858472999,0.08473463687150838,0.12290502793296021,0.06551424183916808,0,EMS rm 321071
0,0,12.65921787709497,0,0,12.782122905027933,0.08473463687150838,0.08452979515828678,0.12290502793296199,0.06535605566560136,0,EMS rm 321071
0,0,12.782122905027933,0,0,12.905027932960893,0.08452979515828678,0.08432495344506517,0.12290502793296021,0.06519786949203275,0,EMS rm 321071
0,0,12.905027932960893,0,0,13.027932960893855,0.08432495344506517,0.08412011173184357,0.12290502793296199,0.06503968331846605,0,EMS rm 321071
0,0,13.027932960893855,0,0,13.150837988826815,0.08412011173184357,0.08391527001862198,0.12290502793296021,0.06488149714489745,0,EMS rm 321071
0,0,13.150837988826815,0,0,13.273743016759775,0.08391527001862198,0.08371042830540038,0.12290502793296021,0.06472331097132979,0,EMS rm 321071
0,0,13.273743016759775,0,0,13.396648044692737,0.08371042830540038,0.08350558659217877,0.12290502793296199,0.06456512479776308,0,EMS rm 321071
0,0,13.396648044692737,0,0,13.519553072625698,0.08350558659217877,0.08330074487895717,0.12290502793296021,0.06440693862419448,0,EMS rm 321071
0,0,13.519553072625698,0,0,13.642458100558658,0.08330074487895717,0.08309590316573558,0.12290502793296021,0.06424875245062682,0,EMS rm 321071
0,0,13.642458100558658,0,0,13.76536312849162,0.08309590316573558,0.08289106145251397,0.12290502793296199,0.06409056627706011,0,EMS rm 321071
0,0,13.76536312849162,0,0,13.88826815642458,0.08289106145251397,0.08268621973929237,0.12290502793296021,0.06393238010349152,0,EMS rm 321071
0,0,13.88826815642458,0,0,14,0.08268621973929237,0.0825,0.11173184357541999,0.05798307655503772,0,EMS rm 321071
0,0,14,0,0,14.011173184357542,0.0825,0.08224860335195532,0.011173184357541999,0.005784402190714755,0,EMS rm 321071
0,0,14.011173184357542,0,0,14.134078212290502,0.08224860335195532,0.0794832402234637,0.12290502793296021,0.06246330544703587,0,EMS rm 321071
0,0,14.134078212290502,0,0,14.256983240223462,0.0794832402234637,0.0767178770949721,0.12290502793296021,0.06032725458718905,0,EMS rm 321071
0,0,14.256983240223462,0,0,14.379888268156424,0.0767178770949721,0.07395251396648045,0.12290502793296199,0.05819120372734306,0,EMS rm 321071
0,0,14.379888268156424,0,0,14.502793296089385,0.07395251396648045,0.07118715083798885,0.12290502793296021,0.05605515286749539,0,EMS rm 321071
0,0,14.502793296089385,0,0,14.625698324022347,0.07118715083798885,0.06842178770949721,0.12290502793296199,0.05391910200764936,0,EMS rm 321071
0,0,14.625698324022347,0,0,14.748603351955307,0.06842178770949721,0.0656564245810056,0.12290502793296021,0.05178305114780175,0,EMS rm 321071
0,0,14.748603351955307,0,0,14.871508379888267,0.0656564245810056,0.062891061452514,0.12290502793296021,0.04964700028795493,0,EMS rm 321071
0,0,14.871508379888267,0,0,14.994413407821229,0.062891061452514,0.06012569832402235,0.12290502793296199,0.04751094942810879,0,EMS rm 321071
0,0,14.994413407821229,0,0,15.11731843575419,0.06012569832402235,0.05736033519553074,0.12290502793296021,0.045374898568261275,0,EMS rm 321071
0,0,15.11731843575419,0,0,15.24022346368715,0.05736033519553074,0.054594972067039144,0.12290502793296021,0.04323884770841447,0,EMS rm 321071
0,0,15.24022346368715,0,0,15.363128491620111,0.054594972067039144,0.05182960893854749,0.12290502793296199,0.04110279684856824,0,EMS rm 321071
0,0,15.363128491620111,0,0,15.486033519553072,0.05182960893854749,0.04906424581005589,0.12290502793296021,0.03896674598872082,0,EMS rm 321071
0,0,15.486033519553072,0,0,15.608938547486034,0.04906424581005589,0.04629888268156424,0.12290502793296199,0.036830695128874526,0,EMS rm 321071
0,0,15.608938547486034,0,0,15.731843575418994,0.04629888268156424,0.043533519553072636,0.12290502793296021,0.034694644269027165,0,EMS rm 321071
0,0,15.731843575418994,0,0,15.854748603351954,0.043533519553072636,0.04076815642458104,0.12290502793296021,0.03255859340918036,0,EMS rm 321071
0,0,15.854748603351954,0,0,15.977653631284916,0.04076815642458104,0.03800279329608939,0.12290502793296199,0.03042254254933397,0,EMS rm 321071
0,0,15.977653631284916,0,0,16,0.03800279329608939,0.0375,0.022346368715083997,0.0053018783050193235,0,EMS rm 321071
0,0,16,0,0,16.100558659217878,0.0375,0.0372486033519553,0.10055865921787799,0.023614229865736053,0,EMS rm 321071
0,0,16.100558659217878,0,0,16.223463687150836,0.0372486033519553,0.03694134078212291,0.12290502793295843,0.028646127709571693,0,EMS rm 321071
0,0,16.223463687150836,0,0,16.3463687150838,0.03694134078212291,0.036634078212290505,0.12290502793296199,0.02840884803727938,0,EMS rm 321071
0,0,16.3463687150838,0,0,16.46927374301676,0.036634078212290505,0.0363268156424581,0.12290502793296199,0.02817156836498623,0,EMS rm 321071
0,0,16.46927374301676,0,0,16.59217877094972,0.0363268156424581,0.0360195530726257,0.12290502793295843,0.027934288692692273,0,EMS rm 321071
0,0,16.59217877094972,0,0,16.71508379888268,0.0360195530726257,0.0357122905027933,0.12290502793296199,0.027697009020399944,0,EMS rm 321071
0,0,16.71508379888268,0,0,16.837988826815643,0.0357122905027933,0.035405027932960895,0.12290502793296199,0.027459729348106796,0,EMS rm 321071
0,0,16.837988826815643,0,0,16.9608938547486,0.035405027932960895,0.035097765363128496,0.12290502793295843,0.02722244967581286,0,EMS rm 321071
0,0,16.9608938547486,0,0,17.083798882681563,0.035097765363128496,0.03479050279329609,0.12290502793296199,0.026985170003520503,0,EMS rm 321071
0,0,17.083798882681563,0,0,17.206703910614525,0.03479050279329609,0.03448324022346369,0.12290502793296199,0.02674789033122736,0,EMS rm 321071
0,0,17.206703910614525,0,0,17.329608938547484,0.03448324022346369,0.03417597765363129,0.12290502793295843,0.026510610658933446,0,EMS rm 321071
0,0,17.329608938547484,0,0,17.452513966480446,0.03417597765363129,0.033868715083798885,0.12290502793296199,0.026273330986641065,0,EMS rm 321071
0,0,17.452513966480446,0,0,17.575418994413408,0.033868715083798885,0.03356145251396648,0.12290502793296199,0.02603605131434792,0,EMS rm 321071
0,0,17.575418994413408,0,0,17.69832402234637,0.03356145251396648,0.03325418994413408,0.12290502793296199,0.025798771642054772,0,EMS rm 321071
0,0,17.69832402234637,0,0,17.821229050279328,0.03325418994413408,0.03294692737430168,0.12290502793295843,0.02556149196976089,0,EMS rm 321071
0,0,17.821229050279328,0,0,17.94413407821229,0.03294692737430168,0.032639664804469275,0.12290502793296199,0.025324212297468483,0,EMS rm 321071
0,0,17.94413407821229,0,0,18,0.032639664804469275,0.0325,0.05586592178770999,0.01143256602866976,0,EMS rm 321071
0,0,18,0,0,18.067039106145252,0.0325,0.03237430167597766,0.06703910614525199,0.013663172367088021,0,EMS rm 321071
0,0,18.067039106145252,0,0,18.18994413407821,0.03237430167597766,0.03214385474860336,0.12290502793295843,0.024911635172133986,0,EMS rm 321071
0,0,18.18994413407821,0,0,18.312849162011172,0.03214385474860336,0.031913407821229055,0.12290502793296199,0.024733675661217848,0,EMS rm 321071
0,0,18.312849162011172,0,0,18.435754189944134,0.031913407821229055,0.03168296089385475,0.12290502793296199,0.024555716150300985,0,EMS rm 321071
0,0,18.435754189944134,0,0,18.558659217877093,0.03168296089385475,0.03145251396648045,0.12290502793295843,0.024377756639383415,0,EMS rm 321071
0,0,18.558659217877093,0,0,18.681564245810055,0.03145251396648045,0.031222067039106148,0.12290502793296199,0.024199797128467256,0,EMS rm 321071
0,0,18.681564245810055,0,0,18.804469273743017,0.031222067039106148,0.030991620111731844,0.12290502793296199,0.024021837617550397,0,EMS rm 321071
0,0,18.804469273743017,0,0,18.927374301675975,0.030991620111731844,0.030761173184357546,0.12290502793295843,0.02384387810663284,0,EMS rm 321071
0,0,18.927374301675975,0,0,19.050279329608937,0.030761173184357546,0.030530726256983245,0.12290502793296199,0.023665918595716675,0,EMS rm 321071
0,0,19.050279329608937,0,0,19.1731843575419,0.030530726256983245,0.03030027932960894,0.12290502793296199,0.02348795908479981,0,EMS rm 321071
0,0,19.1731843575419,0,0,19.29608938547486,0.03030027932960894,0.030069832402234636,0.12290502793296199,0.023309999573882946,0,EMS rm 321071
0,0,19.29608938547486,0,0,19.41899441340782,0.030069832402234636,0.029839385474860338,0.12290502793295843,0.023132040062965414,0,EMS rm 321071
0,0,19.41899441340782,0,0,19.54189944134078,0.029839385474860338,0.029608938547486037,0.12290502793296199,0.02295408055204922,0,EMS rm 321071
0,0,19.54189944134078,0,0,19.664804469273744,0.029608938547486037,0.029378491620111732,0.12290502793296199,0.02277612104113236,0,EMS rm 321071
0,0,19.664804469273744,0,0,19.787709497206702,0.029378491620111732,0.029148044692737435,0.12290502793295843,0.022598161530214843,0,EMS rm 321071
0,0,19.787709497206702,0,0,19.910614525139664,0.029148044692737435,0.02891759776536313,0.12290502793296199,0.02242020201929864,0,EMS rm 321071
0,0,19.910614525139664,0,0,20.033519553072626,0.02891759776536313,0.028687150837988826,0.12290502793296199,0.02224224250838177,0,EMS rm 321071
0,0,20.033519553072626,0,0,20.156424581005584,0.028687150837988826,0.02845670391061453,0.12290502793295843,0.022064282997464272,0,EMS rm 321071
0,0,20.156424581005584,0,0,20.279329608938546,0.02845670391061453,0.028226256983240227,0.12290502793296199,0.02188632348654805,0,EMS rm 321071
0,0,20.279329608938546,0,0,20.40223463687151,0.028226256983240227,0.027995810055865922,0.12290502793296199,0.02170836397563119,0,EMS rm 321071
0,0,20.40223463687151,0,0,20.525139664804467,0.027995810055865922,0.027765363128491625,0.12290502793295843,0.0215304044647137,0,EMS rm 321071
0,0,20.525139664804467,0,0,20.64804469273743,0.027765363128491625,0.027534916201117324,0.12290502793296199,0.021352444953797463,0,EMS rm 321071
0,0,20.64804469273743,0,0,20.77094972067039,0.027534916201117324,0.02730446927374302,0.12290502793296199,0.0211744854428806,0,EMS rm 321071
0,0,20.77094972067039,0,0,20.893854748603353,0.02730446927374302,0.027074022346368715,0.12290502793296199,0.020996525931963737,0,EMS rm 321071
0,0,20.893854748603353,0,0,21.01675977653631,0.027074022346368715,0.026843575418994417,0.12290502793295843,0.02081856642104627,0,EMS rm 321071
0,0,21.01675977653631,0,0,21.139664804469273,0.026843575418994417,0.026613128491620112,0.12290502793296199,0.020640606910130012,0,EMS rm 321071
0,0,21.139664804469273,0,0,21.262569832402235,0.026613128491620112,0.02638268156424581,0.12290502793296199,0.020462647399213153,0,EMS rm 321071
0,0,21.262569832402235,0,0,21.385474860335194,0.02638268156424581,0.026152234636871514,0.12290502793295843,0.0202846878882957,0,EMS rm 321071
0,0,21.385474860335194,0,0,21.508379888268156,0.026152234636871514,0.02592178770949721,0.12290502793296199,0.02010672837737943,0,EMS rm 321071
0,0,21.508379888268156,0,0,21.631284916201118,0.02592178770949721,0.025691340782122905,0.12290502793296199,0.01992876886646256,0,EMS rm 321071
0,0,21.631284916201118,0,0,21.754189944134076,0.025691340782122905,0.02546089385474861,0.12290502793295843,0.01975080935554513,0,EMS rm 321071
0,0,21.754189944134076,0,0,21.877094972067038,0.02546089385474861,0.025230446927374306,0.12290502793296199,0.019572849844628842,0,EMS rm 321071
0,0,21.877094972067038,0,0,22,0.025230446927374306,0.025,0.12290502793296199,0.019394890333711976,0,EMS rm 321071
0,0,0,0,0,0.11189944134078213,0.13,0.13,0.11189944134078213,0.09140104034282082,0,Swamp Rd rm 5
0,0,0.11189944134078213,0,0,0.22379888268156425,0.13,0.13,0.11189944134078213,0.09140104034282082,0,Swamp Rd rm 5
0,0,0.22379888268156425,0,0,0.3356983240223464,0.13,0.13,0.11189944134078214,0.09140104034282083,0,Swamp Rd rm 5
0,0,0.3356983240223464,0,0,0.4475977653631285,0.13,0.13,0.11189944134078211,0.0914010403428208,0,Swamp Rd rm 5
0,0,0.4475977653631285,0,0,0.5594972067039107,0.13,0.13,0.11189944134078217,0.09140104034282084,0,Swamp Rd rm 5
0,0,0.5594972067039107,0,0,0.6713966480446928,0.13,0.13,0.11189944134078211,0.0914010403428208,0,Swamp Rd rm 5
0,0,0.6713966480446928,0,0,0.7832960893854749,0.13,0.13,0.11189944134078211,0.0914010403428208,0,Swamp Rd rm 5
0,0,0.7832960893854749,0,0,0.895195530726257,0.13,0.13,0.11189944134078211,0.0914010403428208,0,Swamp Rd rm 5
0,0,0.895195530726257,0,0,1.0070949720670392,0.13,0.13,0.11189944134078222,0.0914010403428209,0,Swamp Rd rm 5
0,0,1.0070949720670392,0,0,1.1189944134078214,0.13,0.13,0.11189944134078211,0.0914010403428208,0,Swamp Rd rm 5
0,0,1.1189944134078214,0,0,1.2308938547486035,0.13,0.13,0.11189944134078211,0.0914010403428208,0,Swamp Rd rm 5
0,0,1.2308938547486035,0,0,1.3427932960893856,0.13,0.13,0.11189944134078211,0.0914010403428208,0,Swamp Rd rm 5
0,0,1.3427932960893856,0,0,1.4546927374301677,0.13,0.13,0.11189944134078211,0.0914010403428208,0,Swamp Rd rm 5
0,0,1.4546927374301677,0,0,1.5665921787709498,0.13,0.13,0.11189944134078211,0.0914010403428208,0,Swamp Rd rm 5
0,0,1.5665921787709498,0,0,1.678491620111732,0.13,0.13,0.11189944134078211,0.0914010403428208,0,Swamp Rd rm 5
0,0,1.678491620111732,0,0,1.790391061452514,0.13,0.13,0.11189944134078211,0.0914010403428208,0,Swamp Rd rm 5
0,0,1.790391061452514,0,0,1.9022905027932961,0.13,0.13,0.11189944134078211,0.0914010403428208,0,Swamp Rd rm 5
0,0,1.9022905027932961,0,0,2.0141899441340785,0.13,0.13,0.11189944134078234,0.09140104034282098,0,Swamp Rd rm 5
0,0,2.0141899441340785,0,0,2.1260893854748604,0.13,0.13,0.11189944134078189,0.09140104034282062,0,Swamp Rd rm 5
0,0,2.1260893854748604,0,0,2.2379888268156427,0.13,0.13,0.11189944134078234,0.09140104034282098,0,Swamp Rd rm 5
0,0,2.2379888268156427,0,0,2.3498882681564246,0.13,0.13,0.11189944134078189,0.09140104034282062,0,Swamp Rd rm 5
0,0,2.3498882681564246,0,0,2.461787709497207,0.13,0.13,0.11189944134078234,0.09140104034282098,0,Swamp Rd rm 5
0,0,2.461787709497207,0,0,2.573687150837989,0.13,0.13,0.11189944134078189,0.09140104034282062,0,Swamp Rd rm 5
0,0,2.573687150837989,0,0,2.685586592178771,0.13,0.13,0.11189944134078234,0.09140104034282098,0,Swamp Rd rm 5
0,0,2.685586592178771,0,0,2.797486033519553,0.13,0.13,0.11189944134078189,0.09140104034282062,0,Swamp Rd rm 5
0,0,2.797486033519553,0,0,2.9093854748603354,0.13,0.13,0.11189944134078234,0.09140104034282098,0,Swamp Rd rm 5
0,0,2.9093854748603354,0,0,3.0212849162011173,0.13,0.13,0.11189944134078189,0.09140104034282062,0,Swamp Rd rm 5
0,0,3.0212849162011173,0,0,3.1331843575418996,0.13,0.13,0.11189944134078234,0.09140104034282098,0,Swamp Rd rm 5
0,0,3.1331843575418996,0,0,3.2450837988826815,0.13,0.13,0.11189944134078189,0.09140104034282062,0,Swamp Rd rm 5
0,0,3.2450837988826815,0,0,3.356983240223464,0.13,0.13,0.11189944134078234,0.09140104034282098,0,Swamp Rd rm 5
0,0,3.356983240223464,0,0,3.4688826815642457,0.13,0.13,0.11189944134078189,0.09140104034282062,0,Swamp Rd rm 5
0,0,3.4688826815642457,0,0,3.580782122905028,0.13,0.13,0.11189944134078234,0.09140104034282098,0,Swamp Rd rm 5
0,0,3.580782122905028,0,0,3.6926815642458104,0.13,0.13,0.11189944134078234,0.09140104034282098,0,Swamp Rd rm 5
0,0,3.6926815642458104,0,0,3.8045810055865923,0.13,0.13,0.11189944134078189,0.09140104034282062,0,Swamp Rd rm 5
0,0,3.8045810055865923,0,0,3.9164804469273746,0.13,0.13,0.11189944134078234,0.09140104034282098,0,Swamp Rd rm 5
0,0,3.9164804469273746,0,0,4,0.13,0.13,0.08351955307262537,0.06821994773465631,0,Swamp Rd rm 5
0,0,4,0,0,4.028379888268157,0.13,0.1298581005586592,0.02837988826815696,0.023168730734596618,0,Swamp Rd rm 5
0,0,4.028379888268157,0,0,4.140279329608939,0.1298581005586592,0.1292986033519553,0.11189944134078189,0.0911057247588474,0,Swamp Rd rm 5
0,0,4.140279329608939,0,0,4.252178770949721,0.1292986033519553,0.1287391061452514,0.11189944134078189,0.09071234578968987,0,Swamp Rd rm 5
0,0,4.252178770949721,0,0,4.364078212290503,0.1287391061452514,0.1281796089385475,0.11189944134078189,0.09031896682053232,0,Swamp Rd rm 5
0,0,4.364078212290503,0,0,4.475977653631285,0.1281796089385475,0.12762011173184357,0.11189944134078278,0.08992558785137551,0,Swamp Rd rm 5
0,0,4.475977653631285,0,0,4.587877094972067,0.12762011173184357,0.12706061452513967,0.11189944134078189,0.08953220888221727,0,Swamp Rd rm 5
0,0,4.587877094972067,0,0,4.699776536312849,0.12706061452513967,0.12650111731843575,0.11189944134078189,0.08913882991305976,0,Swamp Rd rm 5
0,0,4.699776536312849,0,0,4.811675977653631,0.12650111731843575,0.12594162011173185,0.11189944134078189,0.08874545094390221,0,Swamp Rd rm 5
0,0,4.811675977653631,0,0,4.923575418994414,0.12594162011173185,0.12538212290502793,0.11189944134078278,0.08835207197474537,0,Swamp Rd rm 5
0,0,4.923575418994414,0,0,5.035474860335196,0.12538212290502793,0.12482262569832402,0.11189944134078189,0.08795869300558715,0,Swamp Rd rm 5
0,0,5.035474860335196,0,0,5.147374301675978,0.12482262569832402,0.1242631284916201,0.11189944134078189,0.08756531403642961,0,Swamp Rd rm 5
0,0,5.147374301675978,0,0,5.2592737430167595,0.1242631284916201,0.1237036312849162,0.11189944134078189,0.0871719350672721,0,Swamp Rd rm 5
0,0,5.2592737430167595,0,0,5.371173184357542,0.1237036312849162,0.12314413407821229,0.11189944134078278,0.08677855609811524,0,Swamp Rd rm 5
0,0,5.371173184357542,0,0,5.483072625698324,0.12314413407821229,0.12258463687150838,0.11189944134078189,0.08638517712895703,0,Swamp Rd rm 5
0,0,5.483072625698324,0,0,5.594972067039106,0.12258463687150838,0.12202513966480447,0.11189944134078189,0.0859917981597995,0,Swamp Rd rm 5
0,0,5.594972067039106,0,0,5.706871508379889,0.12202513966480447,0.12146564245810056,0.11189944134078278,0.08559841919064266,0,Swamp Rd rm 5
0,0,5.706871508379889,0,0,5.818770949720671,0.12146564245810056,0.12090614525139665,0.11189944134078189,0.08520504022148444,0,Swamp Rd rm 5
0,0,5.818770949720671,0,0,5.930670391061453,0.12090614525139665,0.12034664804469274,0.11189944134078189,0.0848116612523269,0,Swamp Rd rm 5
0,0,5.930670391061453,0,0,6,0.12034664804469274,0.12,0.06932960893854734,0.052349449796683566,0,Swamp Rd rm 5
0,0,6,0,0,6.0425698324022346,0.12,0.11936145251396647,0.04256983240223455,0.0320151010770693,0,Swamp Rd rm 5
0,0,6.0425698324022346,0,0,6.154469273743017,0.11936145251396647,0.11768296089385473,0.11189944134078278,0.08334055112600956,0,Swamp Rd rm 5
0,0,6.154469273743017,0,0,6.266368715083799,0.11768296089385473,0.11600446927374301,0.11189944134078189,0.08216029621369564,0,Swamp Rd rm 5
0,0,6.266368715083799,0,0,6.378268156424581,0.11600446927374301,0.11432597765363128,0.11189944134078189,0.08098004130138237,0,Swamp Rd rm 5
0,0,6.378268156424581,0,0,6.490167597765363,0.11432597765363128,0.11264748603351955,0.11189944134078189,0.0797997863890691,0,Swamp Rd rm 5
0,0,6.490167597765363,0,0,6.602067039106146,0.11264748603351955,0.11096899441340781,0.11189944134078278,0.07861953147675645,0,Swamp Rd rm 5
0,0,6.602067039106146,0,0,6.713966480446928,0.11096899441340781,0.10929050279329608,0.11189944134078189,0.07743927656444256,0,Swamp Rd rm 5
0,0,6.713966480446928,0,0,6.82586592178771,0.10929050279329608,0.10761201117318435,0.11189944134078189,0.07625902165212928,0,Swamp Rd rm 5
0,0,6.82586592178771,0,0,6.9377653631284915,0.10761201117318435,0.10593351955307262,0.11189944134078189,0.07507876673981602,0,Swamp Rd rm 5
0,0,6.9377653631284915,0,0,7.049664804469274,0.10593351955307262,0.10425502793296088,0.11189944134078278,0.07389851182750332,0,Swamp Rd rm 5
0,0,7.049664804469274,0,0,7.161564245810056,0.10425502793296088,0.10257653631284916,0.11189944134078189,0.07271825691518947,0,Swamp Rd rm 5
0,0,7.161564245810056,0,0,7.273463687150838,0.10257653631284916,0.10089804469273743,0.11189944134078189,0.0715380020028762,0,Swamp Rd rm 5
0,0,7.273463687150838,0,0,7.385363128491621,0.10089804469273743,0.09921955307262569,0.11189944134078278,0.0703577470905635,0,Swamp Rd rm 5
0,0,7.385363128491621,0,0,7.497262569832403,0.09921955307262569,0.09754106145251396,0.11189944134078189,0.06917749217824966,0,Swamp Rd rm 5
0,0,7.497262569832403,0,0,7.609162011173185,0.09754106145251396,0.09586256983240223,0.11189944134078189,0.06799723726593639,0,Swamp Rd rm 5
0,0,7.609162011173185,0,0,7.7210614525139665,0.09586256983240223,0.0941840782122905,0.11189944134078189,0.06681698235362313,0,Swamp Rd rm 5
0,0,7.7210614525139665,0,0,7.832960893854749,0.0941840782122905,0.09250558659217875,0.11189944134078278,0.06563672744131037,0,Swamp Rd rm 5
0,0,7.832960893854749,0,0,7.944860335195531,0.09250558659217875,0.09082709497206704,0.11189944134078189,0.06445647252899658,0,Swamp Rd rm 5
0,0,7.944860335195531,0,0,8,0.09082709497206704,0.09,0.05513966480446886,0.03132754426715129,0,Swamp Rd rm 5
0,0,8,0,0,8.056759776536314,0.09,0.08907765363128489,0.05675977653631392,0.031936644053047865,0,Swamp Rd rm 5
0,0,8.056759776536314,0,0,8.168659217877096,0.08907765363128489,0.08725928770949719,0.11189944134078189,0.06199810671834378,0,Swamp Rd rm 5
0,0,8.168659217877096,0,0,8.280558659217878,0.08725928770949719,0.08544092178770948,0.11189944134078189,0.0607194722630242,0,Swamp Rd rm 5
0,0,8.280558659217878,0,0,8.39245810055866,0.08544092178770948,0.08362255586592178,0.11189944134078189,0.05944083780770467,0,Swamp Rd rm 5
0,0,8.39245810055866,0,0,8.504357541899441,0.08362255586592178,0.08180418994413408,0.11189944134078189,0.058162203352385096,0,Swamp Rd rm 5
0,0,8.504357541899441,0,0,8.616256983240223,0.08180418994413408,0.07998582402234637,0.11189944134078189,0.05688356889706556,0,Swamp Rd rm 5
0,0,8.616256983240223,0,0,8.728156424581005,0.07998582402234637,0.07816745810055867,0.11189944134078189,0.055604934441745996,0,Swamp Rd rm 5
0,0,8.728156424581005,0,0,8.840055865921787,0.07816745810055867,0.07634909217877096,0.11189944134078189,0.05432629998642645,0,Swamp Rd rm 5
0,0,8.840055865921787,0,0,8.95195530726257,0.07634909217877096,0.07453072625698322,0.11189944134078367,0.053047665531107714,0,Swamp Rd rm 5
0,0,8.95195530726257,0,0,9.063854748603353,0.07453072625698322,0.07271236033519551,0.11189944134078189,0.05176903107578729,0,Swamp Rd rm 5
0,0,9.063854748603353,0,0,9.175754189944135,0.07271236033519551,0.07089399441340781,0.11189944134078189,0.05049039662046775,0,Swamp Rd rm 5
0,0,9.175754189944135,0,0,9.2876536312849165,0.07089399441340781,0.0690756284916201,0.11189944134078189,0.049211762165148186,0,Swamp Rd rm 5
0,0,9.2876536312849165,0,0,9.399553072625698,0.0690756284916201,0.0672572625698324,0.11189944134078189,0.047933127709828646,0,Swamp Rd rm 5
0,0,9.399553072625698,0,0,9.51145251396648,0.0672572625698324,0.0654388966480447,0.11189944134078189,0.04665449325450908,0,Swamp Rd rm 5
0,0,9.51145251396648,0,0,9.623351955307262,0.0654388966480447,0.063620530726257,0.11189944134078189,0.045375858799189525,0,Swamp Rd rm 5
0,0,9.623351955307262,0,0,9.735251396648046,0.063620530726257,0.06180216480446926,0.11189944134078367,0.044097224343870665,0,Swamp Rd rm 5
0,0,9.735251396648046,0,0,9.847150837988828,0.06180216480446926,0.05998379888268155,0.11189944134078189,0.0428185898885504,0,Swamp Rd rm 5
0,0,9.847150837988828,0,0,9.95905027932961,0.05998379888268155,0.05816543296089385,0.11189944134078189,0.04153995543323084,0,Swamp Rd rm 5
0,0,9.95905027932961,0,0,10,0.05816543296089385,0.0575,0.04094972067039038,0.014882014970267575,0,Swamp Rd rm 5
0,0,10,0,0,10.070949720670392,0.0575,0.05702700186219739,0.07094972067039151,0.02552807723614831,0,Swamp Rd rm 5
0,0,10.070949720670392,0,0,10.182849162011173,0.05702700186219739,0.05628100558659218,0.11189944134078189,0.039833461158487626,0,Swamp Rd rm 5
0,0,10.182849162011173,0,0,10.294748603351955,0.05628100558659218,0.05553500931098697,0.11189944134078189,0.039308950767072845,0,Swamp Rd rm 5
0,0,10.294748603351955,0,0,10.406648044692737,0.05553500931098697,0.05478901303538175,0.11189944134078189,0.03878444037565807,0,Swamp Rd rm 5
0,0,10.406648044692737,0,0,10.518547486033519,0.05478901303538175,0.05404301675977654,0.11189944134078189,0.03825992998424329,0,Swamp Rd rm 5
0,0,10.518547486033519,0,0,10.630446927374303,0.05404301675977654,0.053297020484171315,0.11189944134078367,0.03773541959282911,0,Swamp Rd rm 5
0,0,10.630446927374303,0,0,10.742346368715085,0.053297020484171315,0.052551024208566104,0.11189944134078189,0.03721090920141372,0,Swamp Rd rm 5
0,0,10.742346368715085,0,0,10.854245810055867,0.052551024208566104,0.05180502793296089,0.11189944134078189,0.03668639880999894,0,Swamp Rd rm 5
0,0,10.854245810055867,0,0,10.966145251396648,0.05180502793296089,0.051059031657355675,0.11189944134078189,0.03616188841858417,0,Swamp Rd rm 5
0,0,10.966145251396648,0,0,11.07804469273743,0.051059031657355675,0.050313035381750464,0.11189944134078189,0.03563737802716939,0,Swamp Rd rm 5
0,0,11.07804469273743,0,0,11.189944134078212,0.050313035381750464,0.04956703910614525,0.11189944134078189,0.0351128676357546,0,Swamp Rd rm 5
0,0,11.189944134078212,0,0,11.301843575418994,0.04956703910614525,0.04882104283054004,0.11189944134078189,0.034588357244339826,0,Swamp Rd rm 5
0,0,11.301843575418994,0,0,11.413743016759778,0.04882104283054004,0.04807504655493482,0.11189944134078367,0.03406384685292559,0,Swamp Rd rm 5
0,0,11.413743016759778,0,0,11.52564245810056,0.04807504655493482,0.047329050279329606,0.11189944134078189,0.033539336461510263,0,Swamp Rd rm 5
0,0,11.52564245810056,0,0,11.637541899441342,0.047329050279329606,0.04658305400372439,0.11189944134078189,0.03301482607009549,0,Swamp Rd rm 5
0,0,11.637541899441342,0,0,11.749441340782123,0.04658305400372439,0.04583705772811918,0.11189944134078189,0.032490315678680694,0,Swamp Rd rm 5
0,0,11.749441340782123,0,0,11.861340782122905,0.04583705772811918,0.045091061452513966,0.11189944134078189,0.031965805287265926,0,Swamp Rd rm 5
0,0,11.861340782122905,0,0,11.973240223463687,0.045091061452513966,0.044345065176908754,0.11189944134078189,0.03144129489585114,0,Swamp Rd rm 5
0,0,11.973240223463687,0,0,12.085139664804469,0.044345065176908754,0.043599068901303537,0.11189944134078189,0.030916784504436367,0,Swamp Rd rm 5
0,0,12.085139664804469,0,0,12.197039106145251,0.043599068901303537,0.042853072625698325,0.11189944134078189,0.030392274113021582,0,Swamp Rd rm 5
0,0,12.197039106145251,0,0,12.308938547486035,0.042853072625698325,0.0421070763500931,0.11189944134078367,0.029867763721607276,0,Swamp Rd rm 5
0,0,12.308938547486035,0,0,12.420837988826817,0.0421070763500931,0.04136108007448789,0.11189944134078189,0.02934325333019202,0,Swamp Rd rm 5
0,0,12.420837988826817,0,0,12.532737430167598,0.04136108007448789,0.04061508379888268,0.11189944134078189,0.028818742938777234,0,Swamp Rd rm 5
0,0,12.532737430167598,0,0,12.64463687150838,0.04061508379888268,0.03986908752327746,0.11189944134078189,0.02829423254736246,0,Swamp Rd rm 5
0,0,12.64463687150838,0,0,12.756536312849162,0.03986908752327746,0.039123091247672256,0.11189944134078189,0.02776972215594768,0,Swamp Rd rm 5
0,0,12.756536312849162,0,0,12.868435754189944,0.039123091247672256,0.03837709497206704,0.11189944134078189,0.027245211764532904,0,Swamp Rd rm 5
0,0,12.868435754189944,0,0,12.980335195530726,0.03837709497206704,0.03763109869646182,0.11189944134078189,0.02672070137311812,0,Swamp Rd rm 5
0,0,12.980335195530726,0,0,13,0.03763109869646182,0.0375,0.01966480446927399,0.004641612658469071,0,Swamp Rd rm 5
0,0,13,0,0,13.09223463687151,0.0375,0.037007994469035334,0.09223463687150968,0.021590016158599328,0,Swamp Rd rm 5
0,0,13.09223463687151,0,0,13.204134078212292,0.037007994469035334,0.036411091332437986,0.11189944134078189,0.02581029344580414,0,Swamp Rd rm 5
0,0,13.204134078212292,0,0,13.316033519553073,0.036411091332437986,0.03581418819584064,0.11189944134078189,0.02539061387757968,0,Swamp Rd rm 5
0,0,13.316033519553073,0,0,13.427932960893855,0.03581418819584064,0.0352172850592433,0.11189944134078189,0.024970934309355226,0,Swamp Rd rm 5
0,0,13.427932960893855,0,0,13.539832402234637,0.0352172850592433,0.03462038192264596,0.11189944134078189,0.02455125474113077,0,Swamp Rd rm 5
0,0,13.539832402234637,0,0,13.65173184357542,0.03462038192264596,0.03402347878604862,0.11189944134078189,0.024131575172906313,0,Swamp Rd rm 5
0,0,13.65173184357542,0,0,13.763631284916201,0.03402347878604862,0.03342657564945127,0.11189944134078189,0.02371189560468186,0,Swamp Rd rm 5
0,0,13.763631284916201,0,0,13.875530726256983,0.03342657564945127,0.03282967251285393,0.11189944134078189,0.023292216036457397,0,Swamp Rd rm 5
0,0,13.875530726256983,0,0,13.987430167597767,0.03282967251285393,0.03223276937625658,0.11189944134078367,0.0228725364682333,0,Swamp Rd rm 5
0,0,13.987430167597767,0,0,14.099329608938548,0.03223276937625658,0.031635866239659235,0.11189944134078189,0.022452856900008485,0,Swamp Rd rm 5
0,0,14.099329608938548,0,0,14.21122905027933,0.031635866239659235,0.031038963103061895,0.11189944134078189,0.022033177331784025,0,Swamp Rd rm 5
0,0,14.21122905027933,0,0,14.323128491620112,0.031038963103061895,0.03044205996646455,0.11189944134078189,0.02161349776355957,0,Swamp Rd rm 5
0,0,14.323128491620112,0,0,14.435027932960894,0.03044205996646455,0.02984515682986721,0.11189944134078189,0.021193818195335112,0,Swamp Rd rm 5
0,0,14.435027932960894,0,0,14.546927374301676,0.02984515682986721,0.029248253693269863,0.11189944134078189,0.020774138627110656,0,Swamp Rd rm 5
0,0,14.546927374301676,0,0,14.658826815642458,0.029248253693269863,0.02865135055667252,0.11189944134078189,0.020354459058886196,0,Swamp Rd rm 5
0,0,14.658826815642458,0,0,14.770726256983242,0.02865135055667252,0.02805444742007517,0.11189944134078367,0.01993477949066205,0,Swamp Rd rm 5
0,0,14.770726256983242,0,0,14.882625698324023,0.02805444742007517,0.02745754428347783,0.11189944134078189,0.019515099922437277,0,Swamp Rd rm 5
0,0,14.882625698324023,0,0,14.994525139664805,0.02745754428347783,0.026860641146880485,0.11189944134078189,0.01909542035421282,0,Swamp Rd rm 5
0,0,14.994525139664805,0,0,15.106424581005587,0.026860641146880485,0.026263738010283144,0.11189944134078189,0.018675740785988364,0,Swamp Rd rm 5
0,0,15.106424581005587,0,0,15.21832402234637,0.026263738010283144,0.0256668348736858,0.11189944134078189,0.01825606121776391,0,Swamp Rd rm 5
0,0,15.21832402234637,0,0,15.330223463687151,0.0256668348736858,0.025069931737088453,0.11189944134078189,0.01783638164953945,0,Swamp Rd rm 5
0,0,15.330223463687151,0,0,15.442122905027933,0.025069931737088453,0.024473028600491113,0.11189944134078189,0.017416702081314992,0,Swamp Rd rm 5
0,0,15.442122905027933,0,0,15.554022346368715,0.024473028600491113,0.02387612546389377,0.11189944134078189,0.016997022513090536,0,Swamp Rd rm 5
0,0,15.554022346368715,0,0,15.665921787709499,0.02387612546389377,0.023279222327296418,0.11189944134078367,0.01657734294486634,0,Swamp Rd rm 5
0,0,15.665921787709499,0,0,15.77782122905028,0.023279222327296418,0.022682319190699077,0.11189944134078189,0.016157663376641616,0,Swamp Rd rm 5
0,0,15.77782122905028,0,0,15.889720670391062,0.022682319190699077,0.022085416054101734,0.11189944134078189,0.01573798380841716,0,Swamp Rd rm 5
0,0,15.889720670391062,0,0,16.001620111731842,0.022085416054101734,0.0214885129175044,0.11189944134078011,0.015318304240192464,0,Swamp Rd rm 5
0,0,16.001620111731842,0,0,16.113519553072628,0.0214885129175044,0.020891609780907035,0.11189944134078544,0.01489862467196872,0,Swamp Rd rm 5
0,0,16.113519553072628,0,0,16.22541899441341,0.020891609780907035,0.020294706644309695,0.11189944134078189,0.014478945103743781,0,Swamp Rd rm 5
0,0,16.22541899441341,0,0,16.33731843575419,0.020294706644309695,0.01969780350771235,0.11189944134078189,0.014059265535519326,0,Swamp Rd rm 5
0,0,16.33731843575419,0,0,16.449217877094974,0.01969780350771235,0.01910090037111501,0.11189944134078189,0.01363958596729487,0,Swamp Rd rm 5
0,0,16.449217877094974,0,0,16.561117318435755,0.01910090037111501,0.018503997234517667,0.11189944134078189,0.013219906399070416,0,Swamp Rd rm 5
0,0,16.561117318435755,0,0,16.673016759776537,0.018503997234517667,0.01790709409792032,0.11189944134078189,0.012800226830845956,0,Swamp Rd rm 5
0,0,16.673016759776537,0,0,16.78491620111732,0.01790709409792032,0.01731019096132298,0.11189944134078189,0.0123805472626215,0,Swamp Rd rm 5
0,0,16.78491620111732,0,0,16.8968156424581,0.01731019096132298,0.016713287824725635,0.11189944134078189,0.011960867694397042,0,Swamp Rd rm 5
0,0,16.8968156424581,0,0,17.008715083798883,0.016713287824725635,0.016116384688128295,0.11189944134078189,0.011541188126172585,0,Swamp Rd rm 5
0,0,17.008715083798883,0,0,17.120614525139665,0.016116384688128295,0.015519481551530951,0.11189944134078189,0.01112150855794813,0,Swamp Rd rm 5
0,0,17.120614525139665,0,0,17.232513966480447,0.015519481551530951,0.014922578414933609,0.11189944134078189,0.010701828989723673,0,Swamp Rd rm 5
0,0,17.232513966480447,0,0,17.34441340782123,0.014922578414933609,0.014325675278336267,0.11189944134078189,0.010282149421499217,0,Swamp Rd rm 5
0,0,17.34441340782123,0,0,17.45631284916201,0.014325675278336267,0.013728772141738925,0.11189944134078189,0.009862469853274762,0,Swamp Rd rm 5
0,0,17.45631284916201,0,0,17.568212290502792,0.013728772141738925,0.013131869005141579,0.11189944134078189,0.009442790285050304,0,Swamp Rd rm 5
0,0,17.568212290502792,0,0,17.680111731843574,0.013131869005141579,0.012534965868544237,0.11189944134078189,0.009023110716825846,0,Swamp Rd rm 5
0,0,17.680111731843574,0,0,17.79201117318436,0.012534965868544237,0.011938062731946874,0.11189944134078544,0.008603431148601653,0,Swamp Rd rm 5
0,0,17.79201117318436,0,0,17.90391061452514,0.011938062731946874,0.011341159595349532,0.11189944134078189,0.008183751580376918,0,Swamp Rd rm 5
0,0,17.90391061452514,0,0,18.015810055865924,0.011341159595349532,0.01074425645875219,0.11189944134078189,0.007764072012152462,0,Swamp Rd rm 5
0,0,18.015810055865924,0,0,18.127709497206705,0.01074425645875219,0.010147353322154848,0.11189944134078189,0.007344392443928007,0,Swamp Rd rm 5
0,0,18.127709497206705,0,0,18.239608938547487,0.010147353322154848,0.009550450185557505,0.11189944134078189,0.006924712875703549,0,Swamp Rd rm 5
0,0,18.239608938547487,0,0,18.35150837988827,0.009550450185557505,0.00895354704896016,0.11189944134078189,0.006505033307479091,0,Swamp Rd rm 5
0,0,18.35150837988827,0,0,18.46340782122905,0.00895354704896016,0.008356643912362818,0.11189944134078189,0.006085353739254634,0,Swamp Rd rm 5
0,0,18.46340782122905,0,0,18.575307262569833,0.008356643912362818,0.0077597407757654755,0.11189944134078189,0.0056656741710301795,0,Swamp Rd rm 5
0,0,18.575307262569833,0,0,18.687206703910615,0.0077597407757654755,0.007162837639168133,0.11189944134078189,0.005245994602805722,0,Swamp Rd rm 5
0,0,18.687206703910615,0,0,18.799106145251397,0.007162837639168133,0.0065659345025707895,0.11189944134078189,0.004826315034581265,0,Swamp Rd rm 5
0,0,18.799106145251397,0,0,18.91100558659218,0.0065659345025707895,0.005969031365973447,0.11189944134078189,0.004406635466356809,0,Swamp Rd rm 5
0,0,18.91100558659218,0,0,19.02290502793296,0.005969031365973447,0.005372128229376104,0.11189944134078189,0.003986955898132352,0,Swamp Rd rm 5
0,0,19.02290502793296,0,0,19.134804469273742,0.005372128229376104,0.004775225092778761,0.11189944134078189,0.003567276329907896,0,Swamp Rd rm 5
0,0,19.134804469273742,0,0,19.246703910614524,0.004775225092778761,0.004178321956181419,0.11189944134078189,0.0031475967616834384,0,Swamp Rd rm 5
0,0,19.246703910614524,0,0,19.358603351955306,0.004178321956181419,0.003581418819584076,0.11189944134078189,0.002727917193458982,0,Swamp Rd rm 5
0,0,19.358603351955306,0,0,19.47050279329609,0.003581418819584076,0.002984515682986714,0.11189944134078544,0.0023082376252345914,0,Swamp Rd rm 5
0,0,19.47050279329609,0,0,19.582402234636874,0.002984515682986714,0.002387612546389371,0.11189944134078189,0.0018885580570100551,0,Swamp Rd rm 5
0,0,19.582402234636874,0,0,19.694301675977655,0.002387612546389371,0.0017907094097920286,0.11189944134078189,0.0014688784887855987,0,Swamp Rd rm 5
0,0,19.694301675977655,0,0,19.806201117318437,0.0017907094097920286,0.0011938062731946856,0.11189944134078189,0.001049198920561142,0,Swamp Rd rm 5
0,0,19.806201117318437,0,0,19.91810055865922,0.0011938062731946856,5.969031365973428e-4,0.11189944134078189,6.29519352336685e-4,0,Swamp Rd rm 5
0,0,19.91810055865922,0,0,20.03,5.969031365973428e-4,0,0.11189944134078189,2.0983978411222832e-4,0,Swamp Rd rm 5
0,0,0,0,0,0.08832402234636871,0.17,0.17,0.08832402234636871,0.09434255391120992,0,Swamp Rd bg 2
0,0,0.08832402234636871,0,0,0.17664804469273743,0.17,0.17,0.08832402234636871,0.09434255391120992,0,Swamp Rd bg 2
0,0,0.17664804469273743,0,0,0.26497206703910614,0.17,0.17,0.08832402234636871,0.09434255391120992,0,Swamp Rd bg 2
0,0,0.26497206703910614,0,0,0.35329608938547485,0.17,0.17,0.08832402234636871,0.09434255391120992,0,Swamp Rd bg 2
0,0,0.35329608938547485,0,0,0.44162011173184357,0.17,0.17,0.08832402234636871,0.09434255391120992,0,Swamp Rd bg 2
0,0,0.44162011173184357,0,0,0.5,0.17,0.17,0.05837988826815643,0.0623579815542153,0,Swamp Rd bg 2
0,0,0.5,0,0,0.5299441340782123,0.17,0.16970055865921788,0.02994413407821228,0.03195800101006284,0,Swamp Rd bg 2
0,0,0.5299441340782123,0,0,0.618268156424581,0.16970055865921788,0.1688173184357542,0.08832402234636871,0.09393599371139828,0,Swamp Rd bg 2
0,0,0.618268156424581,0,0,0.7065921787709497,0.1688173184357542,0.1679340782122905,0.08832402234636871,0.09344580956638983,0,Swamp Rd bg 2
0,0,0.7065921787709497,0,0,0.7949162011173184,0.1679340782122905,0.16705083798882683,0.08832402234636871,0.09295562542138137,0,Swamp Rd bg 2
0,0,0.7949162011173184,0,0,0.8832402234636871,0.16705083798882683,0.16616759776536313,0.08832402234636871,0.0924654412763729,0,Swamp Rd bg 2
0,0,0.8832402234636871,0,0,0.9715642458100558,0.16616759776536313,0.16528435754189946,0.08832402234636871,0.09197525713136444,0,Swamp Rd bg 2
0,0,0.9715642458100558,0,0,1.0598882681564246,0.16528435754189946,0.16440111731843576,0.08832402234636871,0.09148507298635598,0,Swamp Rd bg 2
0,0,1.0598882681564246,0,0,1.1482122905027934,0.16440111731843576,0.16351787709497206,0.08832402234636882,0.09099488884134763,0,Swamp Rd bg 2
0,0,1.1482122905027934,0,0,1.236536312849162,0.16351787709497206,0.1626346368715084,0.0883240223463686,0.09050470469633895,0,Swamp Rd bg 2
0,0,1.236536312849162,0,0,1.25,0.1626346368715084,0.1625,0.01346368715083801,0.01375304410209757,0,Swamp Rd bg 2
0,0,1.25,0,0,1.3248603351955306,0.1625,0.1608364369956549,0.07486033519553059,0.07606125643321641,0,Swamp Rd bg 2
0,0,1.3248603351955306,0,0,1.4131843575418994,0.1608364369956549,0.15887368094351334,0.08832402234636882,0.08873445762428672,0,Swamp Rd bg 2
0,0,1.4131843575418994,0,0,1.5015083798882682,0.15887368094351334,0.15691092489137182,0.08832402234636882,0.08764494506923706,0,Swamp Rd bg 2
0,0,1.5015083798882682,0,0,1.5898324022346368,0.15691092489137182,0.1549481688392303,0.0883240223463686,0.0865554325141872,0,Swamp Rd bg 2
0,0,1.5898324022346368,0,0,1.6781564245810054,0.1549481688392303,0.15298541278708877,0.0883240223463686,0.08546591995913755,0,Swamp Rd bg 2
0,0,1.6781564245810054,0,0,1.7,0.15298541278708877,0.1525,0.02184357541899451,0.02096868921773153,0,Swamp Rd bg 2
0,0,1.7,0,0,1.7664804469273743,0.1525,0.15186076493339062,0.06648044692737431,0.06357004891133539,0,Swamp Rd bg 2
0,0,1.7664804469273743,0,0,1.854804469273743,0.15186076493339062,0.15101149548775247,0.08832402234636882,0.08404430420006608,0,Swamp Rd bg 2
0,0,1.854804469273743,0,0,1.9431284916201117,0.15101149548775247,0.15016222604211432,0.0883240223463686,0.08357297506917888,0,Swamp Rd bg 2
0,0,1.9431284916201117,0,0,2.0314525139664803,0.15016222604211432,0.14931295659647614,0.0883240223463686,0.08310164593829192,0,Swamp Rd bg 2
0,0,2.0314525139664803,0,0,2.119776536312849,0.14931295659647614,0.148463687150838,0.08832402234636882,0.08263031680740515,0,Swamp Rd bg 2
0,0,2.119776536312849,0,0,2.208100558659218,0.148463687150838,0.14761441770519984,0.08832402234636882,0.08215898767651818,0,Swamp Rd bg 2
0,0,2.208100558659218,0,0,2.2964245810055868,0.14761441770519984,0.14676514825956166,0.08832402234636882,0.08168765854563122,0,Swamp Rd bg 2
0,0,2.2964245810055868,0,0,2.384748603351955,0.14676514825956166,0.1459158788139235,0.08832402234636838,0.08121632941474384,0,Swamp Rd bg 2
0,0,2.384748603351955,0,0,2.473072625698324,0.1459158788139235,0.14506660936828536,0.08832402234636882,0.08074500028385727,0,Swamp Rd bg 2
0,0,2.473072625698324,0,0,2.561396648044693,0.14506660936828536,0.14421733992264718,0.08832402234636882,0.0802736711529703,0,Swamp Rd bg 2
0,0,2.561396648044693,0,0,2.649720670391061,0.14421733992264718,0.14336807047700903,0.08832402234636838,0.07980234202208293,0,Swamp Rd bg 2
0,0,2.649720670391061,0,0,2.73804469273743,0.14336807047700903,0.14251880103137088,0.08832402234636882,0.07933101289119635,0,Swamp Rd bg 2
0,0,2.73804469273743,0,0,2.826368715083799,0.14251880103137088,0.1416695315857327,0.08832402234636882,0.07885968376030938,0,Swamp Rd bg 2
0,0,2.826368715083799,0,0,2.9146927374301677,0.1416695315857327,0.14082026214009455,0.08832402234636882,0.07838835462942241,0,Swamp Rd bg 2
0,0,2.9146927374301677,0,0,3,0.14082026214009455,0.14,0.08530726256983234,0.07526349725650615,0,Swamp Rd bg 2
0,0,3,0,0,3.0030167597765365,0.14,0.13997988826815644,0.0030167597765364818,0.00265354885670047,0,Swamp Rd bg 2
0,0,3.0030167597765365,0,0,3.091340782122905,0.13997988826815644,0.13939106145251398,0.08832402234636838,0.07752104288315088,0,Swamp Rd bg 2
0,0,3.091340782122905,0,0,3.1796648044692737,0.13939106145251398,0.13880223463687152,0.08832402234636882,0.07719426252984816,0,Swamp Rd bg 2
0,0,3.1796648044692737,0,0,3.2679888268156425,0.13880223463687152,0.13821340782122907,0.08832402234636882,0.0768674821765451,0,Swamp Rd bg 2
0,0,3.2679888268156425,0,0,3.356312849162011,0.13821340782122907,0.1376245810055866,0.08832402234636838,0.07654070182324164,0,Swamp Rd bg 2
0,0,3.356312849162011,0,0,3.4446368715083797,0.1376245810055866,0.13703575418994415,0.08832402234636882,0.07621392146993895,0,Swamp Rd bg 2
0,0,3.4446368715083797,0,0,3.5329608938547485,0.13703575418994415,0.1364469273743017,0.08832402234636882,0.07588714111663586,0,Swamp Rd bg 2
0,0,3.5329608938547485,0,0,3.6212849162011174,0.1364469273743017,0.13585810055865924,0.08832402234636882,0.07556036076333279,0,Swamp Rd bg 2
0,0,3.6212849162011174,0,0,3.709608938547486,0.13585810055865924,0.13526927374301675,0.08832402234636882,0.07523358041002971,0,Swamp Rd bg 2
0,0,3.709608938547486,0,0,3.7979329608938546,0.13526927374301675,0.1346804469273743,0.08832402234636838,0.07490680005672624,0,Swamp Rd bg 2
0,0,3.7979329608938546,0,0,3.8862569832402234,0.1346804469273743,0.13409162011173184,0.08832402234636882,0.07458001970342355,0,Swamp Rd bg 2
0,0,3.8862569832402234,0,0,3.974581005586592,0.13409162011173184,0.13350279329608938,0.08832402234636882,0.07425323935012046,0,Swamp Rd bg 2
0,0,3.974581005586592,0,0,4.062905027932961,0.13350279329608938,0.13291396648044693,0.08832402234636838,0.07392645899681705,0,Swamp Rd bg 2
0,0,4.062905027932961,0,0,4.15122905027933,0.13291396648044693,0.13232513966480447,0.08832402234636927,0.07359967864351469,0,Swamp Rd bg 2
0,0,4.15122905027933,0,0,4.239553072625698,0.13232513966480447,0.131736312849162,0.08832402234636838,0.07327289829021089,0,Swamp Rd bg 2
0,0,4.239553072625698,0,0,4.327877094972067,0.131736312849162,0.13114748603351956,0.08832402234636838,0.0729461179369078,0,Swamp Rd bg 2
0,0,4.327877094972067,0,0,4.416201117318436,0.13114748603351956,0.1305586592178771,0.08832402234636927,0.07261933758360548,0,Swamp Rd bg 2
0,0,4.416201117318436,0,0,4.5,0.1305586592178771,0.13,0.0837988826815641,0.06859670613284649,0,Swamp Rd bg 2
0,0,4.5,0,0,4.504525139664804,0.13,0.12998189944134078,0.0045251396648042785,0.0036959700843582338,0,Swamp Rd bg 2
0,0,4.504525139664804,0,0,4.5928491620111735,0.12998189944134078,0.1296286033519553,0.08832402234636927,0.07203680527485913,0,Swamp Rd bg 2
0,0,4.5928491620111735,0,0,4.681173184357542,0.1296286033519553,0.12927530726256983,0.08832402234636838,0.07184073985129812,0,Swamp Rd bg 2
0,0,4.681173184357542,0,0,4.76949720670391,0.12927530726256983,0.12892201117318436,0.08832402234636838,0.07164467442773788,0,Swamp Rd bg 2
0,0,4.76949720670391,0,0,4.85782122905028,0.12892201117318436,0.12856871508379888,0.08832402234636927,0.0714486090041783,0,Swamp Rd bg 2
0,0,4.85782122905028,0,0,4.946145251396648,0.12856871508379888,0.1282154189944134,0.08832402234636838,0.07125254358061735,0,Swamp Rd bg 2
0,0,4.946145251396648,0,0,5.034469273743016,0.1282154189944134,0.12786212290502794,0.08832402234636838,0.07105647815705707,0,Swamp Rd bg 2
0,0,5.034469273743016,0,0,5.122793296089386,0.12786212290502794,0.12750882681564246,0.08832402234636927,0.07086041273349752,0,Swamp Rd bg 2
0,0,5.122793296089386,0,0,5.211117318435754,0.12750882681564246,0.127155530726257,0.08832402234636838,0.07066434730993654,0,Swamp Rd bg 2
0,0,5.211117318435754,0,0,5.299441340782122,0.127155530726257,0.1268022346368715,0.08832402234636838,0.07046828188637629,0,Swamp Rd bg 2
0,0,5.299441340782122,0,0,5.387765363128492,0.1268022346368715,0.12644893854748604,0.08832402234636927,0.07027221646281671,0,Swamp Rd bg 2
0,0,5.387765363128492,0,0,5.47608938547486,0.12644893854748604,0.12609564245810057,0.08832402234636838,0.07007615103925577,0,Swamp Rd bg 2
0,0,5.47608938547486,0,0,5.564413407821229,0.12609564245810057,0.1257423463687151,0.08832402234636927,0.06988008561569618,0,Swamp Rd bg 2
0,0,5.564413407821229,0,0,5.652737430167598,0.1257423463687151,0.12538905027932962,0.08832402234636838,0.06968402019213524,0,Swamp Rd bg 2
0,0,5.652737430167598,0,0,5.741061452513966,0.12538905027932962,0.12503575418994414,0.08832402234636838,0.06948795476857496,0,Swamp Rd bg 2
0,0,5.741061452513966,0,0,5.829385474860335,0.12503575418994414,0.12468245810055865,0.08832402234636927,0.06929188934501539,0,Swamp Rd bg 2
0,0,5.829385474860335,0,0,5.917709497206704,0.12468245810055865,0.12432916201117318,0.08832402234636838,0.06909582392145443,0,Swamp Rd bg 2
0,0,5.917709497206704,0,0,6.006033519553073,0.12432916201117318,0.1239758659217877,0.08832402234636927,0.06889975849789486,0,Swamp Rd bg 2
0,0,6.006033519553073,0,0,6.094357541899441,0.1239758659217877,0.12362256983240223,0.08832402234636838,0.0687036930743339,0,Swamp Rd bg 2
0,0,6.094357541899441,0,0,6.18268156424581,0.12362256983240223,0.12326927374301676,0.08832402234636838,0.06850762765077363,0,Swamp Rd bg 2
0,0,6.18268156424581,0,0,6.271005586592179,0.12326927374301676,0.12291597765363128,0.08832402234636927,0.06831156222721405,0,Swamp Rd bg 2
0,0,6.271005586592179,0,0,6.359329608938547,0.12291597765363128,0.12256268156424581,0.08832402234636838,0.0681154968036531,0,Swamp Rd bg 2
0,0,6.359329608938547,0,0,6.447653631284916,0.12256268156424581,0.12220938547486034,0.08832402234636838,0.06791943138009283,0,Swamp Rd bg 2
0,0,6.447653631284916,0,0,6.535977653631285,0.12220938547486034,0.12185608938547486,0.08832402234636927,0.06772336595653326,0,Swamp Rd bg 2
0,0,6.535977653631285,0,0,6.624301675977653,0.12185608938547486,0.12150279329608939,0.08832402234636838,0.06752730053297232,0,Swamp Rd bg 2
0,0,6.624301675977653,0,0,6.712625698324022,0.12150279329608939,0.12114949720670391,0.08832402234636838,0.06733123510941205,0,Swamp Rd bg 2
0,0,6.712625698324022,0,0,6.800949720670391,0.12114949720670391,0.12079620111731842,0.08832402234636927,0.06713516968585245,0,Swamp Rd bg 2
0,0,6.800949720670391,0,0,6.889273743016759,0.12079620111731842,0.12044290502793296,0.08832402234636838,0.06693910426229152,0,Swamp Rd bg 2
0,0,6.889273743016759,0,0,6.977597765363129,0.12044290502793296,0.12008960893854748,0.08832402234636927,0.06674303883873192,0,Swamp Rd bg 2
0,0,6.977597765363129,0,0,7,0.12008960893854748,0.12,0.0224022346368713,0.01689732871943649,0,Swamp Rd bg 2
0,0,7,0,0,7.065921787709497,0.12,0.11929369513168396,0.06592178770949708,0.04956042606028109,0,Swamp Rd bg 2
0,0,7.065921787709497,0,0,7.1542458100558655,0.11929369513168396,0.11834736632083001,0.08832402234636838,0.06594397487549554,0,Swamp Rd bg 2
0,0,7.1542458100558655,0,0,7.242569832402235,0.11834736632083001,0.11740103750997605,0.08832402234636927,0.06541877369228755,0,Swamp Rd bg 2
0,0,7.242569832402235,0,0,7.330893854748603,0.11740103750997605,0.11645470869912211,0.08832402234636838,0.06489357250907823,0,Swamp Rd bg 2
0,0,7.330893854748603,0,0,7.419217877094972,0.11645470869912211,0.11550837988826815,0.08832402234636927,0.06436837132587023,0,Swamp Rd bg 2
0,0,7.419217877094972,0,0,7.507541899441341,0.11550837988826815,0.1145620510774142,0.08832402234636838,0.06384317014266093,0,Swamp Rd bg 2
0,0,7.507541899441341,0,0,7.595865921787709,0.1145620510774142,0.11361572226656026,0.08832402234636838,0.06331796895945227,0,Swamp Rd bg 2
0,0,7.595865921787709,0,0,7.684189944134078,0.11361572226656026,0.1126693934557063,0.08832402234636927,0.06279276777624425,0,Swamp Rd bg 2
0,0,7.684189944134078,0,0,7.772513966480447,0.1126693934557063,0.11172306464485235,0.08832402234636838,0.06226756659303495,0,Swamp Rd bg 2
0,0,7.772513966480447,0,0,7.860837988826815,0.11172306464485235,0.11077673583399841,0.08832402234636838,0.06174236540982631,0,Swamp Rd bg 2
0,0,7.860837988826815,0,0,7.949162011173184,0.11077673583399841,0.10983040702314445,0.08832402234636927,0.06121716422661827,0,Swamp Rd bg 2
0,0,7.949162011173184,0,0,8.037486033519553,0.10983040702314445,0.1088840782122905,0.08832402234636838,0.06069196304340899,0,Swamp Rd bg 2
0,0,8.037486033519553,0,0,8.125810055865921,0.1088840782122905,0.10793774940143655,0.08832402234636838,0.060166761860200334,0,Swamp Rd bg 2
0,0,8.125810055865921,0,0,8.21413407821229,0.10793774940143655,0.10699142059058261,0.08832402234636838,0.05964156067699169,0,Swamp Rd bg 2
0,0,8.21413407821229,0,0,8.30245810055866,0.10699142059058261,0.10604509177972865,0.08832402234637016,0.05911635949378423,0,Swamp Rd bg 2
0,0,8.30245810055866,0,0,8.390782122905028,0.10604509177972865,0.1050987629688747,0.08832402234636838,0.058591158310574376,0,Swamp Rd bg 2
0,0,8.390782122905028,0,0,8.479106145251396,0.1050987629688747,0.10415243415802075,0.08832402234636838,0.05806595712736572,0,Swamp Rd bg 2
0,0,8.479106145251396,0,0,8.567430167597765,0.10415243415802075,0.1032061053471668,0.08832402234636838,0.05754075594415707,0,Swamp Rd bg 2
0,0,8.567430167597765,0,0,8.655754189944133,0.1032061053471668,0.10225977653631285,0.08832402234636838,0.05701555476094841,0,Swamp Rd bg 2
0,0,8.655754189944133,0,0,8.744078212290503,0.10225977653631285,0.10131344772545889,0.08832402234637016,0.05649035357774089,0,Swamp Rd bg 2
0,0,8.744078212290503,0,0,8.832402234636872,0.10131344772545889,0.10036711891460495,0.08832402234636838,0.055965152394531106,0,Swamp Rd bg 2
0,0,8.832402234636872,0,0,8.92072625698324,0.10036711891460495,0.099420790103751,0.08832402234636838,0.055439951211322454,0,Swamp Rd bg 2
0,0,8.92072625698324,0,0,9.009050279329609,0.099420790103751,0.09847446129289705,0.08832402234636838,0.054914750028113794,0,Swamp Rd bg 2
0,0,9.009050279329609,0,0,9.097374301675977,0.09847446129289705,0.0975281324820431,0.08832402234636838,0.05438954884490515,0,Swamp Rd bg 2
0,0,9.097374301675977,0,0,9.1,0.0975281324820431,0.0975,0.002625698324022707,0.0016088549385879108,0,Swamp Rd bg 2
0,0,9.1,0,0,9.185698324022347,0.0975,0.09627573822825218,0.08569832402234745,0.05217541506781072,0,Swamp Rd bg 2
0,0,9.185698324022347,0,0,9.274022346368715,0.09627573822825218,0.09501396648044692,0.08832402234636838,0.05308411968012909,0,Swamp Rd bg 2
0,0,9.274022346368715,0,0,9.362346368715084,0.09501396648044692,0.09375219473264165,0.08832402234636838,0.05238382017816165,0,Swamp Rd bg 2
0,0,9.362346368715084,0,0,9.450670391061452,0.09375219473264165,0.0924904229848364,0.08832402234636838,0.05168352067619421,0,Swamp Rd bg 2
0,0,9.450670391061452,0,0,9.53899441340782,0.0924904229848364,0.09122865123703114,0.08832402234636838,0.05098322117422677,0,Swamp Rd bg 2
0,0,9.53899441340782,0,0,9.627318435754189,0.09122865123703114,0.08996687948922587,0.08832402234636838,0.05028292167225933,0,Swamp Rd bg 2
0,0,9.627318435754189,0,0,9.71564245810056,0.08996687948922587,0.08870510774142058,0.08832402234637016,0.049582622170292884,0,Swamp Rd bg 2
0,0,9.71564245810056,0,0,9.803966480446928,0.08870510774142058,0.08744333599361533,0.08832402234636838,0.048882322668324436,0,Swamp Rd bg 2
0,0,9.803966480446928,0,0,9.892290502793296,0.08744333599361533,0.08618156424581006,0.08832402234636838,0.048182023166357,0,Swamp Rd bg 2
0,0,9.892290502793296,0,0,9.980614525139664,0.08618156424581006,0.0849197924980048,0.08832402234636838,0.04748172366438956,0,Swamp Rd bg 2
0,0,9.980614525139664,0,0,10.068938547486033,0.0849197924980048,0.08365802075019953,0.08832402234636838,0.04678142416242212,0,Swamp Rd bg 2
0,0,10.068938547486033,0,0,10.157262569832403,0.08365802075019953,0.08239624900239424,0.08832402234637016,0.04608112466045561,0,Swamp Rd bg 2
0,0,10.157262569832403,0,0,10.245586592178771,0.08239624900239424,0.08113447725458899,0.08832402234636838,0.04538082515848723,0,Swamp Rd bg 2
0,0,10.245586592178771,0,0,10.33391061452514,0.08113447725458899,0.07987270550678371,0.08832402234636838,0.044680525656519796,0,Swamp Rd bg 2
0,0,10.33391061452514,0,0,10.422234636871508,0.07987270550678371,0.07861093375897846,0.08832402234636838,0.043980226154552354,0,Swamp Rd bg 2
0,0,10.422234636871508,0,0,10.5,0.07861093375897846,0.0775,0.07776536312849203,0.03814290002853189,0,Swamp Rd bg 2
0,0,10.5,0,0,10.510558659217876,0.0775,0.07747800279329609,0.010558659217876354,0.005140787452454791,0,Swamp Rd bg 2
0,0,10.510558659217876,0,0,10.598882681564245,0.07747800279329609,0.07729399441340783,0.08832402234636838,0.04294593287603873,0,Swamp Rd bg 2
0,0,10.598882681564245,0,0,10.687206703910615,0.07729399441340783,0.07710998603351955,0.08832402234637016,0.0428438160632578,0,Swamp Rd bg 2
0,0,10.687206703910615,0,0,10.775530726256983,0.07710998603351955,0.07692597765363128,0.08832402234636838,0.04274169925047515,0,Swamp Rd bg 2
0,0,10.775530726256983,0,0,10.863854748603352,0.07692597765363128,0.07674196927374302,0.08832402234636838,0.042639582437693356,0,Swamp Rd bg 2
0,0,10.863854748603352,0,0,10.95217877094972,0.07674196927374302,0.07655796089385475,0.08832402234636838,0.04253746562491157,0,Swamp Rd bg 2
0,0,10.95217877094972,0,0,11.040502793296088,0.07655796089385475,0.07637395251396648,0.08832402234636838,0.042435348812129785,0,Swamp Rd bg 2
0,0,11.040502793296088,0,0,11.128826815642459,0.07637395251396648,0.0761899441340782,0.08832402234637016,0.042333231999348846,0,Swamp Rd bg 2
0,0,11.128826815642459,0,0,11.217150837988827,0.0761899441340782,0.07600593575418994,0.08832402234636838,0.042231115186566213,0,Swamp Rd bg 2
0,0,11.217150837988827,0,0,11.305474860335195,0.07600593575418994,0.07582192737430167,0.08832402234636838,0.04212899837378442,0,Swamp Rd bg 2
0,0,11.305474860335195,0,0,11.393798882681564,0.07582192737430167,0.07563791899441341,0.08832402234636838,0.04202688156100263,0,Swamp Rd bg 2
0,0,11.393798882681564,0,0,11.482122905027932,0.07563791899441341,0.07545391061452514,0.08832402234636838,0.04192476474822084,0,Swamp Rd bg 2
0,0,11.482122905027932,0,0,11.570446927374302,0.07545391061452514,0.07526990223463687,0.08832402234637016,0.0418226479354399,0,Swamp Rd bg 2
0,0,11.570446927374302,0,0,11.65877094972067,0.07526990223463687,0.07508589385474859,0.08832402234636838,0.041720531122657264,0,Swamp Rd bg 2
0,0,11.65877094972067,0,0,11.7,0.07508589385474859,0.075,0.04122905027932866,0.01943989979930418,0,Swamp Rd bg 2
0,0,11.7,0,0,11.747094972067039,0.075,0.07414060269950658,0.04709497206703972,0.022069505753636913,0,Swamp Rd bg 2
0,0,11.747094972067039,0,0,11.835418994413407,0.07414060269950658,0.0725288504669086,0.08832402234636838,0.04070433665079833,0,Swamp Rd bg 2
0,0,11.835418994413407,0,0,11.923743016759776,0.0725288504669086,0.07091709823431065,0.08832402234636838,0.039809735845286284,0,Swamp Rd bg 2
0,0,11.923743016759776,0,0,12.012067039106146,0.07091709823431065,0.06930534600171265,0.08832402234637016,0.03891513503977502,0,Swamp Rd bg 2
0,0,12.012067039106146,0,0,12.100391061452514,0.06930534600171265,0.06769359376911468,0.08832402234636838,0.038020534234262174,0,Swamp Rd bg 2
0,0,12.100391061452514,0,0,12.188715083798883,0.06769359376911468,0.06608184153651672,0.08832402234636838,0.03712593342875012,0,Swamp Rd bg 2
0,0,12.188715083798883,0,0,12.277039106145251,0.06608184153651672,0.06447008930391876,0.08832402234636838,0.03623133262323808,0,Swamp Rd bg 2
0,0,12.277039106145251,0,0,12.36536312849162,0.06447008930391876,0.06285833707132081,0.08832402234636838,0.03533673181772603,0,Swamp Rd bg 2
0,0,12.36536312849162,0,0,12.453687150837988,0.06285833707132081,0.061246584838722834,0.08832402234636838,0.03444213101221399,0,Swamp Rd bg 2
0,0,12.453687150837988,0,0,12.542011173184358,0.061246584838722834,0.059634832606124843,0.08832402234637016,0.0335475302067026,0,Swamp Rd bg 2
0,0,12.542011173184358,0,0,12.630335195530726,0.059634832606124843,0.05802308037352688,0.08832402234636838,0.03265292940118987,0,Swamp Rd bg 2
0,0,12.630335195530726,0,0,12.718659217877095,0.05802308037352688,0.05641132814092892,0.08832402234636838,0.03175832859567782,0,Swamp Rd bg 2
0,0,12.718659217877095,0,0,12.806983240223463,0.05641132814092892,0.054799575908330955,0.08832402234636838,0.030863727790165774,0,Swamp Rd bg 2
0,0,12.806983240223463,0,0,12.895307262569832,0.054799575908330955,0.05318782367573299,0.08832402234636838,0.02996912698465373,0,Swamp Rd bg 2
0,0,12.895307262569832,0,0,12.983631284916202,0.05318782367573299,0.051576071443134995,0.08832402234637016,0.029074526179142256,0,Swamp Rd bg 2
0,0,12.983631284916202,0,0,13.07195530726257,0.051576071443134995,0.04996431921053703,0.08832402234636838,0.028179925373629608,0,Swamp Rd bg 2
0,0,13.07195530726257,0,0,13.160279329608938,0.04996431921053703,0.04835256697793908,0.08832402234636838,0.027285324568117567,0,Swamp Rd bg 2
0,0,13.160279329608938,0,0,13.248603351955307,0.04835256697793908,0.046740814745341114,0.08832402234636838,0.02639072376260552,0,Swamp Rd bg 2
0,0,13.248603351955307,0,0,13.336927374301675,0.046740814745341114,0.04512906251274315,0.08832402234636838,0.02549612295709347,0,Swamp Rd bg 2
0,0,13.336927374301675,0,0,13.425251396648044,0.04512906251274315,0.04351731028014518,0.08832402234636838,0.024601522151581425,0,Swamp Rd bg 2
0,0,13.425251396648044,0,0,13.513575418994414,0.04351731028014518,0.04190555804754719,0.08832402234637016,0.02370692134606984,0,Swamp Rd bg 2
0,0,13.513575418994414,0,0,13.601899441340782,0.04190555804754719,0.04029380581494923,0.08832402234636838,0.02281232054055731,0,Swamp Rd bg 2
0,0,13.601899441340782,0,0,13.69022346368715,0.04029380581494923,0.038682053582351265,0.08832402234636838,0.02191771973504526,0,Swamp Rd bg 2
0,0,13.69022346368715,0,0,13.778547486033519,0.038682053582351265,0.0370703013497533,0.08832402234636838,0.02102311892953321,0,Swamp Rd bg 2
0,0,13.778547486033519,0,0,13.866871508379887,0.0370703013497533,0.03545854911715534,0.08832402234636838,0.020128518124021166,0,Swamp Rd bg 2
0,0,13.866871508379887,0,0,13.955195530726257,0.03545854911715534,0.03384679688455734,0.08832402234637016,0.019233917318509493,0,Swamp Rd bg 2
0,0,13.955195530726257,0,0,14.043519553072626,0.03384679688455734,0.03223504465195938,0.08832402234636838,0.01833931651299705,0,Swamp Rd bg 2
0,0,14.043519553072626,0,0,14.131843575418994,0.03223504465195938,0.030623292419361417,0.08832402234636838,0.017444715707485,0,Swamp Rd bg 2
0,0,14.131843575418994,0,0,14.220167597765363,0.030623292419361417,0.029011540186763458,0.08832402234636838,0.016550114901972956,0,Swamp Rd bg 2
0,0,14.220167597765363,0,0,14.308491620111731,0.029011540186763458,0.02739978795416549,0.08832402234636838,0.015655514096460908,0,Swamp Rd bg 2
0,0,14.308491620111731,0,0,14.396815642458101,0.02739978795416549,0.025788035721567498,0.08832402234637016,0.014760913290949147,0,Swamp Rd bg 2
0,0,14.396815642458101,0,0,14.48513966480447,0.025788035721567498,0.02417628348896954,0.08832402234636838,0.013866312485436795,0,Swamp Rd bg 2
0,0,14.48513966480447,0,0,14.573463687150838,0.02417628348896954,0.022564531256371576,0.08832402234636838,0.012971711679924747,0,Swamp Rd bg 2
0,0,14.573463687150838,0,0,14.661787709497206,0.022564531256371576,0.02095277902377361,0.08832402234636838,0.0120771108744127,0,Swamp Rd bg 2
0,0,14.661787709497206,0,0,14.750111731843575,0.02095277902377361,0.01934102679117565,0.08832402234636838,0.011182510068900652,0,Swamp Rd bg 2
0,0,14.750111731843575,0,0,14.838435754189945,0.01934102679117565,0.017729274558577656,0.08832402234637016,0.010287909263388803,0,Swamp Rd bg 2
0,0,14.838435754189945,0,0,14.926759776536313,0.017729274558577656,0.01611752232597969,0.08832402234636838,0.009393308457876538,0,Swamp Rd bg 2
0,0,14.926759776536313,0,0,15.015083798882682,0.01611752232597969,0.014505770093381729,0.08832402234636838,0.008498707652364488,0,Swamp Rd bg 2
0,0,15.015083798882682,0,0,15.10340782122905,0.014505770093381729,0.012894017860783766,0.08832402234636838,0.007604106846852442,0,Swamp Rd bg 2
0,0,15.10340782122905,0,0,15.191731843575418,0.012894017860783766,0.011282265628185803,0.08832402234636838,0.006709506041340394,0,Swamp Rd bg 2
0,0,15.191731843575418,0,0,15.280055865921787,0.011282265628185803,0.00967051339558784,0.08832402234636838,0.005814905235828347,0,Swamp Rd bg 2
0,0,15.280055865921787,0,0,15.368379888268157,0.00967051339558784,0.008058761162989845,0.08832402234637016,0.004920304430316389,0,Swamp Rd bg 2
0,0,15.368379888268157,0,0,15.456703910614525,0.008058761162989845,0.006447008930391883,0.08832402234636838,0.004025703624804233,0,Swamp Rd bg 2
0,0,15.456703910614525,0,0,15.545027932960894,0.006447008930391883,0.00483525669779392,0.08832402234636838,0.003131102819292185,0,Swamp Rd bg 2
0,0,15.545027932960894,0,0,15.633351955307262,0.00483525669779392,0.0032235044651959576,0.08832402234636838,0.002236502013780137,0,Swamp Rd bg 2
0,0,15.633351955307262,0,0,15.72167597765363,0.0032235044651959576,0.001611752232597995,0.08832402234636838,0.0013419012082680896,0,Swamp Rd bg 2
0,0,15.72167597765363,0,0,15.81,0.001611752232597995,0,0.08832402234637016,4.4730040275604187e-4,0,Swamp Rd bg 2
0,0,0,0,0,0.1264804469273743,0.23,0.23,0.1264804469273743,0.18278101972930472,0,YMF black oak
0,0,0.1264804469273743,0,0,0.2529608938547486,0.23,0.23,0.1264804469273743,0.18278101972930472,0,YMF black oak
0,0,0.2529608938547486,0,0,0.37944134078212294,0.23,0.23,0.1264804469273743,0.18278101972930472,0,YMF black oak
0,0,0.37944134078212294,0,0,0.5059217877094973,0.23,0.23,0.1264804469273743,0.18278101972930472,0,YMF black oak
0,0,0.5059217877094973,0,0,0.6324022346368716,0.23,0.23,0.12648044692737437,0.1827810197293048,0,YMF black oak
0,0,0.6324022346368716,0,0,0.7588826815642459,0.23,0.23,0.12648044692737426,0.18278101972930463,0,YMF black oak
0,0,0.7588826815642459,0,0,0.8853631284916201,0.23,0.23,0.12648044692737426,0.18278101972930463,0,YMF black oak
0,0,0.8853631284916201,0,0,1.0118435754189945,0.23,0.23,0.12648044692737437,0.1827810197293048,0,YMF black oak
0,0,1.0118435754189945,0,0,1.1383240223463689,0.23,0.23,0.12648044692737437,0.1827810197293048,0,YMF black oak
0,0,1.1383240223463689,0,0,1.25,0.23,0.23,0.11167597765363113,0.1613865982503885,0,YMF black oak
0,0,1.25,0,0,1.2648044692737432,0.23,0.23,0.014804469273743237,0.021394421478916285,0,YMF black oak
0,0,1.2648044692737432,0,0,1.3912849162011174,0.23,0.23,0.12648044692737415,0.1827810197293045,0,YMF black oak
0,0,1.3912849162011174,0,0,1.5177653631284918,0.23,0.23,0.12648044692737437,0.1827810197293048,0,YMF black oak
0,0,1.5177653631284918,0,0,1.6442458100558661,0.23,0.23,0.12648044692737437,0.1827810197293048,0,YMF black oak
0,0,1.6442458100558661,0,0,1.7707262569832403,0.23,0.23,0.12648044692737415,0.1827810197293045,0,YMF black oak
0,0,1.7707262569832403,0,0,1.8972067039106146,0.23,0.23,0.12648044692737437,0.1827810197293048,0,YMF black oak
0,0,1.8972067039106146,0,0,2,0.23,0.23,0.10279329608938537,0.148549945363039,0,YMF black oak
0,0,2,0,0,2.023687150837989,0.23,0.2297927374301676,0.023687150837989,0.03421696063638145,0,YMF black oak
0,0,2.023687150837989,0,0,2.150167597765363,0.2297927374301676,0.22868603351955308,0.12648044692737415,0.18218353311386096,0,YMF black oak
0,0,2.150167597765363,0,0,2.2766480446927377,0.22868603351955308,0.22757932960893856,0.1264804469273746,0.18130400175353695,0,YMF black oak
0,0,2.2766480446927377,0,0,2.403128491620112,0.22757932960893856,0.22647262569832402,0.12648044692737415,0.18042447039321174,0,YMF black oak
0,0,2.403128491620112,0,0,2.5296089385474865,0.22647262569832402,0.2253659217877095,0.1264804469273746,0.17954493903288773,0,YMF black oak
0,0,2.5296089385474865,0,0,2.6560893854748606,0.2253659217877095,0.22425921787709496,0.12648044692737415,0.1786654076725625,0,YMF black oak
0,0,2.6560893854748606,0,0,2.7825698324022348,0.22425921787709496,0.22315251396648045,0.12648044692737415,0.1777858763122379,0,YMF black oak
0,0,2.7825698324022348,0,0,2.9090502793296094,0.22315251396648045,0.22204581005586593,0.1264804469273746,0.1769063449519139,0,YMF black oak
0,0,2.9090502793296094,0,0,3.0355307262569835,0.22204581005586593,0.2209391061452514,0.12648044692737415,0.17602681359158873,0,YMF black oak
0,0,3.0355307262569835,0,0,3.1620111731843576,0.2209391061452514,0.21983240223463688,0.12648044692737415,0.1751472822312641,0,YMF black oak
0,0,3.1620111731843576,0,0,3.2884916201117322,0.21983240223463688,0.21872569832402233,0.1264804469273746,0.17426775087094004,0,YMF black oak
0,0,3.2884916201117322,0,0,3.4149720670391064,0.21872569832402233,0.21761899441340782,0.12648044692737415,0.17338821951061487,0,YMF black oak
0,0,3.4149720670391064,0,0,3.5414525139664805,0.21761899441340782,0.2165122905027933,0.12648044692737415,0.1725086881502903,0,YMF black oak
0,0,3.5414525139664805,0,0,3.667932960893855,0.2165122905027933,0.21540558659217876,0.1264804469273746,0.17162915678996626,0,YMF black oak
0,0,3.667932960893855,0,0,3.7944134078212293,0.21540558659217876,0.21429888268156425,0.12648044692737415,0.17074962542964106,0,YMF black oak
0,0,3.7944134078212293,0,0,3.920893854748604,0.21429888268156425,0.2131921787709497,0.1264804469273746,0.16987009406931702,0,YMF black oak
0,0,3.920893854748604,0,0,4,0.2131921787709497,0.2125,0.07910614525139614,0.10579676560260799,0,YMF black oak
0,0,4,0,0,4.047374301675978,0.2125,0.21233418994413408,0.047374301675978,0.06322878183494782,0,YMF black oak
0,0,4.047374301675978,0,0,4.173854748603352,0.21233418994413408,0.21189150837988827,0.12648044692737415,0.16856713188819944,0,YMF black oak
0,0,4.173854748603352,0,0,4.300335195530726,0.21189150837988827,0.21144882681564245,0.12648044692737415,0.1682153306563575,0,YMF black oak
0,0,4.300335195530726,0,0,4.426815642458101,0.21144882681564245,0.21100614525139663,0.12648044692737503,0.16786352942451674,0,YMF black oak
0,0,4.426815642458101,0,0,4.5532960893854755,0.21100614525139663,0.21056346368715084,0.12648044692737415,0.16751172819267363,0,YMF black oak
0,0,4.5532960893854755,0,0,4.67977653631285,0.21056346368715084,0.21012078212290503,0.12648044692737415,0.1671599269608317,0,YMF black oak
0,0,4.67977653631285,0,0,4.806256983240224,0.21012078212290503,0.2096781005586592,0.12648044692737415,0.16680812572898976,0,YMF black oak
0,0,4.806256983240224,0,0,4.932737430167598,0.2096781005586592,0.20923541899441342,0.12648044692737415,0.16645632449714784,0,YMF black oak
0,0,4.932737430167598,0,0,5.059217877094973,0.20923541899441342,0.2087927374301676,0.12648044692737503,0.16610452326530706,0,YMF black oak
0,0,5.059217877094973,0,0,5.185698324022347,0.2087927374301676,0.20835005586592178,0.12648044692737415,0.16575272203346395,0,YMF black oak
0,0,5.185698324022347,0,0,5.312178770949721,0.20835005586592178,0.207907374301676,0.12648044692737415,0.16540092080162203,0,YMF black oak
0,0,5.312178770949721,0,0,5.438659217877095,0.207907374301676,0.20746469273743018,0.12648044692737415,0.1650491195697801,0,YMF black oak
0,0,5.438659217877095,0,0,5.5651396648044695,0.20746469273743018,0.20702201117318436,0.12648044692737415,0.16469731833793816,0,YMF black oak
0,0,5.5651396648044695,0,0,5.691620111731844,0.20702201117318436,0.20657932960893857,0.12648044692737415,0.16434551710609627,0,YMF black oak
0,0,5.691620111731844,0,0,5.818100558659219,0.20657932960893857,0.20613664804469276,0.12648044692737503,0.16399371587425549,0,YMF black oak
0,0,5.818100558659219,0,0,5.944581005586593,0.20613664804469276,0.20569396648044694,0.12648044692737415,0.16364191464241234,0,YMF black oak
0,0,5.944581005586593,0,0,6,0.20569396648044694,0.20550000000000002,0.05541899441340714,0.0715909140624452,0,YMF black oak
0,0,6,0,0,6.071061452513967,0.20550000000000002,0.20503810055865923,0.071061452513967,0.0916529812192409,0,YMF black oak
0,0,6.071061452513967,0,0,6.197541899441341,0.20503810055865923,0.2042159776536313,0.12648044692737415,0.16262056078096845,0,YMF black oak
0,0,6.197541899441341,0,0,6.324022346368715,0.2042159776536313,0.20339385474860336,0.12648044692737415,0.16196720583613552,0,YMF black oak
0,0,6.324022346368715,0,0,6.45050279329609,0.20339385474860336,0.20257173184357544,0.12648044692737503,0.16131385089130373,0,YMF black oak
0,0,6.45050279329609,0,0,6.5769832402234645,0.20257173184357544,0.2017496089385475,0.12648044692737415,0.16066049594646964,0,YMF black oak
0,0,6.5769832402234645,0,0,6.703463687150839,0.2017496089385475,0.20092748603351956,0.12648044692737415,0.16000714100163674,0,YMF black oak
0,0,6.703463687150839,0,0,6.829944134078213,0.20092748603351956,0.20010536312849164,0.12648044692737415,0.15935378605680378,0,YMF black oak
0,0,6.829944134078213,0,0,6.956424581005587,0.20010536312849164,0.1992832402234637,0.12648044692737415,0.15870043111197088,0,YMF black oak
0,0,6.956424581005587,0,0,7.082905027932961,0.1992832402234637,0.19846111731843577,0.12648044692737415,0.15804707616713795,0,YMF black oak
0,0,7.082905027932961,0,0,7.209385474860336,0.19846111731843577,0.19763899441340782,0.12648044692737503,0.1573937212223061,0,YMF black oak
0,0,7.209385474860336,0,0,7.33586592178771,0.19763899441340782,0.1968168715083799,0.12648044692737415,0.1567403662774721,0,YMF black oak
0,0,7.33586592178771,0,0,7.462346368715084,0.1968168715083799,0.19599474860335195,0.12648044692737415,0.15608701133263914,0,YMF black oak
0,0,7.462346368715084,0,0,7.5888268156424585,0.19599474860335195,0.19517262569832403,0.12648044692737415,0.1554336563878062,0,YMF black oak
0,0,7.5888268156424585,0,0,7.715307262569833,0.19517262569832403,0.1943505027932961,0.12648044692737415,0.15478030144297328,0,YMF black oak
0,0,7.715307262569833,0,0,7.841787709497208,0.1943505027932961,0.19352837988826815,0.12648044692737503,0.15412694649814143,0,YMF black oak
0,0,7.841787709497208,0,0,7.968268156424582,0.19352837988826815,0.19270625698324023,0.12648044692737415,0.15347359155330742,0,YMF black oak
0,0,7.968268156424582,0,0,8,0.19270625698324023,0.1925,0.03173184357541814,0.03840145542445045,0,YMF black oak
0,0,8,0,0,8.094748603351956,0.1925,0.1925,0.094748603351956,0.11459968374793332,0,YMF black oak
0,0,8.094748603351956,0,0,8.22122905027933,0.1925,0.1925,0.12648044692737415,0.15297976651257006,0,YMF black oak
0,0,8.22122905027933,0,0,8.347709497206704,0.1925,0.1925,0.12648044692737415,0.15297976651257006,0,YMF black oak
0,0,8.347709497206704,0,0,8.474189944134078,0.1925,0.1925,0.12648044692737415,0.15297976651257006,0,YMF black oak
0,0,8.474189944134078,0,0,8.600670391061453,0.1925,0.1925,0.12648044692737415,0.15297976651257006,0,YMF black oak
0,0,8.600670391061453,0,0,8.727150837988827,0.1925,0.1925,0.12648044692737415,0.15297976651257006,0,YMF black oak
0,0,8.727150837988827,0,0,8.853631284916203,0.1925,0.1925,0.12648044692737592,0.1529797665125722,0,YMF black oak
0,0,8.853631284916203,0,0,8.980111731843577,0.1925,0.1925,0.12648044692737415,0.15297976651257006,0,YMF black oak
0,0,8.980111731843577,0,0,9.106592178770951,0.1925,0.1925,0.12648044692737415,0.15297976651257006,0,YMF black oak
0,0,9.106592178770951,0,0,9.233072625698325,0.1925,0.1925,0.12648044692737415,0.15297976651257006,0,YMF black oak
0,0,9.233072625698325,0,0,9.3595530726257,0.1925,0.1925,0.12648044692737415,0.15297976651257006,0,YMF black oak
0,0,9.3595530726257,0,0,9.486033519553073,0.1925,0.1925,0.12648044692737415,0.15297976651257006,0,YMF black oak
0,0,9.486033519553073,0,0,9.612513966480448,0.1925,0.1925,0.12648044692737415,0.15297976651257006,0,YMF black oak
0,0,9.612513966480448,0,0,9.738994413407822,0.1925,0.1925,0.12648044692737415,0.15297976651257006,0,YMF black oak
0,0,9.738994413407822,0,0,9.865474860335196,0.1925,0.1925,0.12648044692737415,0.15297976651257006,0,YMF black oak
0,0,9.865474860335196,0,0,9.99195530726257,0.1925,0.1925,0.12648044692737415,0.15297976651257006,0,YMF black oak
0,0,9.99195530726257,0,0,10,0.1925,0.1925,0.008044692737430026,0.009730161827654474,0,YMF black oak
0,0,10,0,0,10.118435754189946,0.1925,0.19069629092709142,0.1184357541899459,0.14259501976423464,0,YMF black oak
0,0,10.118435754189946,0,0,10.24491620111732,0.19069629092709142,0.1887700657662117,0.12648044692737415,0.1507984578274843,0,YMF black oak
0,0,10.24491620111732,0,0,10.371396648044694,0.1887700657662117,0.186843840605332,0.12648044692737415,0.149267509017053,0,YMF black oak
0,0,10.371396648044694,0,0,10.497877094972068,0.186843840605332,0.18491761544445232,0.12648044692737415,0.14773656020662168,0,YMF black oak
0,0,10.497877094972068,0,0,10.624357541899442,0.18491761544445232,0.18299139028357259,0.12648044692737415,0.14620561139619037,0,YMF black oak
0,0,10.624357541899442,0,0,10.750837988826817,0.18299139028357259,0.18106516512269288,0.12648044692737415,0.14467466258575906,0,YMF black oak
0,0,10.750837988826817,0,0,10.87731843575419,0.18106516512269288,0.17913893996181315,0.12648044692737415,0.14314371377532778,0,YMF black oak
0,0,10.87731843575419,0,0,11.003798882681565,0.17913893996181315,0.17721271480093345,0.12648044692737415,0.14161276496489647,0,YMF black oak
0,0,11.003798882681565,0,0,11.130279329608939,0.17721271480093345,0.17528648964005372,0.12648044692737415,0.14008181615446513,0,YMF black oak
0,0,11.130279329608939,0,0,11.256759776536313,0.17528648964005372,0.17336026447917405,0.12648044692737415,0.13855086734403382,0,YMF black oak
0,0,11.256759776536313,0,0,11.383240223463687,0.17336026447917405,0.17143403931829432,0.12648044692737415,0.13701991853360251,0,YMF black oak
0,0,11.383240223463687,0,0,11.509720670391063,0.17143403931829432,0.1695078141574146,0.12648044692737592,0.1354889697231731,0,YMF black oak
0,0,11.509720670391063,0,0,11.636201117318437,0.1695078141574146,0.16758158899653489,0.12648044692737415,0.13395802091273987,0,YMF black oak
0,0,11.636201117318437,0,0,11.762681564245812,0.16758158899653489,0.16565536383565516,0.12648044692737415,0.13242707210230853,0,YMF black oak
0,0,11.762681564245812,0,0,11.889162011173186,0.16565536383565516,0.16372913867477545,0.12648044692737415,0.13089612329187722,0,YMF black oak
0,0,11.889162011173186,0,0,12.01564245810056,0.16372913867477545,0.16180291351389572,0.12648044692737415,0.12936517448144594,0,YMF black oak
0,0,12.01564245810056,0,0,12.142122905027934,0.16180291351389572,0.15987668835301605,0.12648044692737415,0.12783422567101463,0,YMF black oak
0,0,12.142122905027934,0,0,12.268603351955308,0.15987668835301605,0.15795046319213632,0.12648044692737415,0.12630327686058332,0,YMF black oak
0,0,12.268603351955308,0,0,12.395083798882682,0.15795046319213632,0.15602423803125662,0.12648044692737415,0.124772328050152,0,YMF black oak
0,0,12.395083798882682,0,0,12.521564245810056,0.15602423803125662,0.15409801287037692,0.12648044692737415,0.12324137923972069,0,YMF black oak
0,0,12.521564245810056,0,0,12.64804469273743,0.15409801287037692,0.15217178770949719,0.12648044692737415,0.12171043042928936,0,YMF black oak
0,0,12.64804469273743,0,0,12.774525139664805,0.15217178770949719,0.1502455625486175,0.12648044692737415,0.12017948161885807,0,YMF black oak
0,0,12.774525139664805,0,0,12.90100558659218,0.1502455625486175,0.14831933738773775,0.12648044692737592,0.1186485328084284,0,YMF black oak
0,0,12.90100558659218,0,0,13.027486033519555,0.14831933738773775,0.14639311222685805,0.12648044692737415,0.11711758399799542,0,YMF black oak
0,0,13.027486033519555,0,0,13.153966480446929,0.14639311222685805,0.14446688706597832,0.12648044692737415,0.1155866351875641,0,YMF black oak
0,0,13.153966480446929,0,0,13.280446927374303,0.14446688706597832,0.14254066190509865,0.12648044692737415,0.1140556863771328,0,YMF black oak
0,0,13.280446927374303,0,0,13.406927374301677,0.14254066190509865,0.14061443674421892,0.12648044692737415,0.11252473756670149,0,YMF black oak
0,0,13.406927374301677,0,0,13.533407821229051,0.14061443674421892,0.13868821158333922,0.12648044692737415,0.11099378875627018,0,YMF black oak
0,0,13.533407821229051,0,0,13.659888268156426,0.13868821158333922,0.13676198642245951,0.12648044692737415,0.10946283994583887,0,YMF black oak
0,0,13.659888268156426,0,0,13.7863687150838,0.13676198642245951,0.13483576126157978,0.12648044692737415,0.10793189113540758,0,YMF black oak
0,0,13.7863687150838,0,0,13.912849162011174,0.13483576126157978,0.13290953610070008,0.12648044692737415,0.10640094232497625,0,YMF black oak
0,0,13.912849162011174,0,0,14.039329608938548,0.13290953610070008,0.13098331093982038,0.12648044692737415,0.10486999351454494,0,YMF black oak
0,0,14.039329608938548,0,0,14.165810055865922,0.13098331093982038,0.12905708577894065,0.12648044692737415,0.1033390447041136,0,YMF black oak
0,0,14.165810055865922,0,0,14.292290502793298,0.12905708577894065,0.12713086061806095,0.12648044692737592,0.10180809589368371,0,YMF black oak
0,0,14.292290502793298,0,0,14.418770949720672,0.12713086061806095,0.12520463545718122,0.12648044692737415,0.100277147083251,0,YMF black oak
0,0,14.418770949720672,0,0,14.545251396648046,0.12520463545718122,0.12327841029630152,0.12648044692737415,0.09874619827281968,0,YMF black oak
0,0,14.545251396648046,0,0,14.67173184357542,0.12327841029630152,0.1213521851354218,0.12648044692737415,0.09721524946238837,0,YMF black oak
0,0,14.67173184357542,0,0,14.798212290502795,0.1213521851354218,0.11942595997454208,0.12648044692737415,0.09568430065195703,0,YMF black oak
0,0,14.798212290502795,0,0,14.924692737430169,0.11942595997454208,0.1174997348136624,0.12648044692737415,0.09415335184152573,0,YMF black oak
0,0,14.924692737430169,0,0,15.051173184357543,0.1174997348136624,0.11557350965278268,0.12648044692737415,0.09262240303109442,0,YMF black oak
0,0,15.051173184357543,0,0,15.177653631284917,0.11557350965278268,0.11364728449190298,0.12648044692737415,0.09109145422066312,0,YMF black oak
0,0,15.177653631284917,0,0,15.304134078212291,0.11364728449190298,0.11172105933102326,0.12648044692737415,0.08956050541023182,0,YMF black oak
0,0,15.304134078212291,0,0,15.430614525139665,0.11172105933102326,0.10979483417014355,0.12648044692737415,0.0880295565998005,0,YMF black oak
0,0,15.430614525139665,0,0,15.557094972067041,0.10979483417014355,0.10786860900926383,0.12648044692737592,0.08649860778937038,0,YMF black oak
0,0,15.557094972067041,0,0,15.683575418994415,0.10786860900926383,0.10594238384838411,0.12648044692737415,0.08496765897893786,0,YMF black oak
0,0,15.683575418994415,0,0,15.81005586592179,0.10594238384838411,0.1040161586875044,0.12648044692737415,0.08343671016850655,0,YMF black oak
0,0,15.81005586592179,0,0,15.936536312849164,0.1040161586875044,0.1020899335266247,0.12648044692737415,0.08190576135807523,0,YMF black oak
0,0,15.936536312849164,0,0,16.063016759776538,0.1020899335266247,0.10016370836574498,0.12648044692737415,0.08037481254764392,0,YMF black oak
0,0,16.063016759776538,0,0,16.189497206703912,0.10016370836574498,0.09823748320486526,0.12648044692737415,0.07884386373721261,0,YMF black oak
0,0,16.189497206703912,0,0,16.315977653631286,0.09823748320486526,0.09631125804398556,0.12648044692737415,0.07731291492678129,0,YMF black oak
0,0,16.315977653631286,0,0,16.44245810055866,0.09631125804398556,0.09438503288310585,0.12648044692737415,0.07578196611634998,0,YMF black oak
0,0,16.44245810055866,0,0,16.568938547486034,0.09438503288310585,0.09245880772222616,0.12648044692737415,0.07425101730591868,0,YMF black oak
0,0,16.568938547486034,0,0,16.69541899441341,0.09245880772222616,0.09053258256134644,0.12648044692737415,0.07272006849548737,0,YMF black oak
0,0,16.69541899441341,0,0,16.821899441340783,0.09053258256134644,0.08860635740046673,0.12648044692737415,0.07118911968505606,0,YMF black oak
0,0,16.821899441340783,0,0,16.948379888268157,0.08860635740046673,0.08668013223958702,0.12648044692737415,0.06965817087462474,0,YMF black oak
0,0,16.948379888268157,0,0,17.07486033519553,0.08668013223958702,0.08475390707870731,0.12648044692737415,0.06812722206419343,0,YMF black oak
0,0,17.07486033519553,0,0,17.201340782122905,0.08475390707870731,0.08282768191782759,0.12648044692737415,0.06659627325376212,0,YMF black oak
0,0,17.201340782122905,0,0,17.32782122905028,0.08282768191782759,0.08090145675694789,0.12648044692737415,0.06506532444333081,0,YMF black oak
0,0,17.32782122905028,0,0,17.454301675977653,0.08090145675694789,0.07897523159606819,0.12648044692737415,0.0635343756328995,0,YMF black oak
0,0,17.454301675977653,0,0,17.58078212290503,0.07897523159606819,0.07704900643518842,0.1264804469273777,0.062003426822469905,0,YMF black oak
0,0,17.58078212290503,0,0,17.707262569832405,0.07704900643518842,0.07512278127430871,0.12648044692737415,0.06047247801203683,0,YMF black oak
0,0,17.707262569832405,0,0,17.83374301675978,0.07512278127430871,0.073196556113429,0.12648044692737415,0.05894152920160553,0,YMF black oak
0,0,17.83374301675978,0,0,17.960223463687154,0.073196556113429,0.07127033095254928,0.12648044692737415,0.0574105803911742,0,YMF black oak
0,0,17.960223463687154,0,0,18.086703910614528,0.07127033095254928,0.06934410579166958,0.12648044692737415,0.0558796315807429,0,YMF black oak
0,0,18.086703910614528,0,0,18.213184357541902,0.06934410579166958,0.06741788063078988,0.12648044692737415,0.05434868277031159,0,YMF black oak
0,0,18.213184357541902,0,0,18.339664804469276,0.06741788063078988,0.06549165546991016,0.12648044692737415,0.052817733959880285,0,YMF black oak
0,0,18.339664804469276,0,0,18.46614525139665,0.06549165546991016,0.06356543030903045,0.12648044692737415,0.051286785149448955,0,YMF black oak
0,0,18.46614525139665,0,0,18.592625698324024,0.06356543030903045,0.061639205148150744,0.12648044692737415,0.04975583633901765,0,YMF black oak
0,0,18.592625698324024,0,0,18.7191061452514,0.061639205148150744,0.059712979987271035,0.12648044692737415,0.04822488752858634,0,YMF black oak
0,0,18.7191061452514,0,0,18.845586592178773,0.059712979987271035,0.057786754826391326,0.12648044692737415,0.04669393871815503,0,YMF black oak
0,0,18.845586592178773,0,0,18.972067039106147,0.057786754826391326,0.05586052966551162,0.12648044692737415,0.04516298990772372,0,YMF black oak
0,0,18.972067039106147,0,0,19.09854748603352,0.05586052966551162,0.053934304504631915,0.12648044692737415,0.043632041097292414,0,YMF black oak
0,0,19.09854748603352,0,0,19.225027932960895,0.053934304504631915,0.0520080793437522,0.12648044692737415,0.042101092286861104,0,YMF black oak
0,0,19.225027932960895,0,0,19.35150837988827,0.0520080793437522,0.05008185418287249,0.12648044692737415,0.04057014347642979,0,YMF black oak
0,0,19.35150837988827,0,0,19.477988826815643,0.05008185418287249,0.04815562902199278,0.12648044692737415,0.03903919466599848,0,YMF black oak
0,0,19.477988826815643,0,0,19.604469273743018,0.04815562902199278,0.04622940386111308,0.12648044692737415,0.037508245855567175,0,YMF black oak
0,0,19.604469273743018,0,0,19.73094972067039,0.04622940386111308,0.04430317870023336,0.12648044692737415,0.03597729704513586,0,YMF black oak
0,0,19.73094972067039,0,0,19.857430167597766,0.04430317870023336,0.042376953539353654,0.12648044692737415,0.034446348234704535,0,YMF black oak
0,0,19.857430167597766,0,0,19.98391061452514,0.042376953539353654,0.040450728378473945,0.12648044692737415,0.03291539942427323,0,YMF black oak
0,0,19.98391061452514,0,0,20.110391061452514,0.040450728378473945,0.038524503217594236,0.12648044692737415,0.031384450613841916,0,YMF black oak
0,0,20.110391061452514,0,0,20.236871508379892,0.038524503217594236,0.03659827805671447,0.1264804469273777,0.02985350180341143,0,YMF black oak
0,0,20.236871508379892,0,0,20.363351955307266,0.03659827805671447,0.03467205289583476,0.12648044692737415,0.028322552992979255,0,YMF black oak
0,0,20.363351955307266,0,0,20.48983240223464,0.03467205289583476,0.03274582773495505,0.12648044692737415,0.02679160418254795,0,YMF black oak
0,0,20.48983240223464,0,0,20.616312849162014,0.03274582773495505,0.030819602574075344,0.12648044692737415,0.02526065537211663,0,YMF black oak
0,0,20.616312849162014,0,0,20.74279329608939,0.030819602574075344,0.028893377413195635,0.12648044692737415,0.02372970656168532,0,YMF black oak
0,0,20.74279329608939,0,0,20.869273743016763,0.028893377413195635,0.026967152252315926,0.12648044692737415,0.02219875775125401,0,YMF black oak
0,0,20.869273743016763,0,0,20.995754189944137,0.026967152252315926,0.025040927091436217,0.12648044692737415,0.0206678089408227,0,YMF black oak
0,0,20.995754189944137,0,0,21.12223463687151,0.025040927091436217,0.023114701930556508,0.12648044692737415,0.019136860130391387,0,YMF black oak
0,0,21.12223463687151,0,0,21.248715083798885,0.023114701930556508,0.0211884767696768,0.12648044692737415,0.017605911319960078,0,YMF black oak
0,0,21.248715083798885,0,0,21.37519553072626,0.0211884767696768,0.01926225160879709,0.12648044692737415,0.016074962509528765,0,YMF black oak
0,0,21.37519553072626,0,0,21.501675977653633,0.01926225160879709,0.01733602644791738,0.12648044692737415,0.014544013699097455,0,YMF black oak
0,0,21.501675977653633,0,0,21.628156424581007,0.01733602644791738,0.015409801287037672,0.12648044692737415,0.013013064888666144,0,YMF black oak
0,0,21.628156424581007,0,0,21.75463687150838,0.015409801287037672,0.013483576126157963,0.12648044692737415,0.011482116078234834,0,YMF black oak
0,0,21.75463687150838,0,0,21.881117318435756,0.013483576126157963,0.011557350965278254,0.12648044692737415,0.009951167267803523,0,YMF black oak
0,0,21.881117318435756,0,0,22.00759776536313,0.011557350965278254,0.009631125804398545,0.12648044692737415,0.008420218457372211,0,YMF black oak
0,0,22.00759776536313,0,0,22.134078212290504,0.009631125804398545,0.007704900643518836,0.12648044692737415,0.0068892696469409,0,YMF black oak
0,0,22.134078212290504,0,0,22.260558659217878,0.007704900643518836,0.005778675482639127,0.12648044692737415,0.005358320836509589,0,YMF black oak
0,0,22.260558659217878,0,0,22.387039106145252,0.005778675482639127,0.003852450321759418,0.12648044692737415,0.0038273720260782775,0,YMF black oak
0,0,22.387039106145252,0,0,22.513519553072626,0.003852450321759418,0.001926225160879709,0.12648044692737415,0.0022964232156469666,0,YMF black oak
0,0,22.513519553072626,0,0,22.64,0.001926225160879709,0,0.12648044692737415,7.654744052156556e-4,0,YMF black oak
0,0,0,0,0,0.08832402234636871,0.17,0.16905027932960895,0.08832402234636871,0.09408446578992279,0,Black Gum Swamp bg (2024)
0,0,0.08832402234636871,0,0,0.17664804469273743,0.16905027932960895,0.16810055865921789,0.08832402234636871,0.09355738194796243,0,Black Gum Swamp bg (2024)
0,0,0.17664804469273743,0,0,0.26497206703910614,0.16810055865921789,0.16715083798882682,0.08832402234636871,0.09303029810600207,0,Black Gum Swamp bg (2024)
0,0,0.26497206703910614,0,0,0.35329608938547485,0.16715083798882682,0.16620111731843576,0.08832402234636871,0.09250321426404172,0,Black Gum Swamp bg (2024)
0,0,0.35329608938547485,0,0,0.44162011173184357,0.16620111731843576,0.1652513966480447,0.08832402234636871,0.09197613042208139,0,Black Gum Swamp bg (2024)
0,0,0.44162011173184357,0,0,0.5299441340782123,0.1652513966480447,0.16430167597765366,0.08832402234636871,0.09144904658012103,0,Black Gum Swamp bg (2024)
0,0,0.5299441340782123,0,0,0.618268156424581,0.16430167597765366,0.16335195530726257,0.08832402234636871,0.09092196273816067,0,Black Gum Swamp bg (2024)
0,0,0.618268156424581,0,0,0.7065921787709497,0.16335195530726257,0.16240223463687153,0.08832402234636871,0.09039487889620032,0,Black Gum Swamp bg (2024)
0,0,0.7065921787709497,0,0,0.7949162011173184,0.16240223463687153,0.16145251396648047,0.08832402234636871,0.08986779505423997,0,Black Gum Swamp bg (2024)
0,0,0.7949162011173184,0,0,0.8832402234636871,0.16145251396648047,0.16050279329608938,0.08832402234636871,0.0893407112122796,0,Black Gum Swamp bg (2024)
0,0,0.8832402234636871,0,0,0.9715642458100558,0.16050279329608938,0.15955307262569834,0.08832402234636871,0.08881362737031925,0,Black Gum Swamp bg (2024)
0,0,0.9715642458100558,0,0,1.0598882681564246,0.15955307262569834,0.15860335195530725,0.08832402234636871,0.08828654352835891,0,Black Gum Swamp bg (2024)
0,0,1.0598882681564246,0,0,1.1482122905027934,0.15860335195530725,0.15765363128491622,0.08832402234636882,0.08775945968639866,0,Black Gum Swamp bg (2024)
0,0,1.1482122905027934,0,0,1.236536312849162,0.15765363128491622,0.15670391061452515,0.0883240223463686,0.0872323758444381,0,Black Gum Swamp bg (2024)
0,0,1.236536312849162,0,0,1.3248603351955306,0.15670391061452515,0.1557541899441341,0.0883240223463686,0.08670529200247774,0,Black Gum Swamp bg (2024)
0,0,1.3248603351955306,0,0,1.4131843575418994,0.1557541899441341,0.15480446927374303,0.08832402234636882,0.08617820816051762,0,Black Gum Swamp bg (2024)
0,0,1.4131843575418994,0,0,1.5015083798882682,0.15480446927374303,0.15385474860335197,0.08832402234636882,0.08565112431855726,0,Black Gum Swamp bg (2024)
0,0,1.5015083798882682,0,0,1.5898324022346368,0.15385474860335197,0.1529050279329609,0.0883240223463686,0.08512404047659669,0,Black Gum Swamp bg (2024)
0,0,1.5898324022346368,0,0,1.6781564245810054,0.1529050279329609,0.15195530726256987,0.0883240223463686,0.08459695663463636,0,Black Gum Swamp bg (2024)
0,0,1.6781564245810054,0,0,1.7664804469273743,0.15195530726256987,0.15100558659217878,0.08832402234636882,0.08406987279267622,0,Black Gum Swamp bg (2024)
0,0,1.7664804469273743,0,0,1.854804469273743,0.15100558659217878,0.1500558659217877,0.08832402234636882,0.08354278895071585,0,Black Gum Swamp bg (2024)
0,0,1.854804469273743,0,0,1.9431284916201117,0.1500558659217877,0.14910614525139665,0.0883240223463686,0.08301570510875529,0,Black Gum Swamp bg (2024)
0,0,1.9431284916201117,0,0,2.0314525139664803,0.14910614525139665,0.14815642458100559,0.0883240223463686,0.08248862126679493,0,Black Gum Swamp bg (2024)
0,0,2.0314525139664803,0,0,2.119776536312849,0.14815642458100559,0.14720670391061455,0.08832402234636882,0.08196153742483481,0,Black Gum Swamp bg (2024)
0,0,2.119776536312849,0,0,2.208100558659218,0.14720670391061455,0.14625698324022346,0.08832402234636882,0.08143445358287445,0,Black Gum Swamp bg (2024)
0,0,2.208100558659218,0,0,2.2964245810055868,0.14625698324022346,0.14530726256983242,0.08832402234636882,0.0809073697409141,0,Black Gum Swamp bg (2024)
0,0,2.2964245810055868,0,0,2.384748603351955,0.14530726256983242,0.14435754189944136,0.08832402234636838,0.08038028589895334,0,Black Gum Swamp bg (2024)
0,0,2.384748603351955,0,0,2.473072625698324,0.14435754189944136,0.14340782122905027,0.08832402234636882,0.0798532020569934,0,Black Gum Swamp bg (2024)
0,0,2.473072625698324,0,0,2.561396648044693,0.14340782122905027,0.14245810055865923,0.08832402234636882,0.07932611821503303,0,Black Gum Swamp bg (2024)
0,0,2.561396648044693,0,0,2.649720670391061,0.14245810055865923,0.14150837988826817,0.08832402234636838,0.0787990343730723,0,Black Gum Swamp bg (2024)
0,0,2.649720670391061,0,0,2.73804469273743,0.14150837988826817,0.1405586592178771,0.08832402234636882,0.07827195053111233,0,Black Gum Swamp bg (2024)
0,0,2.73804469273743,0,0,2.826368715083799,0.1405586592178771,0.13960893854748604,0.08832402234636882,0.07774486668915198,0,Black Gum Swamp bg (2024)
0,0,2.826368715083799,0,0,2.9146927374301677,0.13960893854748604,0.13865921787709498,0.08832402234636882,0.07721778284719163,0,Black Gum Swamp bg (2024)
0,0,2.9146927374301677,0,0,3.0030167597765365,0.13865921787709498,0.13770949720670392,0.08832402234636882,0.07669069900523127,0,Black Gum Swamp bg (2024)
0,0,3.0030167597765365,0,0,3.091340782122905,0.13770949720670392,0.13675977653631285,0.08832402234636838,0.07616361516327054,0,Black Gum Swamp bg (2024)
0,0,3.091340782122905,0,0,3.1796648044692737,0.13675977653631285,0.1358100558659218,0.08832402234636882,0.07563653132131057,0,Black Gum Swamp bg (2024)
0,0,3.1796648044692737,0,0,3.2679888268156425,0.1358100558659218,0.13486033519553073,0.08832402234636882,0.07510944747935022,0,Black Gum Swamp bg (2024)
0,0,3.2679888268156425,0,0,3.356312849162011,0.13486033519553073,0.13391061452513967,0.08832402234636838,0.07458236363738949,0,Black Gum Swamp bg (2024)
0,0,3.356312849162011,0,0,3.4446368715083797,0.13391061452513967,0.13296089385474863,0.08832402234636882,0.0740552797954295,0,Black Gum Swamp bg (2024)
0,0,3.4446368715083797,0,0,3.5329608938547485,0.13296089385474863,0.13201117318435757,0.08832402234636882,0.07352819595346917,0,Black Gum Swamp bg (2024)
0,0,3.5329608938547485,0,0,3.6212849162011174,0.13201117318435757,0.13106145251396648,0.08832402234636882,0.07300111211150881,0,Black Gum Swamp bg (2024)
0,0,3.6212849162011174,0,0,3.709608938547486,0.13106145251396648,0.13011173184357544,0.08832402234636882,0.07247402826954845,0,Black Gum Swamp bg (2024)
0,0,3.709608938547486,0,0,3.7979329608938546,0.13011173184357544,0.12916201117318438,0.08832402234636838,0.07194694442758776,0,Black Gum Swamp bg (2024)
0,0,3.7979329608938546,0,0,3.8862569832402234,0.12916201117318438,0.1282122905027933,0.08832402234636882,0.07141986058562776,0,Black Gum Swamp bg (2024)
0,0,3.8862569832402234,0,0,3.974581005586592,0.1282122905027933,0.12726256983240225,0.08832402234636882,0.0708927767436674,0,Black Gum Swamp bg (2024)
0,0,3.974581005586592,0,0,4.062905027932961,0.12726256983240225,0.1263128491620112,0.08832402234636838,0.07036569290170669,0,Black Gum Swamp bg (2024)
0,0,4.062905027932961,0,0,4.15122905027933,0.1263128491620112,0.12536312849162012,0.08832402234636927,0.06983860905974705,0,Black Gum Swamp bg (2024)
0,0,4.15122905027933,0,0,4.239553072625698,0.12536312849162012,0.12441340782122907,0.08832402234636838,0.069311525217786,0,Black Gum Swamp bg (2024)
0,0,4.239553072625698,0,0,4.327877094972067,0.12441340782122907,0.123463687150838,0.08832402234636838,0.06878444137582564,0,Black Gum Swamp bg (2024)
0,0,4.327877094972067,0,0,4.416201117318436,0.123463687150838,0.12251396648044693,0.08832402234636927,0.06825735753386597,0,Black Gum Swamp bg (2024)
0,0,4.416201117318436,0,0,4.504525139664804,0.12251396648044693,0.12156424581005588,0.08832402234636838,0.06773027369190494,0,Black Gum Swamp bg (2024)
0,0,4.504525139664804,0,0,4.5928491620111735,0.12156424581005588,0.12061452513966481,0.08832402234636927,0.06720318984994526,0,Black Gum Swamp bg (2024)
0,0,4.5928491620111735,0,0,4.681173184357542,0.12061452513966481,0.11966480446927376,0.08832402234636838,0.06667610600798424,0,Black Gum Swamp bg (2024)
0,0,4.681173184357542,0,0,4.76949720670391,0.11966480446927376,0.11871508379888268,0.08832402234636838,0.06614902216602389,0,Black Gum Swamp bg (2024)
0,0,4.76949720670391,0,0,4.85782122905028,0.11871508379888268,0.11776536312849162,0.08832402234636927,0.0656219383240642,0,Black Gum Swamp bg (2024)
0,0,4.85782122905028,0,0,4.946145251396648,0.11776536312849162,0.11681564245810057,0.08832402234636838,0.06509485448210318,0,Black Gum Swamp bg (2024)
0,0,4.946145251396648,0,0,5.034469273743016,0.11681564245810057,0.11586592178770952,0.08832402234636838,0.06456777064014285,0,Black Gum Swamp bg (2024)
0,0,5.034469273743016,0,0,5.122793296089386,0.11586592178770952,0.11491620111731844,0.08832402234636927,0.06404068679818314,0,Black Gum Swamp bg (2024)
0,0,5.122793296089386,0,0,5.211117318435754,0.11491620111731844,0.11396648044692738,0.08832402234636838,0.06351360295622215,0,Black Gum Swamp bg (2024)
0,0,5.211117318435754,0,0,5.299441340782122,0.11396648044692738,0.11301675977653633,0.08832402234636838,0.0629865191142618,0,Black Gum Swamp bg (2024)
0,0,5.299441340782122,0,0,5.387765363128492,0.11301675977653633,0.11206703910614528,0.08832402234636927,0.06245943527230208,0,Black Gum Swamp bg (2024)
0,0,5.387765363128492,0,0,5.47608938547486,0.11206703910614528,0.1111173184357542,0.08832402234636838,0.0619323514303411,0,Black Gum Swamp bg (2024)
0,0,5.47608938547486,0,0,5.564413407821229,0.1111173184357542,0.11016759776536314,0.08832402234636927,0.061405267588381364,0,Black Gum Swamp bg (2024)
0,0,5.564413407821229,0,0,5.652737430167598,0.11016759776536314,0.10921787709497208,0.08832402234636838,0.0608781837464204,0,Black Gum Swamp bg (2024)
0,0,5.652737430167598,0,0,5.741061452513966,0.10921787709497208,0.10826815642458103,0.08832402234636838,0.06035109990446005,0,Black Gum Swamp bg (2024)
0,0,5.741061452513966,0,0,5.829385474860335,0.10826815642458103,0.10731843575418996,0.08832402234636927,0.059824016062500304,0,Black Gum Swamp bg (2024)
0,0,5.829385474860335,0,0,5.917709497206704,0.10731843575418996,0.10636871508379889,0.08832402234636838,0.05929693222053934,0,Black Gum Swamp bg (2024)
0,0,5.917709497206704,0,0,6.006033519553073,0.10636871508379889,0.10541899441340782,0.08832402234636927,0.05876984837857959,0,Black Gum Swamp bg (2024)
0,0,6.006033519553073,0,0,6.094357541899441,0.10541899441340782,0.10446927374301677,0.08832402234636838,0.05824276453661865,0,Black Gum Swamp bg (2024)
0,0,6.094357541899441,0,0,6.18268156424581,0.10446927374301677,0.10351955307262573,0.08832402234636838,0.057715680694658315,0,Black Gum Swamp bg (2024)
0,0,6.18268156424581,0,0,6.271005586592179,0.10351955307262573,0.10256983240223465,0.08832402234636927,0.05718859685269853,0,Black Gum Swamp bg (2024)
0,0,6.271005586592179,0,0,6.359329608938547,0.10256983240223465,0.10162011173184358,0.08832402234636838,0.056661513010737595,0,Black Gum Swamp bg (2024)
0,0,6.359329608938547,0,0,6.447653631284916,0.10162011173184358,0.10067039106145252,0.08832402234636838,0.056134429168777256,0,Black Gum Swamp bg (2024)
0,0,6.447653631284916,0,0,6.535977653631285,0.10067039106145252,0.09972067039106146,0.08832402234636927,0.05560734532681746,0,Black Gum Swamp bg (2024)
0,0,6.535977653631285,0,0,6.624301675977653,0.09972067039106146,0.09877094972067041,0.08832402234636838,0.055080261484856556,0,Black Gum Swamp bg (2024)
0,0,6.624301675977653,0,0,6.712625698324022,0.09877094972067041,0.09782122905027933,0.08832402234636838,0.0545531776428962,0,Black Gum Swamp bg (2024)
0,0,6.712625698324022,0,0,6.800949720670391,0.09782122905027933,0.09687150837988827,0.08832402234636927,0.05402609380093639,0,Black Gum Swamp bg (2024)
0,0,6.800949720670391,0,0,6.889273743016759,0.09687150837988827,0.09592178770949722,0.08832402234636838,0.0534990099589755,0,Black Gum Swamp bg (2024)
0,0,6.889273743016759,0,0,6.977597765363129,0.09592178770949722,0.09497206703910617,0.08832402234636927,0.052971926117015684,0,Black Gum Swamp bg (2024)
0,0,6.977597765363129,0,0,7.065921787709497,0.09497206703910617,0.09402234636871509,0.08832402234636838,0.0524448422750548,0,Black Gum Swamp bg (2024)
0,0,7.065921787709497,0,0,7.1542458100558655,0.09402234636871509,0.09307262569832403,0.08832402234636838,0.051917758433094444,0,Black Gum Swamp bg (2024)
0,0,7.1542458100558655,0,0,7.242569832402235,0.09307262569832403,0.09212290502793295,0.08832402234636927,0.05139067459113462,0,Black Gum Swamp bg (2024)
0,0,7.242569832402235,0,0,7.330893854748603,0.09212290502793295,0.09117318435754192,0.08832402234636838,0.05086359074917375,0,Black Gum Swamp bg (2024)
0,0,7.330893854748603,0,0,7.419217877094972,0.09117318435754192,0.09022346368715085,0.08832402234636927,0.05033650690721391,0,Black Gum Swamp bg (2024)
0,0,7.419217877094972,0,0,7.507541899441341,0.09022346368715085,0.08927374301675978,0.08832402234636838,0.049809423065253045,0,Black Gum Swamp bg (2024)
0,0,7.507541899441341,0,0,7.595865921787709,0.08927374301675978,0.08832402234636873,0.08832402234636838,0.0492823392232927,0,Black Gum Swamp bg (2024)
0,0,7.595865921787709,0,0,7.684189944134078,0.08832402234636873,0.08737430167597766,0.08832402234636927,0.048755255381332845,0,Black Gum Swamp bg (2024)
0,0,7.684189944134078,0,0,7.772513966480447,0.08737430167597766,0.08642458100558661,0.08832402234636838,0.04822817153937201,0,Black Gum Swamp bg (2024)
0,0,7.772513966480447,0,0,7.860837988826815,0.08642458100558661,0.08547486033519554,0.08832402234636838,0.04770108769741166,0,Black Gum Swamp bg (2024)
0,0,7.860837988826815,0,0,7.949162011173184,0.08547486033519554,0.08452513966480447,0.08832402234636927,0.04717400385545178,0,Black Gum Swamp bg (2024)
0,0,7.949162011173184,0,0,8.037486033519553,0.08452513966480447,0.08357541899441343,0.08832402234636838,0.04664692001349097,0,Black Gum Swamp bg (2024)
0,0,8.037486033519553,0,0,8.125810055865921,0.08357541899441343,0.08262569832402238,0.08832402234636838,0.046119836171530613,0,Black Gum Swamp bg (2024)
0,0,8.125810055865921,0,0,8.21413407821229,0.08262569832402238,0.0816759776536313,0.08832402234636838,0.04559275232957026,0,Black Gum Swamp bg (2024)
0,0,8.21413407821229,0,0,8.30245810055866,0.0816759776536313,0.08072625698324024,0.08832402234637016,0.04506566848761081,0,Black Gum Swamp bg (2024)
0,0,8.30245810055866,0,0,8.390782122905028,0.08072625698324024,0.07977653631284917,0.08832402234636838,0.04453858464564956,0,Black Gum Swamp bg (2024)
0,0,8.390782122905028,0,0,8.479106145251396,0.07977653631284917,0.07882681564245811,0.08832402234636838,0.04401150080368921,0,Black Gum Swamp bg (2024)
0,0,8.479106145251396,0,0,8.567430167597765,0.07882681564245811,0.07787709497206706,0.08832402234636838,0.043484416961728854,0,Black Gum Swamp bg (2024)
0,0,8.567430167597765,0,0,8.655754189944133,0.07787709497206706,0.07692737430167598,0.08832402234636838,0.04295733311976851,0,Black Gum Swamp bg (2024)
0,0,8.655754189944133,0,0,8.744078212290503,0.07692737430167598,0.07597765363128492,0.08832402234637016,0.04243024927780901,0,Black Gum Swamp bg (2024)
0,0,8.744078212290503,0,0,8.832402234636872,0.07597765363128492,0.07502793296089387,0.08832402234636838,0.0419031654358478,0,Black Gum Swamp bg (2024)
0,0,8.832402234636872,0,0,8.92072625698324,0.07502793296089387,0.07407821229050279,0.08832402234636838,0.04137608159388745,0,Black Gum Swamp bg (2024)
0,0,8.92072625698324,0,0,9.009050279329609,0.07407821229050279,0.07312849162011174,0.08832402234636838,0.0408489977519271,0,Black Gum Swamp bg (2024)
0,0,9.009050279329609,0,0,9.097374301675977,0.07312849162011174,0.0721787709497207,0.08832402234636838,0.04032191390996676,0,Black Gum Swamp bg (2024)
0,0,9.097374301675977,0,0,9.185698324022347,0.0721787709497207,0.0712290502793296,0.08832402234637016,0.03979483006800721,0,Black Gum Swamp bg (2024)
0,0,9.185698324022347,0,0,9.274022346368715,0.0712290502793296,0.07027932960893855,0.08832402234636838,0.03926774622604605,0,Black Gum Swamp bg (2024)
0,0,9.274022346368715,0,0,9.362346368715084,0.07027932960893855,0.0693296089385475,0.08832402234636838,0.03874066238408572,0,Black Gum Swamp bg (2024)
0,0,9.362346368715084,0,0,9.450670391061452,0.0693296089385475,0.06837988826815643,0.08832402234636838,0.038213578542125363,0,Black Gum Swamp bg (2024)
0,0,9.450670391061452,0,0,9.53899441340782,0.06837988826815643,0.06743016759776538,0.08832402234636838,0.03768649470016501,0,Black Gum Swamp bg (2024)
0,0,9.53899441340782,0,0,9.627318435754189,0.06743016759776538,0.06648044692737431,0.08832402234636838,0.03715941085820466,0,Black Gum Swamp bg (2024)
0,0,9.627318435754189,0,0,9.71564245810056,0.06648044692737431,0.06553072625698324,0.08832402234637016,0.036632327016245046,0,Black Gum Swamp bg (2024)
0,0,9.71564245810056,0,0,9.803966480446928,0.06553072625698324,0.06458100558659219,0.08832402234636838,0.036105243174283964,0,Black Gum Swamp bg (2024)
0,0,9.803966480446928,0,0,9.892290502793296,0.06458100558659219,0.06363128491620113,0.08832402234636838,0.03557815933232361,0,Black Gum Swamp bg (2024)
0,0,9.892290502793296,0,0,9.980614525139664,0.06363128491620113,0.06268156424581008,0.08832402234636838,0.035051075490363265,0,Black Gum Swamp bg (2024)
0,0,9.980614525139664,0,0,10.068938547486033,0.06268156424581008,0.06173184357541902,0.08832402234636838,0.03452399164840292,0,Black Gum Swamp bg (2024)
0,0,10.068938547486033,0,0,10.157262569832403,0.06173184357541902,0.06078212290502793,0.08832402234637016,0.033996907806443245,0,Black Gum Swamp bg (2024)
0,0,10.157262569832403,0,0,10.245586592178771,0.06078212290502793,0.05983240223463688,0.08832402234636838,0.033469823964482205,0,Black Gum Swamp bg (2024)
0,0,10.245586592178771,0,0,10.33391061452514,0.05983240223463688,0.05888268156424583,0.08832402234636838,0.032942740122521866,0,Black Gum Swamp bg (2024)
0,0,10.33391061452514,0,0,10.422234636871508,0.05888268156424583,0.05793296089385476,0.08832402234636838,0.03241565628056151,0,Black Gum Swamp bg (2024)
0,0,10.422234636871508,0,0,10.510558659217876,0.05793296089385476,0.0569832402234637,0.08832402234636838,0.03188857243860116,0,Black Gum Swamp bg (2024)
0,0,10.510558659217876,0,0,10.598882681564245,0.0569832402234637,0.05603351955307264,0.08832402234636838,0.03136148859664081,0,Black Gum Swamp bg (2024)
0,0,10.598882681564245,0,0,10.687206703910615,0.05603351955307264,0.05508379888268157,0.08832402234637016,0.03083440475468108,0,Black Gum Swamp bg (2024)
0,0,10.687206703910615,0,0,10.775530726256983,0.05508379888268157,0.054134078212290514,0.08832402234636838,0.030307320912720113,0,Black Gum Swamp bg (2024)
0,0,10.775530726256983,0,0,10.863854748603352,0.054134078212290514,0.053184357541899444,0.08832402234636838,0.02978023707075976,0,Black Gum Swamp bg (2024)
0,0,10.863854748603352,0,0,10.95217877094972,0.053184357541899444,0.052234636871508394,0.08832402234636838,0.02925315322879941,0,Black Gum Swamp bg (2024)
0,0,10.95217877094972,0,0,11.040502793296088,0.052234636871508394,0.051284916201117345,0.08832402234636838,0.02872606938683907,0,Black Gum Swamp bg (2024)
0,0,11.040502793296088,0,0,11.128826815642459,0.051284916201117345,0.050335195530726254,0.08832402234637016,0.02819898554487928,0,Black Gum Swamp bg (2024)
0,0,11.128826815642459,0,0,11.217150837988827,0.050335195530726254,0.049385474860335205,0.08832402234636838,0.02767190170291836,0,Black Gum Swamp bg (2024)
0,0,11.217150837988827,0,0,11.305474860335195,0.049385474860335205,0.048435754189944155,0.08832402234636838,0.02714481786095802,0,Black Gum Swamp bg (2024)
0,0,11.305474860335195,0,0,11.393798882681564,0.048435754189944155,0.047486033519553085,0.08832402234636838,0.02661773401899767,0,Black Gum Swamp bg (2024)
0,0,11.393798882681564,0,0,11.482122905027932,0.047486033519553085,0.04653631284916203,0.08832402234636838,0.026090650177037322,0,Black Gum Swamp bg (2024)
0,0,11.482122905027932,0,0,11.570446927374302,0.04653631284916203,0.045586592178770945,0.08832402234637016,0.02556356633507748,0,Black Gum Swamp bg (2024)
0,0,11.570446927374302,0,0,11.65877094972067,0.045586592178770945,0.04463687150837989,0.08832402234636838,0.02503648249311661,0,Black Gum Swamp bg (2024)
0,0,11.65877094972067,0,0,11.747094972067039,0.04463687150837989,0.04368715083798884,0.08832402234636838,0.024509398651156266,0,Black Gum Swamp bg (2024)
0,0,11.747094972067039,0,0,11.835418994413407,0.04368715083798884,0.04273743016759777,0.08832402234636838,0.02398231480919592,0,Black Gum Swamp bg (2024)
0,0,11.835418994413407,0,0,11.923743016759776,0.04273743016759777,0.04178770949720672,0.08832402234636838,0.023455230967235566,0,Black Gum Swamp bg (2024)
0,0,11.923743016759776,0,0,12.012067039106146,0.04178770949720672,0.04083798882681565,0.08832402234637016,0.022928147125275678,0,Black Gum Swamp bg (2024)
0,0,12.012067039106146,0,0,12.100391061452514,0.04083798882681565,0.03988826815642458,0.08832402234636838,0.022401063283314863,0,Black Gum Swamp bg (2024)
0,0,12.100391061452514,0,0,12.188715083798883,0.03988826815642458,0.03893854748603353,0.08832402234636838,0.021873979441354514,0,Black Gum Swamp bg (2024)
0,0,12.188715083798883,0,0,12.277039106145251,0.03893854748603353,0.03798882681564248,0.08832402234636838,0.02134689559939417,0,Black Gum Swamp bg (2024)
0,0,12.277039106145251,0,0,12.36536312849162,0.03798882681564248,0.03703910614525141,0.08832402234636838,0.02081981175743382,0,Black Gum Swamp bg (2024)
0,0,12.36536312849162,0,0,12.453687150837988,0.03703910614525141,0.036089385474860354,0.08832402234636838,0.02029272791547347,0,Black Gum Swamp bg (2024)
0,0,12.453687150837988,0,0,12.542011173184358,0.036089385474860354,0.03513966480446927,0.08832402234637016,0.019765644073513517,0,Black Gum Swamp bg (2024)
0,0,12.542011173184358,0,0,12.630335195530726,0.03513966480446927,0.034189944134078214,0.08832402234636838,0.01923856023155276,0,Black Gum Swamp bg (2024)
0,0,12.630335195530726,0,0,12.718659217877095,0.034189944134078214,0.033240223463687164,0.08832402234636838,0.01871147638959242,0,Black Gum Swamp bg (2024)
0,0,12.718659217877095,0,0,12.806983240223463,0.033240223463687164,0.032290502793296094,0.08832402234636838,0.01818439254763207,0,Black Gum Swamp bg (2024)
0,0,12.806983240223463,0,0,12.895307262569832,0.032290502793296094,0.031340782122905045,0.08832402234636838,0.017657308705671722,0,Black Gum Swamp bg (2024)
0,0,12.895307262569832,0,0,12.983631284916202,0.031340782122905045,0.030391061452513975,0.08832402234637016,0.017130224863711716,0,Black Gum Swamp bg (2024)
0,0,12.983631284916202,0,0,13.07195530726257,0.030391061452513975,0.029441340782122905,0.08832402234636838,0.01660314102175102,0,Black Gum Swamp bg (2024)
0,0,13.07195530726257,0,0,13.160279329608938,0.029441340782122905,0.02849162011173185,0.08832402234636838,0.01607605717979067,0,Black Gum Swamp bg (2024)
0,0,13.160279329608938,0,0,13.248603351955307,0.02849162011173185,0.027541899441340802,0.08832402234636838,0.015548973337830323,0,Black Gum Swamp bg (2024)
0,0,13.248603351955307,0,0,13.336927374301675,0.027541899441340802,0.026592178770949732,0.08832402234636838,0.015021889495869975,0,Black Gum Swamp bg (2024)
0,0,13.336927374301675,0,0,13.425251396648044,0.026592178770949732,0.025642458100558683,0.08832402234636838,0.014494805653909627,0,Black Gum Swamp bg (2024)
0,0,13.425251396648044,0,0,13.513575418994414,0.025642458100558683,0.024692737430167592,0.08832402234637016,0.013967721811949552,0,Black Gum Swamp bg (2024)
0,0,13.513575418994414,0,0,13.601899441340782,0.024692737430167592,0.023743016759776542,0.08832402234636838,0.013440637969988917,0,Black Gum Swamp bg (2024)
0,0,13.601899441340782,0,0,13.69022346368715,0.023743016759776542,0.02279329608938549,0.08832402234636838,0.012913554128028573,0,Black Gum Swamp bg (2024)
0,0,13.69022346368715,0,0,13.778547486033519,0.02279329608938549,0.02184357541899442,0.08832402234636838,0.012386470286068225,0,Black Gum Swamp bg (2024)
0,0,13.778547486033519,0,0,13.866871508379887,0.02184357541899442,0.02089385474860337,0.08832402234636838,0.011859386444107875,0,Black Gum Swamp bg (2024)
0,0,13.866871508379887,0,0,13.955195530726257,0.02089385474860337,0.0199441340782123,0.08832402234637016,0.011332302602147756,0,Black Gum Swamp bg (2024)
0,0,13.955195530726257,0,0,14.043519553072626,0.0199441340782123,0.01899441340782123,0.08832402234636838,0.010805218760187172,0,Black Gum Swamp bg (2024)
0,0,14.043519553072626,0,0,14.131843575418994,0.01899441340782123,0.018044692737430177,0.08832402234636838,0.010278134918226824,0,Black Gum Swamp bg (2024)
0,0,14.131843575418994,0,0,14.220167597765363,0.018044692737430177,0.017094972067039128,0.08832402234636838,0.009751051076266478,0,Black Gum Swamp bg (2024)
0,0,14.220167597765363,0,0,14.308491620111731,0.017094972067039128,0.016145251396648058,0.08832402234636838,0.00922396723430613,0,Black Gum Swamp bg (2024)
0,0,14.308491620111731,0,0,14.396815642458101,0.016145251396648058,0.015195530726256987,0.08832402234637016,0.00869688339234595,0,Black Gum Swamp bg (2024)
0,0,14.396815642458101,0,0,14.48513966480447,0.015195530726256987,0.014245810055865917,0.08832402234636838,0.008169799550385421,0,Black Gum Swamp bg (2024)
0,0,14.48513966480447,0,0,14.573463687150838,0.014245810055865917,0.013296089385474866,0.08832402234636838,0.007642715708425071,0,Black Gum Swamp bg (2024)
0,0,14.573463687150838,0,0,14.661787709497206,0.013296089385474866,0.012346368715083815,0.08832402234636838,0.007115631866464726,0,Black Gum Swamp bg (2024)
0,0,14.661787709497206,0,0,14.750111731843575,0.012346368715083815,0.011396648044692745,0.08832402234636838,0.006588548024504378,0,Black Gum Swamp bg (2024)
0,0,14.750111731843575,0,0,14.838435754189945,0.011396648044692745,0.010446927374301675,0.08832402234637016,0.0060614641825441455,0,Black Gum Swamp bg (2024)
0,0,14.838435754189945,0,0,14.926759776536313,0.010446927374301675,0.009497206703910624,0.08832402234636838,0.005534380340583674,0,Black Gum Swamp bg (2024)
0,0,14.926759776536313,0,0,15.015083798882682,0.009497206703910624,0.008547486033519553,0.08832402234636838,0.0050072964986233245,0,Black Gum Swamp bg (2024)
0,0,15.015083798882682,0,0,15.10340782122905,0.008547486033519553,0.007597765363128503,0.08832402234636838,0.004480212656662976,0,Black Gum Swamp bg (2024)
0,0,15.10340782122905,0,0,15.191731843575418,0.007597765363128503,0.006648044692737452,0.08832402234636838,0.003953128814702633,0,Black Gum Swamp bg (2024)
0,0,15.191731843575418,0,0,15.280055865921787,0.006648044692737452,0.005698324022346382,0.08832402234636838,0.003426044972742283,0,Black Gum Swamp bg (2024)
0,0,15.280055865921787,0,0,15.368379888268157,0.005698324022346382,0.004748603351955312,0.08832402234637016,0.0028989611307819866,0,Black Gum Swamp bg (2024)
0,0,15.368379888268157,0,0,15.456703910614525,0.004748603351955312,0.003798882681564242,0.08832402234636838,0.0023718772888215735,0,Black Gum Swamp bg (2024)
0,0,15.456703910614525,0,0,15.545027932960894,0.003798882681564242,0.002849162011173191,0.08832402234636838,0.0018447934468612248,0,Black Gum Swamp bg (2024)
0,0,15.545027932960894,0,0,15.633351955307262,0.002849162011173191,0.00189944134078214,0.08832402234636838,0.001317709604900881,0,Black Gum Swamp bg (2024)
0,0,15.633351955307262,0,0,15.72167597765363,0.00189944134078214,9.4972067039107e-4,0.08832402234636838,7.906257629405316e-4,0,Black Gum Swamp bg (2024)
0,0,15.72167597765363,0,0,15.81,9.4972067039107e-4,0,0.08832402234637016,2.6354192098018253e-4,0,Black Gum Swamp bg (2024)
