"uid","site","tree","species","component","height_m","flux","below_mdf","LM.flux","LM.C0","LM.Ct","LM.slope","LM.MAE","LM.RMSE","LM.AICc","LM.SE","LM.se.rel","LM.r2","LM.p.val","HM.flux","HM.C0","HM.Ci","HM.slope","HM.MAE","HM.RMSE","HM.AICc","HM.SE","HM.se.rel","HM.r2","HM.k","C0","Ct","MDF","prec","flux.term","nb.obs","k.max","k.mult","g.fact","HM.diagnose","LM.diagnose","best.flux","model","quality.check","HM.score","LM.score","MAE.lim","g.limit","g.reverse","MDF.lim","instrument","comp","selected_se","selected_df","selected_half","selected_lo","selected_hi","selected_p","selected_sig","above_mdf","HM_near_upper","HM_near_zero","linear_flux","linear_se","linear_p","linear_lo","linear_hi","hac_se","hac_lag","hac_lag_seconds","hac_lo","hac_hi","hac2_se","hac2_lag","hac2_lo","hac2_hi","residual_ac1","duplicate_times","irregular_intervals","linear_sig","hac_sig","hac2_sig","selected_BH","linear_BH"
"2 0.5 stem 1","Swamp Rd","Swamp Rd bg 2","bg","stem",0.5,0.221242253060688,FALSE,0.221242253060688,1971.67158776736,1993.53939812423,0.141082647463669,2.92287567589043,3.67005518076222,859.968465212577,0.0102877572227885,4.64999658992197,0.747361058936812,2.21431346372928e-48,0.521706037538287,1967.55064347497,1995.00306368268,0.332683598885118,2.62553884776627,3.24084894070861,823.022145986256,0.0687824364121834,13.1841365564292,0.80299707185898,0.0121185526218822,1976.96,1989.73,0.0710743006052236,7.07037944035506,1.56817480418817,157,0.0199540418804714,1,2.35807595665363,"Exaggerated curvature (g-fact)","",0.221242253060688,"LM","g-fact. > 2",0,2,7.07037944035506,2,0.5,0.071,"LGR1","stem_lo",0.0102877572227885,155,0.0203223032253157,0.200919949835372,0.241564556286004,2.21434563077357e-48,TRUE,TRUE,FALSE,FALSE,0.221242253060688,0.0102877559381969,2.21431346372928e-48,0.200919952372938,0.241564553748438,0.0207106064752479,9,9,0.180330787553136,0.262153718568239,0.0246951004668787,18,0.172459869398303,0.270024636723073,0.311802064558991,1,0,TRUE,TRUE,TRUE,1.11508119263955e-47,6.64294039118785e-48
"2 1.25 stem 1","Swamp Rd","Swamp Rd bg 2","bg","stem",1.25,0.445219977704906,FALSE,0.441775524661435,1963.0544625101,2000.22563308216,0.281599777061025,3.82317580163177,4.82656759792582,808.328475790438,0.0172113214238164,3.8959427272497,0.831822681930711,3.66572102116386e-53,0.445219977704906,1963.00515295789,4167.89341787803,0.283795365442436,3.82155335199909,4.82842603997916,810.557109919949,0.0689638991819147,15.4898483076661,0.83169425263058,0.000128711903436392,1960.54,2006.79,0.0833989196981252,7.07037944035506,1.5688063721929,134,0.0398280996708267,1,1.00779683991346,"","",0.445219977704906,"HM","AICc",1,1,7.07037944035506,2,0.5,0.083,"LGR1","stem_lo",0.0689638991819147,131,0.136427043177261,0.308792934527645,0.581647020882167,1.92167398190795e-09,TRUE,TRUE,FALSE,FALSE,0.441775524661435,0.0172113255071329,3.66572102116386e-53,0.407729821607796,0.475821227715074,0.0169268685204699,3,3,0.408292505643691,0.475258543679178,0.0169352674372975,6,0.408275891756041,0.475275157566828,-0.00681028305427451,1,0,TRUE,TRUE,TRUE,4.04411987237344e-09,1.17469696360024e-52
"2 1.7 stem 1","Swamp Rd","Swamp Rd bg 2","bg","stem",1.7,0.520862353106457,FALSE,0.488355047033273,1961.62027975425,1998.44156103853,0.312044756646484,3.19518184144513,4.20332538759955,691.362377552643,0.0176967546327076,3.62374766887622,0.86469967391458,2.66809572036904e-53,0.520862353106457,1961.21826688563,2264.1782153944,0.332815985436812,3.20087225643092,4.19905573892561,693.259396283423,0.0736922452019582,14.148122774175,0.864974404707269,0.00109854780169789,1964.27,1999.77,0.0929853544584624,7.07037944035506,1.5650160325768,120,0.0441340891643595,1,1.06656490246321,"","",0.520862353106457,"HM","AICc",1,1,7.07037944035506,2,0.5,0.093,"LGR1","stem_lo",0.0736922452019582,117,0.145943630051807,0.37491872305465,0.666805983158264,1.22221836084928e-10,TRUE,TRUE,FALSE,FALSE,0.488355047033273,0.0176967550010767,2.66809572036904e-53,0.453310654202458,0.523399439864087,0.0176601161523398,1,1,0.453383209097857,0.523326884968688,0.0186095985898444,2,0.451502975375695,0.525207118690851,0.214677487194811,1,0,TRUE,TRUE,TRUE,2.77956111096368e-10,8.74887201330314e-53
"2 11.7 stem 1","Swamp Rd","Swamp Rd bg 2","bg","stem",11.7,0.36292721163086,FALSE,0.219877314312871,2006.83993019564,2059.28979331807,0.143305636946532,3.20099388787853,4.13902096231259,2101.54133760488,0.00312706837874352,1.42218781801833,0.930710959351071,4.78481557669839e-215,0.36292721163086,2001.74062542245,2083.60446209766,0.236538796148761,2.86205777798686,3.61751140942941,2004.19684171783,0.0159069725677249,4.38296497422855,0.947071557363152,0.00288941742478082,1998.12,2060.87,0.0295592769781726,7.07037944035506,1.53432425268036,369,0.0202684506758715,1,1.65058961523624,"","",0.36292721163086,"HM","",0,2,7.07037944035506,2,0.5,0.03,"LGR1","stem_up",0.0159069725677249,366,0.0312805322098924,0.331646679420968,0.394207743840752,2.64166300636129e-72,TRUE,TRUE,FALSE,FALSE,0.219877314312871,0.0031270688937252,4.78481557669839e-215,0.213728092981759,0.226026535643982,0.00733113903352101,13,13,0.205461003685136,0.234293624940606,0.0094184758418523,26,0.201356362417794,0.238398266207948,0.243328437372864,2,0,TRUE,TRUE,TRUE,1.86237241948471e-71,5.1896845870344e-214
"2 11.7 stem 2","Swamp Rd","Swamp Rd bg 2","bg","stem",10.5,0.327540908661263,FALSE,0.233148075029417,1972.29688570184,2030.08845057175,0.151683897296338,2.91412153340508,3.59257906113382,2077.98037712657,0.0025619417898451,1.09884749832133,0.955793086585681,4.92183649206735e-261,0.327540908661263,1968.66419026859,2084.04546722612,0.213094967837309,2.61779369780967,3.24507367362395,2001.8923595896,0.0119336454845517,3.64340611172122,0.963931619171644,0.00184687649033168,1970,2027.12,0.0284493084409078,7.07037944035506,1.53706543136828,384,0.0214534309757951,1,1.40486216161097,"","",0.327540908661263,"HM","",0,2,7.07037944035506,2,0.5,0.028,"LGR1","stem_up",0.0119336454845517,381,0.0234640519953179,0.304076856665945,0.351004960656581,2.74094903468783e-92,TRUE,TRUE,FALSE,FALSE,0.233148075029417,0.00256194250883904,4.92183649206735e-261,0.228110800303674,0.238185349755161,0.00487988283606486,13,13,0.22355328108307,0.242742868975765,0.00642783081454164,26,0.220509715818883,0.245786434239952,0.157477848701349,2,0,TRUE,TRUE,TRUE,2.27337537582932e-91,6.93978945381497e-260
"2 10.5 stem 1","Swamp Rd","Swamp Rd bg 2","bg","stem",11.7,0.164462859900202,FALSE,0.104970995746703,2000.2544880674,2027.81127613108,0.0680414520090802,3.45529594818695,4.3265003647635,2359.15658110062,0.00282791701950906,2.69399847014205,0.771843245448607,1.43767316520383e-132,0.164462859900202,1997.88593859414,2043.77417155552,0.106603654748385,3.35977022253578,4.2020409473546,2337.37850191592,0.0153760915942329,9.34927898223544,0.784781102919316,0.00232311527092617,1997.08,2027.12,0.0268665828232404,7.07037944035506,1.54275067105703,408,0.00962345127062421,1,1.56674573514625,"","",0.164462859900202,"HM","",0,2,7.07037944035506,2,0.5,0.027,"LGR1","stem_up",0.0153760915942329,405,0.0302269157667005,0.134235944133501,0.194689775666903,1.10276660107494e-23,TRUE,TRUE,FALSE,FALSE,0.104970995746703,0.00282791641654499,1.43767316520383e-132,0.0994118092804298,0.110530182212977,0.00653074564533851,14,14,0.0921326980538045,0.117809293439602,0.00777332185659226,28,0.0896900116941579,0.120251979799249,0.273025455247223,2,0,TRUE,TRUE,TRUE,3.88725226878916e-23,7.239711296205e-132
"4 3 stem 1","Swamp Rd","Swamp Rd hem 4","hem","stem",3,0.121014227976355,FALSE,0.0753153255751707,1959.43172000957,1966.06621855525,0.035478601848569,2.58502335244423,3.28497507212516,992.066221289242,0.00938315493803494,12.4584934956828,0.25226850186055,1.07976342201556e-13,0.121014227976355,1958.78261679668,1969.92387024156,0.057005869384444,2.55861501112003,3.25472321973035,990.65669346389,0.0523784913779157,43.2829199126486,0.265977041887715,0.00511664775121404,1954.58,1959.22,0.0782960745764505,6.9339543337043,2.12283803901389,189,0.00511664775121404,1,1.60676764061218,"","MDF (LM)",0.121014227976355,"HM","",0,2,6.9339543337043,2,0.5,0.078,"LGR1","stem_up",0.0523784913779157,186,0.103332293761261,0.0176819342150937,0.224346521737616,0.0219643960606817,TRUE,TRUE,TRUE,FALSE,0.0753153255751707,0.00938315511048021,1.07976342201556e-13,0.056804884297437,0.0938257668529044,0.00922784708982455,2,2,0.0571112652495217,0.0935193859008197,0.00862719371745583,4,0.0582961927975152,0.0923344583528262,0.0925606658686023,1,0,TRUE,TRUE,TRUE,0.0306631667777834,1.60259623688625e-13
"2 10.5 leaf 1","Swamp Rd","Swamp Rd bg 2","bg","leaf",11.7,-0.00392700537071811,TRUE,-0.00370933885356478,1966.79506874272,1965.97915925798,-0.00330327726615611,2.77437086273739,3.44308295473275,1333.75046647897,0.00341754081977201,-92.133422010978,0.000714570624363642,0.278806173790103,-0.00392700537071811,1966.80280348799,1959.31752939161,-0.00349711581423726,2.77410545856137,3.44308272378532,1335.8161372716,0.0141558137555216,-360.473501286121,0.000714704680034983,0.000467199433074589,1970.16,1966.07,0.0320141901882866,7.07037944035506,1.12292688584425,250,0.000467199433074589,1,1.05868067754019,"MDF (HM)","MDF (LM)",-0.00392700537071811,"HM","AICc | MDF",1,1,7.07037944035506,2,0.5,0.032,"LGR1","leaf",0.0141558137555216,247,0.0278814996445016,-0.0318085050152197,0.0239544942737835,0.781695116265785,FALSE,FALSE,TRUE,FALSE,-0.00370933885356478,0.00341754047234787,0.278806173790103,-0.010440443363183,0.0030217656560534,0.00336704844626641,2,2,-0.0103409954979107,0.00292231779078112,0.00314153931032246,4,-0.00989683819408521,0.00247816048695566,0.0112957635989457,2,0,FALSE,FALSE,FALSE,0.854630244097578,0.310572110419113
"2 10.5 leaf 2","Swamp Rd","Swamp Rd bg 2","bg","leaf",11.7,0.00421465580117076,TRUE,0.00398796026045624,1964.27684003335,1965.016462843,0.00415518432388226,2.08903269460013,2.70728888131971,875.495415275172,0.00377780837102057,94.7303414349563,0.000638417369216882,0.292569034510092,0.00421465580117076,1964.26911984858,1971.74141490133,0.0043913857139541,2.08869332248415,2.70723235630782,877.580106611765,0.0156462109492753,371.233421835516,0.000680147925572583,0.000587689014279211,1963.45,1965.13,0.0379096887282113,7.07037944035506,0.959755320007132,180,0.000587689014279211,1,1.05684498488172,"MDF (HM)","MDF (LM)",0.00421465580117076,"HM","AICc | MDF",1,1,7.07037944035506,2,0.5,0.038,"LGR1","leaf",0.0156462109492753,177,0.0308771276755031,-0.0266624718743323,0.0350917834766739,0.787956962643158,FALSE,FALSE,TRUE,FALSE,0.00398796026045624,0.00377780963063955,0.292569034510092,-0.00346709706522354,0.011443017586136,0.00348488571197806,2,2,-0.00288904660233812,0.0108649671232506,0.00355611147320241,4,-0.00302960215831059,0.0110055226792231,-0.0684942964992174,1,0,FALSE,FALSE,FALSE,0.854630244097578,0.322283077077523
"2 11.7 leaf 1","Swamp Rd","Swamp Rd bg 2","bg","leaf",10.5,-0.00134310481173425,TRUE,-0.00134262361139957,1967.85312519324,1967.59814529316,-0.00119708873278442,3.04729570045222,3.79560878582135,1189.81058417074,0.00471596076438905,-351.249652124997,-0.00431266486270832,0.776152289421202,-0.00134310481173425,1967.85309524445,1849.61479590937,-0.00119751777298152,3.04729471716996,3.79560949392866,1191.88739650601,0.0182716421983545,-1360.40330127041,-0.00431303955160245,1.01280023453974e-05,1975.04,1965.1,0.0370558590061263,7.07037944035506,1.12157401087272,215,0.00016931039456693,1,1.00035840300334,"MDF (HM)","MDF (LM)",-0.00134310481173425,"HM","AICc | MDF",1,1,7.07037944035506,2,0.5,0.037,"LGR1","leaf",0.0182716421983545,212,0.0360173719485818,-0.037360476760316,0.0346742671368475,0.94147149406763,FALSE,FALSE,FALSE,FALSE,-0.00134262361139957,0.00471596081010634,0.776152289421202,-0.0106385552455506,0.00795330802275151,0.00570374805673404,7,7,-0.0125856457926263,0.00990039856982719,0.00625433270026386,14,-0.0136709383578441,0.0109856911350449,0.0830767186262505,1,0,FALSE,FALSE,FALSE,0.961938265677796,0.793025165278184
"2 10.5 stem 2","Swamp Rd","Swamp Rd bg 2","bg","stem",11.7,0.352850456669197,FALSE,0.241667031627115,1986.39211166675,2043.07437541434,0.156580839081752,2.583396893718,3.21242742189263,1893.82121725206,0.0024828521564288,1.02738554767361,0.962996822906094,3.53459055090287e-262,0.352850456669197,1982.39983398872,2087.29080818465,0.228618774367581,2.13893664703006,2.72839611018571,1776.64741006918,0.0111850684662829,3.16991752593057,0.973307625550147,0.00217958481289868,1987.8,2042.3,0.0300617935542717,7.07037944035506,1.54340105113971,365,0.0221460305493716,1,1.46006865021471,"","",0.352850456669197,"HM","",0,2,7.07037944035506,2,0.5,0.03,"LGR1","stem_up",0.0111850684662829,362,0.0219958712595265,0.33085458540967,0.374846327928724,6.42347465834216e-106,TRUE,TRUE,FALSE,FALSE,0.241667031627115,0.00248285223869669,3.53459055090287e-262,0.236784451452236,0.246549611801993,0.00583555676894541,14,14,0.230191288791775,0.253142774462455,0.00763274942576166,28,0.226657072337068,0.256676990917162,0.328162780598832,2,0,TRUE,TRUE,TRUE,6.03806617884163e-105,6.2297158459663e-261
"4 9.1 stem 2","Swamp Rd","Swamp Rd hem 4","hem","stem",9.1,-0.00490232022127269,TRUE,-0.00490547912961044,1967.58294706549,1966.84858331655,-0.00313830661938645,3.68168241819634,4.52451781065708,1388.3316328068,0.00682963142528415,-139.224553704839,-0.00206423944984757,0.473311116281729,-0.00490232022127269,1967.58285849788,1058.58686633008,-0.00313628569081159,3.68168527202226,4.52451966256399,1390.40153789593,0.0248784771928854,-507.483723419983,-0.00206505512669275,3.45027449827592e-06,1968.61,1958.98,0.0461210487664655,6.9339543337043,1.56309746769405,236,0.00045259983962281,1,0.999356044893008,"MDF (HM)","MDF (LM)",-0.00490232022127269,"HM","AICc | MDF",1,1,6.9339543337043,2,0.5,0.046,"LGR1","stem_up",0.0248784771928854,233,0.0490155160315155,-0.0539178362527882,0.0441131958102428,0.843959678410626,FALSE,FALSE,FALSE,FALSE,-0.00490547912961044,0.00682963346877728,0.473311116281729,-0.0183609063859066,0.0085499481266857,0.00750260587344514,2,2,-0.0196867654203482,0.00987580716112729,0.00740783679307304,4,-0.019500055771445,0.00968909751222412,0.0851240866810457,1,0,FALSE,FALSE,FALSE,0.89895697263195,0.501780957862584
"2 9.1 branch 1","Swamp Rd","Swamp Rd bg 2","bg","branch",9.1,0.474354076051023,FALSE,0.243272730645066,1970.30023611871,2017.48572288823,0.131803035669063,3.44056678774285,4.29741498845419,2077.47300668266,0.00405072583865867,1.66509654736793,0.909452986295644,5.11387724735406e-189,0.474354076051023,1963.86636749034,2027.75461780346,0.257000885548232,2.82106176270847,3.50595900063093,1932.96256647167,0.0217976675539479,4.59523142193959,0.939733883154708,0.00402266276331961,1960.11,2013.41,0.036350993901665,7.07037944035506,1.84572934462516,360,0.0186415788262764,1,1.94988593581047,"","",0.474354076051023,"HM","",0,2,7.07037944035506,2,0.5,0.036,"LGR1","branch",0.0217976675539479,357,0.0428679731939844,0.431486102857039,0.517222049245007,1.94492133216173e-67,TRUE,TRUE,FALSE,FALSE,0.243272730645066,0.00405072659498965,5.11387724735406e-189,0.235306521012938,0.251238940277193,0.0103574489697022,13,13,0.222903641837946,0.263641819452186,0.0132601078698146,26,0.217195236507046,0.269350224783085,0.283884345678114,1,0,TRUE,TRUE,TRUE,1.24651776288548e-66,3.60528345938462e-188
"4 5.6 stem 2","Swamp Rd","Swamp Rd hem 4","hem","stem",5.6,0.00703936276047326,TRUE,0.00704766798384712,1954.64576773429,1955.45279725787,0.00332110915054998,3.40718381477247,4.2985123918568,1415.93127998842,0.00831051688088852,117.918677496383,-0.00115224571535255,0.397248997302963,0.00703936276047326,1954.64587556165,3461.356469266,0.00331719543704822,3.40720677315614,4.2985149498692,1417.99865318808,0.0312398679306932,443.788294390911,-0.00115342224924508,2.2016141991095e-06,1963.65,1956.75,0.0603050161066946,6.9339543337043,2.12208261287649,245,0.000478963228010726,1,0.998821564325547,"MDF (HM)","MDF (LM)",0.00703936276047326,"HM","AICc | MDF",1,1,6.9339543337043,2,0.5,0.06,"LGR1","stem_up",0.0312398679306932,242,0.0615367646382718,-0.0544974018777985,0.068576127398745,0.821910657038707,FALSE,FALSE,FALSE,FALSE,0.00704766798384712,0.00831051536483262,0.397248997302963,-0.00932217239460074,0.023417508362295,0.00791964869427654,1,1,-0.00855225323491366,0.0226475892026079,0.00797070279071557,2,-0.00865281828686092,0.0227481542545552,0.0839923751039377,1,0,FALSE,FALSE,FALSE,0.884651928568379,0.42757334824212
"2 11.7 leaf 2","Swamp Rd","Swamp Rd bg 2","bg","leaf",10.5,-0.00277463275649197,TRUE,-0.00276136660508839,1959.48478975147,1958.97838847177,-0.00245825863932277,3.14814009887066,3.96299486190336,1174.81938744492,0.00514359218871097,-186.269804930386,-0.00343379843307812,0.591943829970496,-0.00277463275649197,1959.48515153822,1913.6822391926,-0.00247006860010027,3.14814319466186,3.96299611333171,1176.89852470093,0.0206448314266356,-744.056357668656,-0.00343443123213882,5.39281996188626e-05,1953.97,1960.39,0.0383679742657434,7.07037944035506,1.1233019019712,209,0.000347684117954399,1,1.00480419781247,"MDF (HM)","MDF (LM)",-0.00277463275649197,"HM","AICc | MDF",1,1,7.07037944035506,2,0.5,0.038,"LGR1","leaf",0.0206448314266356,206,0.0407022486404415,-0.0434768813969335,0.0379276158839495,0.893218746967354,FALSE,FALSE,FALSE,FALSE,-0.00276136660508839,0.00514359173983775,0.591943829970496,-0.0129019082998667,0.0073791750896899,0.00524454421876843,2,2,-0.0131009351421137,0.00757820193193693,0.00545157783454769,4,-0.0135090999264161,0.00798636671623931,-0.015276469172191,2,0,FALSE,FALSE,FALSE,0.92394277362205,0.613706470778235
"2 11.7 leaf_s 1","Swamp Rd","Swamp Rd bg 2","bg","leaf",10.5,-0.0137681229128568,TRUE,-0.0136621252280381,1960.00588042205,1957.82876321045,-0.0122309955708084,3.00404440213792,3.74909103548241,992.699066812712,0.00608969913486005,-44.5735859774033,0.0220353666416618,0.0260987151539967,-0.0137681229128568,1960.0085975169,1823.65983312587,-0.0123258898271481,3.00409096629886,3.74910011905391,994.792146838149,0.0243694411678126,-176.999009393329,0.0220306303821657,9.03997178280216e-05,1965.09,1958.02,0.0441210808802915,7.07037944035506,1.11700843557211,180,0.00172989238752853,1,1.00775850631213,"MDF (HM)","MDF (LM)",-0.0137681229128568,"HM","AICc | MDF",1,1,7.07037944035506,2,0.5,0.044,"LGR1","leaf",0.0243694411678126,177,0.0480920491714362,-0.061860172084293,0.0343239262585794,0.57280619167673,FALSE,FALSE,FALSE,FALSE,-0.0136621252280381,0.00608970150951008,0.0260987151539967,-0.0256794258038722,-0.00164482465220397,0.00612408065346529,0,0,-0.0257472689495181,-0.00157698150655808,0.00618564231554007,1,-0.0258687535569237,-0.00145549689915241,-0.0471044260926198,1,0,TRUE,TRUE,TRUE,0.651336072793701,0.0301632691533897
"4 5.6 stem 1","Swamp Rd","Swamp Rd hem 4","hem","stem",5.6,0.00186625423215527,TRUE,0.00186866012350692,1957.2940863729,1957.72979201544,0.00119371408913767,3.42533798526503,4.30261773603443,2124.39327388796,0.00333094695612671,178.253226160545,-0.00187073920101821,0.57514101289637,0.00186625423215527,1957.29415671248,2500.59682786288,0.00119217718771442,3.4253286241331,4.30261881988931,2126.43771806223,0.0111177751812311,595.726723062354,-0.00187123835423297,2.19431497583122e-06,1955.37,1951.06,0.0296571825184692,6.9339543337043,1.56541682846084,368,0.000172154881859448,1,0.998712504579416,"MDF (HM)","MDF (LM)",0.00186625423215527,"HM","AICc | MDF",1,1,6.9339543337043,2,0.5,0.03,"LGR1","stem_up",0.0111177751812311,365,0.0218629336398711,-0.0199966794077158,0.0237291878720264,0.866784654755645,FALSE,FALSE,FALSE,FALSE,0.00186866012350692,0.00333094659111992,0.57514101289637,-0.004681535502301,0.00841885574931483,0.00342684878064901,19,19,-0.00487012396662327,0.0086074442136371,0.00323473827592504,38,-0.00449234505204404,0.00822966529905787,-0.0733916636485892,2,0,FALSE,FALSE,FALSE,0.912064450153328,0.600702835691764
"5 0.5 stem 1","Swamp Rd","Swamp Rd rm 5","rm","stem",0.5,0.483217471437259,FALSE,0.31528268984826,1983.48633448545,2032.19721818269,0.149879642145336,2.89811303438109,3.71076173358783,1797.06933837468,0.00459053598751786,1.45600635091232,0.935158676122054,5.94919965523567e-196,0.483217471437259,1979.53253804945,2063.24416134291,0.229712775326318,2.64806416019468,3.32609754800642,1727.32812607019,0.0226441922834065,4.68612863190867,0.947905041217657,0.00274409653389523,1984.31,2027.52,0.0447425628296182,6.9339543337043,2.10357247545691,328,0.0216153200514758,1,1.5326482772328,"","",0.483217471437259,"HM","",0,2,6.9339543337043,2,0.5,0.045,"LGR1","stem_lo",0.0226441922834065,325,0.0445476947833133,0.438669776653946,0.527765166220572,8.77429454535025e-64,TRUE,TRUE,FALSE,FALSE,0.31528268984826,0.00459053702508732,5.94919965523567e-196,0.306251875449075,0.324313504247445,0.00970611776780758,12,12,0.296188159596424,0.334377220100096,0.0122904178916372,24,0.291104149895042,0.339461229801478,0.151113594836818,2,0,TRUE,TRUE,TRUE,5.37902404736689e-63,4.93433618463665e-195
"2 7 leaf 1","Swamp Rd","Swamp Rd bg 2","bg","leaf",7,0.00372343852593951,TRUE,0.00348365142545999,1956.59973730689,1957.22186463181,0.0031106366246189,2.78611257143156,3.44219300268002,1078.76032223092,0.00470459974720311,135.047947473158,-0.00225228831965074,0.459878530173602,0.00372343852593951,1956.58787019111,1964.14491881223,0.00332474832690103,2.78595342663238,3.44197230795922,1080.81625267872,0.0193947605494878,520.883060492962,-0.00212377449258661,0.000439953279857169,1961.09,1953.64,0.0393941809850092,7.07037944035506,1.11991590335203,202,0.000439953279857169,1,1.06883211641873,"MDF (HM)","MDF (LM)",0.00372343852593951,"HM","AICc | MDF",1,1,7.07037944035506,2,0.5,0.039,"LGR1","leaf",0.0193947605494878,199,0.0382456249897582,-0.0345221864638186,0.0419690635156977,0.847952321702478,FALSE,FALSE,TRUE,FALSE,0.00348365142545999,0.00470459934119944,0.459878530173602,-0.00579333024916175,0.0127606331000817,0.00386743586018492,6,6,-0.004142530742385,0.011109833593305,0.0035658645043537,12,-0.00354786332466526,0.0105151661755852,-0.112695767467416,1,0,FALSE,FALSE,FALSE,0.89895697263195,0.49123388450362
"4 9.1 stem 1","Swamp Rd","Swamp Rd hem 4","hem","stem",9.1,0.0184184906350476,TRUE,0.0183089401117169,1965.0510216496,1968.8502944425,0.0117261505953836,2.84499408619403,3.55482896807691,1758.15859041862,0.00329154769486758,17.9778167102154,0.0843533647934679,5.57536405522413e-08,0.0184184906350476,1965.04709119732,2249.09506735601,0.0117963133643118,2.84500477912105,3.55485756257402,1760.21391141559,0.0131972178719909,71.6520052239169,0.0843387634833431,4.15292991129136e-05,1965.26,1969.04,0.0333123562917049,6.9339543337043,1.56137685276913,326,0.00169112025130964,1,1.00598344429892,"MDF (HM)","MDF (LM)",0.0184184906350476,"HM","AICc | MDF",1,1,6.9339543337043,2,0.5,0.033,"LGR1","stem_up",0.0131972178719909,323,0.0259633566372665,-0.00754486600221889,0.0443818472723141,0.163783286453261,FALSE,FALSE,FALSE,FALSE,0.0183089401117169,0.00329154738448935,5.57536405522413e-08,0.0118334369035578,0.024784443319876,0.00417936073816358,12,12,0.0100868303539894,0.0265310498694444,0.0040517595017606,24,0.0103378618960496,0.0262800183273842,0.0365211684217755,1,0,TRUE,TRUE,TRUE,0.200812551216607,7.27894751654262e-08
"4 14.2 leaf 1","Swamp Rd","Swamp Rd hem 4","hem","leaf",14.2,-0.0169307870432022,TRUE,-0.0135503983082108,1969.94431989695,1967.41525198374,-0.00800337947217748,4.0049443268649,5.18329438330028,1955.02171158734,0.00540284599484202,-39.8722301142115,0.0164141654173576,0.0126421667986303,-0.0169307870432022,1970.08384268842,1961.42008967386,-0.00999996534325232,3.99992877381359,5.17845924125352,1956.47951605409,0.0246181026945983,-145.404360894626,0.0182483498968253,0.001154230196365,1972.09,1967.83,0.0370339782503222,6.9339543337043,1.6930845720007,318,0.001154230196365,1,1.249467850177,"MDF (HM)","MDF (LM)",-0.0169307870432022,"HM","AICc | MDF",1,1,6.9339543337043,2,0.5,0.037,"LGR1","leaf",0.0246181026945983,315,0.0484366963571975,-0.0653674834003997,0.0315059093139953,0.492124323728682,FALSE,FALSE,TRUE,FALSE,-0.0135503983082108,0.00540284462904272,0.0126421667986303,-0.0241804925161335,-0.00292030410028808,0.00619355821978523,8,8,-0.025736221125447,-0.00136457549097455,0.00749896395544149,16,-0.0283046062822209,0.0012038096657993,0.127251680777443,1,0,TRUE,TRUE,FALSE,0.568766636440526,0.0148545459883906
"2 9.1 leaf 1","Swamp Rd","Swamp Rd bg 2","bg","leaf",9.1,0.00401053089960882,TRUE,0.00375562601113106,1955.11797165256,1955.85077913997,0.00268427651066355,2.57387232380696,3.23488372404105,1432.2008954568,0.00346758916248442,92.3305236519037,0.000631098192193646,0.279735163285301,0.00401053089960882,1955.10628683101,1962.65655278759,0.002866465898682,2.57356935217786,3.23468311538521,1434.22637386368,0.0143802571223667,358.562431815931,0.00075504443126373,0.000379650983841505,1951.14,1955.54,0.036103328735013,7.07037944035506,1.39912039471771,275,0.000379650983841505,1,1.0678728094124,"MDF (HM)","MDF (LM)",0.00401053089960882,"HM","AICc | MDF",1,1,7.07037944035506,2,0.5,0.036,"LGR1","leaf",0.0143802571223667,272,0.0283107551280523,-0.0243002242284435,0.0323212860276611,0.780540043916563,FALSE,FALSE,TRUE,FALSE,0.00375562601113106,0.00346759014075566,0.279735163285301,-0.00307098963985939,0.0105822416621215,0.0039278933780176,8,8,-0.00397718476562163,0.0114884367878838,0.00419791872027418,16,-0.00450878139405451,0.0120200334163166,0.0943971441094041,1,0,FALSE,FALSE,FALSE,0.854630244097578,0.310572110419113
"5 1 stem 2","Swamp Rd","Swamp Rd rm 5","rm","stem",1,0.523277243381282,FALSE,0.51838506001145,1992.06134865859,2060.83067361173,0.246485035674334,3.2672364911443,4.37313513339999,1632.74995588765,0.0068211668750629,1.31584943341389,0.953753219232127,1.78250095965665e-188,0.523277243381282,1991.95019218299,5420.59855528102,0.248811202235562,3.27082561842942,4.37928009948364,1635.59738791476,0.027478963580062,5.25132019930775,0.953624530769712,7.25683056079694e-05,1987,2071.85,0.0520816655484673,6.9339543337043,2.10310966178231,281,0.0355475423996131,1,1.00943735409682,"","",0.523277243381282,"HM","AICc",1,1,6.9339543337043,2,0.5,0.052,"LGR1","stem_lo",0.027478963580062,278,0.0540932733952686,0.469183969986013,0.577370516776551,2.54560596053429e-52,TRUE,TRUE,FALSE,FALSE,0.51838506001145,0.00682116577809731,1.78250095965665e-188,0.504957573850561,0.53181254617234,0.0100453015403601,9,9,0.49861085252213,0.538159267500771,0.0104092152064997,18,0.49789448733254,0.538875632690361,0.0519417839721718,1,0,TRUE,TRUE,TRUE,1.38050169398206e-51,1.19682207291232e-187
"5 2 stem 1","Swamp Rd","Swamp Rd rm 5","rm","stem",2,0.380483570598823,FALSE,0.357822954573714,1986.80730287813,2034.95341572833,0.170127607244521,2.31554101118875,3.02173182725171,1450.2527758776,0.00459021712180927,1.28281795875218,0.955193816302061,9.07757717102701e-194,0.380483570598823,1986.31215732524,2398.97196132921,0.18090164041864,2.31321366011292,3.01326289725361,1450.70463784365,0.0190005119742577,4.99377987447758,0.95544461862529,0.000438379601461981,1987.79,2031.92,0.051351843667361,6.9339543337043,2.10326213581211,286,0.0245354380858223,1,1.06332912893223,"","",0.380483570598823,"HM","AICc",1,1,6.9339543337043,2,0.5,0.051,"LGR1","stem_up",0.0190005119742577,283,0.0374002643060877,0.343083306292735,0.417883834904911,3.61539163153671e-56,TRUE,TRUE,FALSE,FALSE,0.357822954573714,0.00459021741820937,9.07757717102701e-194,0.348787790211262,0.366858118936166,0.00399990650587891,3,3,0.349949729969649,0.36569617917778,0.00406711371159249,6,0.349817442521225,0.365828466626203,0.0121098002462871,2,0,TRUE,TRUE,TRUE,2.0390808801867e-55,7.11076878397116e-193
"5 1 stem 1","Swamp Rd","Swamp Rd rm 5","rm","stem",1,0.552727998931647,FALSE,0.541793246537109,1988.31653986503,2046.85428823683,0.25787554348809,2.17435732454747,2.78942447916455,1125.81307984028,0.00592264307412312,1.0931555740087,0.973473796774535,3.97797442752906e-181,0.552727998931647,1988.11915158332,3465.07226052444,0.263080121497639,2.17944339503423,2.78852061270599,1127.73655329466,0.0239440176784184,4.33197119101965,0.973491125079456,0.000178123543601361,1988.93,2048.95,0.0638953952629304,6.9339543337043,2.10098731817944,229,0.0371902569699109,1,1.02018251881955,"","",0.552727998931647,"HM","AICc",1,1,6.9339543337043,2,0.5,0.064,"LGR1","stem_lo",0.0239440176784184,226,0.0471820757504161,0.505545923181231,0.599910074682063,2.26521042076821e-61,TRUE,TRUE,FALSE,FALSE,0.541793246537109,0.00592264397106502,3.97797442752906e-181,0.530122857157837,0.553463635916382,0.00554203190574917,8,8,0.530872841628689,0.55271365144553,0.00553585812704339,16,0.530885006871406,0.552701486202812,1.29251170995675e-05,1,0,TRUE,TRUE,TRUE,1.33081112220132e-60,2.43867127948521e-180
"4 12 leaf 1","Swamp Rd","Swamp Rd hem 4","hem","leaf",12,0.00117158770085178,TRUE,0.00115146206810858,1962.13922149508,1962.27289990774,0.000682032717663461,2.09410247924901,2.73944097214028,967.093904917095,0.00578891929266572,502.745114493849,-0.00489919278132955,0.842540914784057,0.00117158770085178,1962.13849241149,1969.19364067962,0.00069395350982389,2.09410185827249,2.73943666409953,969.176824713406,0.0232946493716952,1988.29753459851,-0.00489603217790058,9.83612935476461e-05,1960.15,1963.05,0.0594236300325913,6.9339543337043,1.68827981163911,198,9.83612935476461e-05,1,1.0174783289008,"MDF (HM)","MDF (LM)",0.00117158770085178,"HM","AICc | MDF",1,1,6.9339543337043,2,0.5,0.059,"LGR1","leaf",0.0232946493716952,195,0.0459418018637351,-0.0447702141628834,0.0471133895645869,0.959939358202474,FALSE,FALSE,TRUE,FALSE,0.00115146206810858,0.00578891864679774,0.842540914784057,-0.0102651030240893,0.0125680271603064,0.00528345316792818,4,4,-0.00926825371708349,0.0115711778533006,0.00484899085049979,8,-0.00841143267162413,0.0107143568078413,-0.0314954675941123,1,0,FALSE,FALSE,FALSE,0.96679606790392,0.848559064175372
"2 10.5 branch 3","Swamp Rd","Swamp Rd bg 2","bg","branch",10.5,-0.00032001151134882,TRUE,-0.000300987322737255,2076.46036869365,2076.39866426402,-0.000163239231820838,0.438023641991211,0.539358083100264,69.2076245163934,0.00146116069950261,-485.455894359418,-0.0258505514979113,0.837926468117408,-0.00032001151134882,2076.46171061692,2075.28556065451,-0.000173556921970458,0.437947960708954,0.539336656164501,71.6952820720214,0.0058888704258958,-1840.20581043311,-0.0257690457304318,0.000147563599470635,2077.31,2076.64,0.00525699105539283,1.10622966914901,1.84384182270351,39,0.000147563599470635,1,1.06320594647826,"MDF (HM)","MDF (LM)",-0.00032001151134882,"HM","AICc | MDF",1,1,1.10622966914901,2,0.5,0.0053,"LGR2","branch",0.0058888704258958,36,0.0119431827833105,-0.0122631942946593,0.0116231712719616,0.956963347570032,FALSE,FALSE,TRUE,FALSE,-0.000300987322737255,0.00146116055900322,0.837926468117408,-0.00326157983466499,0.00265960518919048,0.00180649383442966,2,20,-0.00396129151456719,0.00335931686909268,0.00181539944410152,4,-0.00397933599376299,0.00337736134828848,0.203848472341073,0,0,FALSE,FALSE,FALSE,0.96679606790392,0.848559064175372
"2 10.5 branch 2","Swamp Rd","Swamp Rd bg 2","bg","branch",10.5,0.0258996336502685,FALSE,0.0258996336502685,2100.8228282291,2103.33793807738,0.0140508930071159,0.399437822483115,0.593991951537818,41.7258629079669,0.00487383533134454,18.8181632109457,0.602111024632393,5.71138007400424e-05,0.0736681816836518,2100.20297129052,2103.3494995137,0.0399659606326143,0.370902755907058,0.484292977449372,37.2243283754112,0.0324630419756069,44.0665715288191,0.735505206063915,0.0127016056420949,2099.19,2103.02,0.0107888012382085,1.10622966914901,1.84327313838003,19,0.0127016056420949,1,2.84437157213952,"Exaggerated curvature (g-fact)","",0.0258996336502685,"LM","g-fact. > 2",0,2,1.10622966914901,2,0.5,0.011,"LGR2","branch",0.00487383533134454,17,0.0102828937058651,0.0156167399444034,0.0361825273561336,5.71137538686055e-05,TRUE,TRUE,TRUE,FALSE,0.0258996336502685,0.00487383569723797,5.71138007400424e-05,0.0156167391724357,0.0361825281281013,0.00600231546764507,2,20,0.0132358549735611,0.0385634123269759,0.00563851438182873,4,0.014003408171649,0.037795859128888,-0.0320204997122808,0,0,TRUE,TRUE,TRUE,9.70245698249805e-05,7.1265892958814e-05
"2 3 stem 1","Swamp Rd","Swamp Rd bg 2","bg","stem",3,1.00891744035068,FALSE,0.994913563422435,2068.84561521095,2152.86562508819,0.651317906025113,0.767729041101445,0.874250971940215,44.3674207734003,0.00966514311104214,0.971455558188865,0.998774543972304,4.72864193328228e-19,1.00891744035068,2068.66412949899,5085.47960218691,0.660485512269981,0.760849021690806,0.884796590704468,48.7475933348745,0.0387227743855664,3.83805184020878,0.998744825098681,0.000218934674079187,2069.95,2151.51,0.0121568997514998,1.10622966914901,1.5275390929972,14,0.58877276951553,1,1.01407547091837,"","",1.00891744035068,"HM","AICc",1,1,1.10622966914901,2,0.5,0.012,"LGR2","stem_up",0.0387227743855664,11,0.0852282517802083,0.923689188570472,1.09414569213089,3.08192481184271e-11,TRUE,TRUE,FALSE,FALSE,0.994913563422435,0.00966514369945998,4.72864193328228e-19,0.973855024329474,1.0159721025154,0.00867672446201592,1,10,0.976008604845107,1.01381852199976,0.00781960553999248,2,0.977876106548962,1.01195102029591,-0.0537772764247245,0,0,TRUE,TRUE,TRUE,7.36527794016648e-11,7.93736324515239e-19
"2 10.5 branch 4","Swamp Rd","Swamp Rd bg 2","bg","branch",10.5,-0.0157549011302969,FALSE,-0.0157659884083683,2070.52229394846,2068.81390101458,-0.00858488911493972,0.701512520789861,0.812369383511622,58.2795773693177,0.00568847130305631,-36.0806513090988,0.250419480473461,0.0121525740058649,-0.0157549011302969,2070.5221722452,883.839437056815,-0.00857885187513184,0.701848655603693,0.812428066325831,61.370846491679,0.0218924102854672,-138.956189597203,0.250312572225979,7.22927166692954e-06,2069.36,2068.37,0.00972043115792304,1.10622966914901,1.83648131004182,21,0.00776049436600611,1,0.999296759721989,"","",-0.0157549011302969,"HM","AICc",1,1,1.10622966914901,2,0.5,0.0097,"LGR2","branch",0.0218924102854672,18,0.0459942472827377,-0.0617491484130346,0.0302393461524408,0.480980167846184,FALSE,TRUE,FALSE,FALSE,-0.0157659884083683,0.00568847226340603,0.0121525740058649,-0.0276720976885116,-0.003859879128225,0.00735774147790129,2,20,-0.0311659183077335,-0.000366058509003158,0.00764546278232842,4,-0.0317681259188652,0.000236149102128547,0.483910295855325,0,0,TRUE,TRUE,FALSE,0.560481022035636,0.0143992683598903
"2 10.5 branch 1","Swamp Rd","Swamp Rd bg 2","bg","branch",10.5,0.0552225285275119,FALSE,0.0552225285275119,2111.16715869315,2126.02288199243,0.0298907913466433,1.12722924142208,1.38270669575942,184.29474978118,0.00249315698269948,4.51474615375025,0.907339864090184,3.53482139079615e-27,0.124110428893503,2108.62456133005,2127.46102599821,0.0671783605879238,0.720852661215072,0.865578457314407,138.876855209177,0.0113084030649076,9.11156553540815,0.963688375457273,0.00356639962813652,2109.48,2121.69,0.00403103174237412,1.10622966914901,1.84747629753581,51,0.0270204209670468,1,2.24746008925815,"Exaggerated curvature (g-fact)","Noise (LM.MAE)",0.0552225285275119,"LM","g-fact. > 2",0,2,1.10622966914901,2,0.5,0.004,"LGR2","branch",0.00249315698269948,49,0.00501018653470872,0.0502123419928032,0.0602327150622206,3.53479597960165e-27,TRUE,TRUE,FALSE,FALSE,0.0552225285275119,0.00249315738422214,3.53482139079615e-27,0.0502123411859132,0.0602327158691106,0.00550180160531123,5,50,0.0441662442618805,0.0662788127931432,0.00611538461898862,10,0.0429332030316713,0.0675118540233524,0.815254086711183,0,0,TRUE,TRUE,TRUE,1.31159535032588e-26,7.22333066814865e-27
"2 4.5 stem 1","Swamp Rd","Swamp Rd bg 2","bg","stem",4.5,1.19310316191572,FALSE,1.0677856169846,2117.43886168522,2200.82229923087,0.700701155845827,0.842198083616215,0.979720964347847,45.0263940989161,0.0121303844572997,1.13603182739579,0.998453514212982,5.07239463060232e-17,1.19310316191572,2115.98128787871,2530.20491806422,0.782936903531739,0.479199460296094,0.556795872165351,34.6679306926973,0.0294564835183137,2.4688966099978,0.999500502700869,0.00189013094975078,2116.35,2199.59,0.0130679307549233,1.10622966914901,1.5238816263913,13,0.633413815762918,1,1.11736208367837,"","",1.19310316191572,"HM","",0,2,1.10622966914901,2,0.5,0.013,"LGR2","stem_up",0.0294564835183137,10,0.065633135370048,1.12747002654567,1.25873629728577,2.01387687308988e-12,TRUE,TRUE,FALSE,FALSE,1.0677856169846,0.0121303814833048,5.07239463060232e-17,1.0410868273536,1.09448440661561,0.015198717835309,2,20,1.03433346457667,1.10123776939254,0.014857817935046,4,1.03508378019822,1.10048745377098,0.3513823524815,0,0,TRUE,TRUE,TRUE,5.46070459818603e-12,8.22077750476928e-17
"2 4.5 stem 2","Swamp Rd","Swamp Rd bg 2","bg","stem",4.5,1.27467118652251,FALSE,1.24412593522807,2069.79102564103,2159.46564102564,0.815223776223765,0.627960372960691,0.763356108617044,36.5737895585711,0.0106717915869631,0.857774224038402,0.999191240931882,5.28890860288552e-17,1.27467118652251,2069.45919899111,3958.07425060194,0.835238803964019,0.618091789274179,0.738666919456814,40.499014249801,0.0413840916372478,3.24664839645035,0.999242710225837,0.000442249363231343,2070.45,2158.73,0.0140686220340856,1.10622966914901,1.52611586108424,12,0.73693899102425,1,1.02455157506932,"","",1.27467118652251,"HM","AICc",1,1,1.10622966914901,2,0.5,0.014,"LGR2","stem_up",0.0413840916372478,9,0.0936173193230975,1.18105386719941,1.36828850584561,1.96341425919152e-10,TRUE,TRUE,FALSE,FALSE,1.24412593522807,0.0106717906155559,5.28890860288552e-17,1.22034770393729,1.26790416651886,0.0108343240286098,1,10,1.21998555692492,1.26826631353123,0.0105985363875415,2,1.2205109245288,1.26774094592734,0.395800866734903,0,0,TRUE,TRUE,TRUE,4.32564703978131e-10,8.47427401144157e-17
"2 11.7 branch 1","Swamp Rd","Swamp Rd bg 2","bg","branch",11.7,0.569198589281424,FALSE,0.340194514468005,2086.36678073217,2152.60617238829,0.185026233676332,2.49583147533037,2.88911847466201,190.239129969337,0.00845019367502928,2.4839300211068,0.978257855384292,6.60509708142804e-31,0.569198589281424,2079.89403774111,2181.61045040015,0.309577805372074,0.419973109698313,0.485476854977354,60.777300251856,0.00822010846980764,1.44415475101317,0.999386084304324,0.00304353837575658,2080.74,2146.66,0.00552702566568404,1.10622966914901,1.83862854314545,37,0.167258426379638,1,1.67315628287403,"","Noise (LM.MAE)",0.569198589281424,"HM","",0,2,1.10622966914901,2,0.5,0.0055,"LGR2","branch",0.00822010846980764,34,0.0167052703037627,0.552493318977661,0.585903859585187,3.50184623856526e-38,TRUE,TRUE,FALSE,FALSE,0.340194514468005,0.00845019157536187,6.60509708142804e-31,0.323039713555628,0.357349315380381,0.0185741649057495,4,40,0.302486955032213,0.377902073903796,0.0206369271177511,8,0.298299325111534,0.382089703824475,0.951022458211616,0,0,TRUE,TRUE,TRUE,1.41074377039343e-37,1.45518545075212e-30
"2 7 stem 2","Swamp Rd","Swamp Rd bg 2","bg","stem",7,1.89209025091207,FALSE,1.58844067715552,2195.61591051973,2474.08263344048,1.03519227851583,3.57191686037803,4.02139335677895,164.391750988947,0.0150603609820593,0.948122344048027,0.997578531669424,9.34755648691059e-36,1.89209025091207,2187.37521778638,3117.11626213646,1.23308175506228,0.541209252966463,0.631632937349519,63.4706647561096,0.0106080388144173,0.560651840434346,0.999940261375482,0.00132626365433211,2188.31,2466.66,0.00608402619040671,1.10622966914901,1.53444022924214,28,0.935784229428746,1,1.19116204849419,"","Noise (LM.MAE)",1.89209025091207,"HM","",0,2,1.10622966914901,2,0.5,0.0061,"LGR2","stem_up",0.0106080388144173,25,0.0218476649073959,1.87024258600467,1.91393791581947,2.43278253469488e-40,TRUE,TRUE,FALSE,FALSE,1.58844067715552,0.0150603632320459,9.34755648691059e-36,1.5574836571754,1.61939769713565,0.0313675516199927,4,40,1.52396375138248,1.65291760292857,0.0324990105046199,8,1.52163800433651,1.65524334997453,0.952358725296516,0,0,TRUE,TRUE,TRUE,1.03946162846054e-39,2.19667577442399e-35
"2 11.7 branch 2","Swamp Rd","Swamp Rd bg 2","bg","branch",11.7,0.179085767986624,FALSE,0.0897608041328113,2075.57868733274,2093.53802872601,0.0488025581338947,0.992828145229228,1.19085630600224,127.820331001383,0.00334940807477683,3.73148180560081,0.950940511602865,2.23692362873654e-25,0.179085767986624,2073.09317652828,2097.02406437237,0.0973681518069826,0.44763874252677,0.540706957982625,70.3207358560721,0.0100556903285245,5.61501365606873,0.989885877486788,0.00406872291748435,2073.4,2092.06,0.00538266869169153,1.10622966914901,1.83926432476231,38,0.0441161175612266,1,1.9951444254181,"","",0.179085767986624,"HM","",0,2,1.10622966914901,2,0.5,0.0054,"LGR2","branch",0.0100556903285245,35,0.0204141366599679,0.158671631326656,0.199499904646592,3.99184499189865e-19,TRUE,TRUE,FALSE,FALSE,0.0897608041328113,0.00334940866618813,2.23692362873654e-25,0.0829678885100832,0.0965537197555394,0.00666914804212646,4,40,0.0762351449969241,0.103286463268698,0.00739791997428021,8,0.0747571270132401,0.104764481252382,0.784308744178223,0,0,TRUE,TRUE,TRUE,1.25077809746158e-18,4.15008199541911e-25
"4 9.1 leaf 1","Swamp Rd","Swamp Rd hem 4","hem","leaf",9.1,0.010662067620189,FALSE,0.00727424394946203,2078.54897234722,2079.28150926811,0.00433453799342176,0.338633371416007,0.403299436046379,26.1053377934003,0.00328849496436406,45.2073780754529,0.186333013802759,0.0418577057268753,0.010662067620189,2078.49617965611,2079.88722094101,0.00635325643588829,0.332153262002647,0.40099119583305,29.261341204266,0.0167751932079808,157.335273096715,0.195620228359943,0.00456726662598754,2078.04,2079.07,0.00889771447178205,0.949044220181594,1.67820514216317,18,0.00456726662598754,1,1.46572863025545,"","MDF (LM)",0.010662067620189,"HM","AICc",1,1,0.949044220181594,2,0.5,0.0089,"LGR2","leaf",0.0167751932079808,15,0.035755477939828,-0.025093410319639,0.046417545560017,0.534623898557264,FALSE,TRUE,TRUE,FALSE,0.00727424394946203,0.00328849524293722,0.0418577057268753,0.000302945457495542,0.0142455424414285,0.00205147586191015,4,40,0.00292530939857421,0.0116231785003499,0.0016697343669331,8,0.0037345652167087,0.0108139226822154,-0.413767804144185,0,0,TRUE,TRUE,TRUE,0.612861542248571,0.0479832236381253
"2 3 stem 2","Swamp Rd","Swamp Rd bg 2","bg","stem",3,0.81783212424794,FALSE,0.721322306643992,2056.23699598167,2136.04029094146,0.472208845915899,1.37214303107132,1.50148400985193,73.4284154313239,0.011140495777249,1.54445463208826,0.995960337611601,8.58939959109916e-21,0.81783212424794,2054.60507968005,2409.57825598164,0.535388355506203,1.10347915079567,1.24100545663692,69.9318987867897,0.0396232076526328,4.84490722213552,0.997240368904504,0.00150825017564518,2056.37,2135.51,0.00944033737976195,1.10622966914901,1.52754933094256,18,0.426863298901713,1,1.13379569259818,"","Noise (LM.MAE)",0.81783212424794,"HM","",0,2,1.10622966914901,2,0.5,0.0094,"LGR2","stem_up",0.0396232076526328,15,0.0844548679448247,0.733377256303115,0.902286992192765,1.99771802463478e-12,TRUE,TRUE,FALSE,FALSE,0.721322306643992,0.0111404981908306,8.58939959109916e-21,0.697705505493285,0.744939107794698,0.0123640192465591,2,20,0.695111756723538,0.747532856564446,0.0129353421195553,4,0.693900606337506,0.748744006950477,0.737282631977731,0,0,TRUE,TRUE,TRUE,5.46070459818603e-12,1.49519178067282e-20
"5 10 leaf 1","Swamp Rd","Swamp Rd rm 5","rm","leaf",10,0.00892334631231969,FALSE,0.00883580801831628,2025.59350758816,2027.10622972936,0.00491143552339786,0.453640949094179,0.551377740570263,59.5677593732558,0.00197196723430942,22.3179049411397,0.3809502067658,0.000100479748345382,0.00892334631231969,2025.59104478062,2099.33985689527,0.00496009419569299,0.453765076109612,0.551397062771346,62.1943407417427,0.00786468151169155,88.1360112722899,0.380907093177421,6.72565978145068e-05,2024.98,2027.2,0.00536904634353741,0.949044220181594,1.7990275910623,32,0.00517513875429123,1,1.00990722000998,"","",0.00892334631231969,"HM","AICc",1,1,0.949044220181594,2,0.5,0.0054,"LGR2","leaf",0.00786468151169155,29,0.0160850797536446,-0.0071617334413249,0.0250084260659643,0.265830395433455,FALSE,TRUE,FALSE,FALSE,0.00883580801831628,0.00197196678606085,0.000100479748345382,0.00480851456640333,0.0128631014702292,0.00072300393721486,13,130,0.00735923699154503,0.0103123790450875,0.000564660894818645,26,0.00768261662567776,0.00998899941095481,0.155386292568453,0,0,TRUE,TRUE,TRUE,0.320359707317241,0.000124277583479815
"5 10 stem 1","Swamp Rd","Swamp Rd rm 5","rm","stem",10,0.230820692760689,FALSE,0.230820692760689,2043.37852841433,2071.56572999586,0.14913863270653,1.70372183283522,1.95433047213816,91.0594479396553,0.0124487976625029,5.39327627588815,0.947483499927899,3.5445279565877e-13,0.492190901690909,2039.16166714038,2075.21644575195,0.318016020274581,0.375010925230458,0.467745738242878,37.0309909926468,0.0203962446567911,4.1439702738755,0.996991711758018,0.00882035703784553,2039.42,2068.68,0.00738104673434853,0.949044220181594,1.54769216112428,20,0.157146136644711,1,2.13235172204081,"Exaggerated curvature (g-fact)","Noise (LM.MAE)",0.230820692760689,"LM","g-fact. > 2",0,2,0.949044220181594,2,0.5,0.0074,"LGR2","stem_up",0.0124487976625029,18,0.0261539533836535,0.204666739377035,0.256974646144343,3.54452162847707e-13,TRUE,TRUE,FALSE,FALSE,0.230820692760689,0.0124487989584995,3.5445279565877e-13,0.204666736654248,0.256974648867131,0.0218731387603203,3,30,0.184866933449882,0.276774452071497,0.02196717121892,6,0.184669378585112,0.276972006936267,0.858680623773966,0,0,TRUE,TRUE,TRUE,9.99555099230535e-13,5.15235507091614e-13
"5 10 stem 2","Swamp Rd","Swamp Rd rm 5","rm","stem",10,0.0880818403411499,FALSE,0.0880818403411499,2029.18951763806,2039.35911746901,0.0568134068768058,1.04561059051207,1.32857579167044,72.3157505975356,0.00918847985552504,10.4317528107237,0.834701137720948,2.86644567572123e-08,0.309988414439384,2026.26936467076,2038.16703083419,0.199944708789343,0.506163909102437,0.615570762324325,46.3390029546036,0.0421543866378359,13.5986974590881,0.964514317465417,0.0168053722505548,2025.73,2037.34,0.00778502822471089,0.949044220181594,1.55037068155667,19,0.0598638142129298,1,3.5193226349355,"Exaggerated curvature (g-fact)","Noise (LM.MAE)",0.0880818403411499,"LM","g-fact. > 2",0,2,0.949044220181594,2,0.5,0.0078,"LGR2","stem_up",0.00918847985552504,17,0.0193859979357944,0.0686958424053555,0.107467838276944,2.86645420306103e-08,TRUE,TRUE,FALSE,FALSE,0.0880818403411499,0.00918847796822832,2.86644567572123e-08,0.0686958463872036,0.107467834295096,0.0142998885894071,2,20,0.0579117126339379,0.118251968048362,0.0145959071816239,4,0.0572871679967507,0.118876512685549,0.557534836869815,0,0,TRUE,TRUE,TRUE,5.9436770975236e-08,3.7772788810906e-08
"2 9.1 stem 1","Swamp Rd","Swamp Rd bg 2","bg","stem",9.1,0.58550616137488,FALSE,0.438574745841187,2111.53162465797,2225.26899403206,0.285772284859524,2.18219265952019,2.70326644555157,204.547396960099,0.00564770717586281,1.28774108163262,0.993409513543215,2.28789549538451e-44,0.58550616137488,2105.70335669556,2360.27294274813,0.381511783617421,0.459767509491119,0.602850045342152,83.9649537090163,0.00618548828373454,1.05643436257098,0.999672238181699,0.00149865421684211,2104.55,2219.79,0.00416110478357349,1.10622966914901,1.53470007092107,41,0.258329976883877,1,1.33502023754669,"","Noise (LM.MAE)",0.58550616137488,"HM","",0,2,1.10622966914901,2,0.5,0.0042,"LGR2","stem_up",0.00618548828373454,38,0.0125218663825381,0.572984294992342,0.598028027757418,9.93224319898725e-47,TRUE,TRUE,FALSE,FALSE,0.438574745841187,0.00564770743685286,2.28789549538451e-44,0.427151179289641,0.449998312392734,0.0133948751437672,5,50,0.411481053512863,0.465668438169511,0.0143779442927862,10,0.409492608471374,0.467656883211,0.914056514520601,0,0,TRUE,TRUE,TRUE,4.66815430352401e-46,6.2037166317157e-44
"5 13 stem 1","Swamp Rd","Swamp Rd rm 5","rm","stem",13,0.0704252999605578,FALSE,0.0699175558133302,2048.02546324128,2058.516007183,0.0377357695745192,0.521023620248084,0.670427764988967,66.0677546491677,0.00287468737575869,4.11153871487397,0.954732814192524,6.7780232619808e-20,0.0704252999605578,2048.0134676707,2748.3520754117,0.038009808275096,0.522073045110268,0.671488551567646,68.8661194845229,0.0114833205159968,16.3056749810482,0.954589584871577,5.42734726530348e-05,2047.56,2058.16,0.0061055808607193,0.949044220181594,1.85281913160031,29,0.0397618664884748,1,1.00726204086114,"","",0.0704252999605578,"HM","AICc",1,1,0.949044220181594,2,0.5,0.0061,"LGR2","stem_up",0.0114833205159968,26,0.0236043033740031,0.0468209965865547,0.0940296033345609,1.74941514166489e-06,TRUE,TRUE,FALSE,FALSE,0.0699175558133302,0.00287468757993932,6.7780232619808e-20,0.0640191841114639,0.0758159275151966,0.00278941350161659,0,0,0.0641941520676312,0.0756409595590293,0.00335914947428626,1,0.063025150412571,0.0768099612140895,0.306904151332511,0,0,TRUE,TRUE,TRUE,3.37900732842123e-06,1.16548936577963e-19
"5 13 stem 2","Swamp Rd","Swamp Rd rm 5","rm","stem",13,-0.00364973971229821,TRUE,-0.00363705958723098,2051.51519471702,2051.16449593386,-0.00195921107910084,0.565350474448726,0.73543990236232,49.8427790786502,0.00609245034065345,-167.510325155048,-0.0370824420588798,0.558389690582444,-0.00364973971229821,2051.51536347165,2004.17137388571,-0.00196604160824678,0.565331548759332,0.735443351407446,53.1001001466942,0.0242573096036765,-664.631220739899,-0.0370921694058286,4.15267413127056e-05,2050.25,2051.51,0.00932167232873717,0.949044220181594,1.85638986326076,19,0.00206440441597754,1,1.00348636714992,"MDF (HM)","MDF (LM)",-0.00364973971229821,"HM","AICc | MDF",1,1,0.949044220181594,2,0.5,0.0093,"LGR2","stem_up",0.0242573096036765,16,0.0514231991736844,-0.0550729388859826,0.0477734594613861,0.882282674334281,FALSE,FALSE,FALSE,FALSE,-0.00363705958723098,0.0060924498918916,0.558389690582444,-0.0164910052763128,0.00921688610185082,0.00416764751176904,9,90,-0.0124300272304796,0.00515590805601759,0.00287547661493522,17,-0.00970378494311671,0.00242966576865475,0.0987676198689896,0,0,FALSE,FALSE,FALSE,0.921495237638027,0.587559301284512
"5 13 stem 3","Swamp Rd","Swamp Rd rm 5","rm","stem",13,0.32153525662962,FALSE,0.196676573673365,2053.90237851878,2086.64729281701,0.106314656812434,1.20319975646699,1.45025807125118,121.460666311466,0.00533857830987149,2.71439460743183,0.977653341299561,1.54451217056384e-26,0.32153525662962,2050.88853646902,2102.40181076947,0.173807738375836,0.428433648594037,0.537966546671095,60.6161779001863,0.0112737208081906,3.5062160605227,0.996925088974144,0.00337403787152214,2050.4,2083.22,0.00552101364901369,0.949044220181594,1.84994787708671,32,0.112022869484513,1,1.63484267914702,"","Noise (LM.MAE)",0.32153525662962,"HM","",0,2,0.949044220181594,2,0.5,0.0055,"LGR2","stem_up",0.0112737208081906,29,0.0230573479740397,0.29847790865558,0.34459260460366,9.09080906957652e-23,TRUE,TRUE,FALSE,FALSE,0.196676573673365,0.00533857795516843,1.54451217056384e-26,0.185773742959707,0.207579404387022,0.0112351269250649,4,40,0.173731383411256,0.219621763935473,0.01153517855462,8,0.173118596232747,0.220234551113982,0.814810486417672,0,0,TRUE,TRUE,TRUE,3.05191447335783e-22,3.06727064858454e-26
"5 10 stem 3","Swamp Rd","Swamp Rd rm 5","rm","stem",10,0.155850106770026,FALSE,0.155850106770026,2031.33662787205,2052.22692955655,0.100434142713917,1.31734114128043,1.44910918831659,86.0883854435734,0.00796050518741576,5.10779578685971,0.947928899487591,1.62215912848502e-14,0.315565939025447,2028.45417230169,2055.99016409787,0.203359466429499,0.484446135152366,0.655233480847309,54.1846361450763,0.0238753356662199,7.56587854188365,0.989353994221024,0.00738522396195986,2028.94,2049.74,0.00675547175126983,0.949044220181594,1.55176419650397,22,0.105826620697084,1,2.02480412471644,"Exaggerated curvature (g-fact)","Noise (LM.MAE)",0.155850106770026,"LM","g-fact. > 2",0,2,0.949044220181594,2,0.5,0.0068,"LGR2","stem_up",0.00796050518741576,20,0.0166053228427196,0.139244783927306,0.172455429612746,1.62215521464159e-14,TRUE,TRUE,FALSE,FALSE,0.155850106770026,0.00796050619547551,1.62215912848502e-14,0.139244781824531,0.172455431715522,0.0132457669961974,3,30,0.128219920984958,0.183480292555095,0.0136361537926147,6,0.127405588397336,0.184294625142716,0.662186901607545,0,0,TRUE,TRUE,TRUE,4.86646564392478e-14,2.45940254963858e-14
"2 7 stem 1","Swamp Rd","Swamp Rd bg 2","bg","stem",7,1.7714978391706,FALSE,1.51630505090058,2179.71528871102,2523.00037447992,0.986451395887648,3.86399029532842,4.6968622116026,220.289990717823,0.0119846821854493,0.790387275853974,0.9978181420644,4.78054769083842e-47,1.7714978391706,2170.64230938568,3439.80034953791,1.15247028638723,1.69544763574432,2.01966496999605,162.064975139208,0.0229168119518299,1.29364041237325,0.99959656878719,0.000908058925623635,2172.18,2516.37,0.00474977640093523,1.10622966914901,1.5371310307044,36,0.89172386476173,1,1.16829910849302,"Noise (HM.MAE)","Noise (LM.MAE)",1.7714978391706,"HM","",0,2,1.10622966914901,2,0.5,0.0047,"LGR2","stem_up",0.0229168119518299,33,0.0466246044847677,1.72487323468583,1.81812244365537,7.02075437665896e-39,TRUE,TRUE,FALSE,FALSE,1.51630505090058,0.0119846824248449,4.78054769083842e-47,1.49194924584677,1.54066085595438,0.0247457693986424,4,40,1.46601559691134,1.56659450488981,0.0274370630468661,8,1.46054623017178,1.57206387162937,0.954511375593168,0,0,TRUE,TRUE,TRUE,2.91154813855563e-38,1.40428588418379e-46
"5 4 branch 1","Swamp Rd","Swamp Rd rm 5","rm","branch",4,0.588785538353462,FALSE,0.403049920436395,2048.51430607589,2096.03556659739,0.216992057175823,1.22915613697676,1.60093485376462,94.1813665643365,0.00983691104851012,2.44061853128749,0.987057338550236,1.59308100784162e-21,0.588785538353462,2045.31150402987,2132.90009048389,0.316987496398363,0.424575670202241,0.526446385852945,45.9795286933776,0.016837127264139,2.85963668727735,0.998600462406093,0.0036190502579325,2044.13,2092.49,0.00769778840065986,0.949044220181594,1.85744089291625,23,0.228642725556353,1,1.46082534321298,"","Noise (LM.MAE)",0.588785538353462,"HM","",0,2,0.949044220181594,2,0.5,0.0077,"LGR2","branch",0.016837127264139,20,0.0351216320299575,0.553663906323504,0.62390717038342,2.06662525153243e-19,TRUE,TRUE,FALSE,FALSE,0.403049920436395,0.00983691048140016,1.59308100784162e-21,0.382592945209928,0.423506895662862,0.0181569775129904,3,30,0.365290418621971,0.440809422250819,0.0184137308125994,6,0.364756470905424,0.441343369967365,0.796318615866527,0,0,TRUE,TRUE,TRUE,6.62259455604712e-19,2.879800283406e-21
"5 4 stem 1","Swamp Rd","Swamp Rd rm 5","rm","stem",4,0.30986085815773,FALSE,0.252513189877419,2035.58742857143,2056.77971428571,0.163017582417581,0.663095761381507,0.814720127037707,42.3927813702274,0.00903734527983673,3.57895969086758,0.983600443878638,2.73255277688977e-12,0.30986085815773,2034.87895473107,2096.92796234391,0.200040116744917,0.575221253875286,0.713233091861058,42.7122075159282,0.0360563849868348,11.6363148289226,0.987431652714771,0.00322390517497236,2035.59,2055.84,0.0105004529405787,0.949044220181594,1.54899358788543,14,0.171770270500556,1,1.22710761488598,"","",0.30986085815773,"HM","AICc",1,1,0.949044220181594,2,0.5,0.011,"LGR2","stem_up",0.0360563849868348,11,0.0793595682825743,0.230501289875156,0.389220426440304,3.28595161263924e-06,TRUE,TRUE,FALSE,FALSE,0.252513189877419,0.00903734287542353,2.73255277688977e-12,0.232822511274344,0.272203868480493,0.00875242810848372,2,20,0.233443287223914,0.271583092530923,0.00880597650836555,4,0.233326615283244,0.271699764471594,0.572796549392854,0,0,TRUE,TRUE,TRUE,6.09630496555439e-06,3.81475189645008e-12
"5 16 leaf 1","Swamp Rd","Swamp Rd rm 5","rm","leaf",16,0.0189342995154123,FALSE,0.0111335649499657,2029.69424115738,2030.73983565951,0.00618694971674497,0.428580643059781,0.474557663202897,31.9626757192142,0.0041286393141862,37.0828151875909,0.269508790787866,0.0158800299602411,0.0189342995154123,2029.58716580301,2031.20115805069,0.0105218373045917,0.41660728218844,0.469296395137121,34.9239637196773,0.0234790426910741,124.002700347918,0.285616444701547,0.006519137449213,2029.85,2030.48,0.00954093810045771,0.949044220181594,1.79952407239269,18,0.006519137449213,1,1.70065020507834,"","",0.0189342995154123,"HM","AICc",1,1,0.949044220181594,2,0.5,0.0095,"LGR2","leaf",0.0234790426910741,15,0.0500443948740684,-0.0311100953586561,0.0689786943894807,0.432593132277038,FALSE,TRUE,TRUE,FALSE,0.0111335649499657,0.00412863948027641,0.0158800299602411,0.0023812402371537,0.0198858896627778,0.00154395866412843,13,130,0.0078605187961013,0.0144066111038302,0.00149924150370392,16,0.00795531494145136,0.0143118149584801,0.0274538936733162,0,0,TRUE,TRUE,TRUE,0.512568333202205,0.0185048283007768
"5 6 stem 1","Swamp Rd","Swamp Rd rm 5","rm","stem",6,0.120043024540851,FALSE,0.0672203845519418,2035.29431578947,2043.12463157895,0.0435017543859679,0.463172668513404,0.541087820550114,38.1810642974219,0.00370234534198779,5.5077717371982,0.948073872160304,1.44497393405148e-12,0.120043024540851,2034.44544331561,2045.68495644887,0.0776859907025627,0.299256896736623,0.359121347524203,25.8611996945438,0.0147504567718641,12.2876417253586,0.977126487260775,0.00691186440030905,2034.19,2042.46,0.00771839620552509,0.949044220181594,1.54523387621407,19,0.045837436718854,1,1.78581282063469,"","",0.120043024540851,"HM","",0,2,0.949044220181594,2,0.5,0.0077,"LGR2","stem_up",0.0147504567718641,16,0.0312695714766088,0.0887734530642422,0.15131259601746,4.43695922823769e-07,TRUE,TRUE,FALSE,FALSE,0.0672203845519418,0.00370234504539954,1.44497393405148e-12,0.0594091193006438,0.0750316498032397,0.00537104358442841,2,20,0.055888473128293,0.0785522959755905,0.00535661567826249,4,0.0559189133494774,0.0785218557544061,0.269266930666199,0,0,TRUE,TRUE,TRUE,8.68904515529881e-07,2.07899310919652e-12
"5 8 stem 1","Swamp Rd","Swamp Rd rm 5","rm","stem",8,0.272383048188114,FALSE,0.209509497180621,2052.84890034153,2077.17872445552,0.135920805106101,0.693410615307106,0.787194532461569,52.4270288666161,0.00540132847622603,2.57808287877732,0.988169954333796,4.91924638535039e-18,0.272383048188114,2051.76426190807,2110.23157109904,0.176710477115339,0.484186715686423,0.570972531536797,43.481068416736,0.0187187254189633,6.87220645465269,0.993776241759092,0.00302238087506591,2051.57,2076.31,0.00774002601946643,0.949044220181594,1.54140859463771,19,0.143218621657158,1,1.30009881104955,"","",0.272383048188114,"HM","",0,2,0.949044220181594,2,0.5,0.0077,"LGR2","stem_up",0.0187187254189633,16,0.0396819252103279,0.232701122977786,0.312064973398442,1.20370612805848e-10,TRUE,TRUE,FALSE,FALSE,0.209509497180621,0.00540132705577574,4.91924638535039e-18,0.198113693217373,0.220905301143869,0.00693651209475775,1,10,0.194874735907272,0.22414425845397,0.00731300039490838,2,0.194080415026742,0.2249385793345,0.299081137009964,0,0,TRUE,TRUE,TRUE,2.77956111096368e-10,8.06527605040006e-18
"5 8 stem 2","Swamp Rd","Swamp Rd rm 5","rm","stem",8,1.19685788743809,FALSE,1.00712795872059,2040.74601640797,2188.81574548598,0.649428636307032,1.92800174578862,2.28883743908163,115.055162560331,0.0109914901461587,1.09136977590432,0.9972676581208,6.54402321495704e-30,1.19685788743809,2036.46140458664,2537.31044635205,0.771772622298804,0.691979713231973,0.872739041554832,71.6806156652906,0.0188512019615435,1.5750576705389,0.999602740812545,0.00154092861908736,2037.7,2184.98,0.00618390357858852,0.949044220181594,1.55079080658903,24,0.68429755168075,1,1.18838711315146,"","Noise (LM.MAE)",1.19685788743809,"HM","",0,2,0.949044220181594,2,0.5,0.0062,"LGR2","stem_up",0.0188512019615435,21,0.0392032205889834,1.15765466684911,1.23606110802707,1.73590295912883e-25,TRUE,TRUE,FALSE,FALSE,1.00712795872059,0.0109914887753261,6.54402321495704e-30,0.984333006173275,1.02992291126791,0.0192133456053625,3,30,0.9672819187253,1.04697399871589,0.0205699790005556,6,0.96446843326399,1.0497874841772,0.896902223891157,0,0,TRUE,TRUE,TRUE,6.27595685223498e-25,1.41954965124453e-29
"4 14.2 stem 1","Swamp Rd","Swamp Rd hem 4","hem","stem",14.2,0.0272260879554307,FALSE,0.0272260879554307,2062.52838169889,2068.90905891045,0.017338796770539,1.15474847780092,1.39227798704803,139.696745520303,0.00334164880013828,12.2737016262071,0.638607591667547,1.09218033316529e-09,0.0638453927557436,2061.34924272124,2069.40793294912,0.0406596163040114,1.03043531349819,1.27318743697554,135.407239466844,0.0225892825110666,35.3812257017315,0.697787933098523,0.00504543730484978,2062.79,2067.47,0.00394240226569732,0.949044220181594,1.57024090631777,38,0.0182697459210292,1,2.34500795194149,"Noise (HM.MAE) | Exaggerated curvature (g-fact)","Noise (LM.MAE)",0.0272260879554307,"LM","g-fact. > 2",0,2,0.949044220181594,2,0.5,0.0039,"LGR2","stem_up",0.00334164880013828,36,0.00677717788494396,0.0204489100704867,0.0340032658403747,1.09218187527954e-09,TRUE,TRUE,FALSE,FALSE,0.0272260879554307,0.00334164860077199,1.09218033316529e-09,0.0204489104748203,0.0340032654360411,0.00513914577783143,4,40,0.0168034172332468,0.0376487586776147,0.00555122040576434,8,0.0159676911523798,0.0384844847584817,0.782807784522684,0,0,TRUE,TRUE,TRUE,2.36919452945255e-09,1.45280591487081e-09
"4 14.2 stem 2","Swamp Rd","Swamp Rd hem 4","hem","stem",14.2,0.0223825058969393,FALSE,0.0223825058969393,2070.56029249335,2073.68219595009,0.0142552669257489,0.962377119887507,1.11194112415014,77.4152638540066,0.00578062014975677,25.8265101163103,0.388758371712526,0.000881926909302432,0.100283945936352,2069.15591486598,2073.40807053193,0.063870168258754,0.711687465324204,0.862775016613345,68.7037339808745,0.0483438932916584,48.2070114416331,0.632002845616725,0.0150206561745049,2068.77,2071.13,0.00650705264056398,0.949044220181594,1.57012183731968,23,0.0150206561745049,1,4.48046105284688,"Exaggerated curvature (g-fact)","Noise (LM.MAE)",0.0223825058969393,"LM","g-fact. > 2",0,2,0.949044220181594,2,0.5,0.0065,"LGR2","stem_up",0.00578062014975677,21,0.012021457694546,0.0103610482023933,0.0344039635914853,0.000881927753050699,TRUE,TRUE,TRUE,FALSE,0.0223825058969393,0.00578061955082681,0.000881926909302432,0.0103610494479364,0.0344039623459423,0.00991920723812695,2,20,0.00175438519580749,0.0430106265980711,0.00982300924152212,4,0.00195443988138198,0.0428105719124967,0.690868542671808,0,0,TRUE,TRUE,TRUE,0.00136650344154009,0.00106283499326191
"4 2 stem 1","Swamp Rd","Swamp Rd hem 4","hem","stem",2,0.0290078897698113,FALSE,0.0290078897698113,2079.27191487649,2083.21924592493,0.0137060105848598,0.445666590556993,0.533929841562391,54.4099390256362,0.00248307860826417,8.5600111830552,0.823680860135167,2.79844140751234e-12,0.0856609218073966,2078.3088488676,2083.01359577222,0.0404741437697713,0.308152513209325,0.357515146159848,33.0216589403905,0.0146615450114465,17.1157917777398,0.920946707870742,0.00860283126601546,2078.41,2081.95,0.00674023840659841,0.949044220181594,2.11643567544407,30,0.0144419093372037,1,2.95302148784861,"Exaggerated curvature (g-fact)","",0.0290078897698113,"LM","g-fact. > 2",0,2,0.949044220181594,2,0.5,0.0067,"LGR2","stem_up",0.00248307860826417,28,0.00508635595480732,0.023921533815004,0.0340942457246186,2.79845144527277e-12,TRUE,TRUE,FALSE,FALSE,0.0290078897698113,0.00248307822748352,2.79844140751234e-12,0.0239215345949978,0.0340942449446248,0.00383744000354906,3,30,0.0211472502603306,0.036868529279292,0.00405280860159514,6,0.0207060876859746,0.037309691853648,0.376688938431159,0,0,TRUE,TRUE,TRUE,7.44493686383889e-12,3.86843371038471e-12
"4 1.25 stem 1","Swamp Rd","Swamp Rd hem 4","hem","stem",1.25,0.00195212999101964,TRUE,0.00195218522370689,2081.5718412303,2081.81880723292,0.000921514935124746,0.351404038551241,0.409194925372066,36.4209936655032,0.00211681830002379,108.43327130631,-0.00556782748363549,0.364889894987031,0.00195212999101964,2081.57188968348,2311.80119919059,0.000921488862933649,0.351411680754804,0.409197804450475,39.1605181125663,0.00620630658834839,317.924862427154,-0.00558197377993652,4.00248285027837e-06,2081.57,2081.86,0.00723203127581522,0.949044220181594,2.11845207201402,28,0.000970992621343207,1,0.999971707250634,"MDF (HM)","MDF (LM)",0.00195212999101964,"HM","AICc | MDF",1,1,0.949044220181594,2,0.5,0.0072,"LGR2","stem_lo",0.00620630658834839,25,0.0127821276889103,-0.0108299976978907,0.0147342576799299,0.755721223997132,FALSE,FALSE,FALSE,FALSE,0.00195218522370689,0.00211681837198228,0.364889894987031,-0.00239899725616276,0.00630336770357654,0.00198580828278026,2,20,-0.0021297021610488,0.00603407260846257,0.00189664686613639,4,-0.00194642824434621,0.00585079869175998,0.178149129548056,0,0,FALSE,FALSE,FALSE,0.845688036377743,0.395765193793625
"4 1.25 stem 2","Swamp Rd","Swamp Rd hem 4","hem","stem",1.25,-0.0271733576652945,FALSE,-0.0145745598685329,2100.05662012205,2098.82525726443,-0.0068791221096249,0.235293302962394,0.314261925964691,17.5335819583945,0.00296384095394765,-20.3357149765236,0.562909351171132,0.000130281885934885,-0.0271733576652945,2100.21165581304,2098.44222206905,-0.0128256940308475,0.222388364836469,0.29742827929772,18.6986849989717,0.0171628605894804,-63.1606178407633,0.608481311780379,0.00724847374162252,2099.96,2099.07,0.0106386635486686,0.949044220181594,2.11866567219979,19,0.00724847374162252,1,1.8644376166695,"","",-0.0271733576652945,"HM","AICc",1,1,0.949044220181594,2,0.5,0.011,"LGR2","stem_lo",0.0171628605894804,16,0.0363836391134352,-0.0635569967787297,0.00921028144814067,0.132924878356553,FALSE,TRUE,TRUE,FALSE,-0.0145745598685329,0.00296384049538189,0.000130281885934885,-0.0208277167159028,-0.00832140302116298,0.00218228175268917,2,20,-0.0191787719055779,-0.0099703478314879,0.00208903659764353,4,-0.0189820418249051,-0.0101670779121607,0.128024668024199,0,0,TRUE,TRUE,TRUE,0.165862016356407,0.000159736921015815
"4 0.5 stem 1","Swamp Rd","Swamp Rd hem 4","hem","stem",0.5,0.278261295375868,FALSE,0.253308530990825,2105.65167961479,2131.85874068718,0.119666945536032,0.380267233509743,0.485157709000736,39.2633921077395,0.00340064252794429,1.3424903277606,0.996049931882098,6.14643997820281e-27,0.278261295375868,2105.24802146884,2256.90315066864,0.131455025017439,0.367869499651256,0.439970594528197,37.725215043279,0.0129976253171454,4.67101445049644,0.99675147648717,0.000866802367391461,2105.39,2130.77,0.00877256463371229,0.949044220181594,2.11677944862856,23,0.126092065039007,1,1.09850739841821,"","",0.278261295375868,"HM","",0,2,0.949044220181594,2,0.5,0.0088,"LGR2","stem_lo",0.0129976253171454,20,0.0271125713128227,0.251148724063045,0.305373866688691,2.93390632778812e-15,TRUE,TRUE,FALSE,FALSE,0.253308530990825,0.00340064324867392,6.14643997820281e-27,0.246236506209903,0.260380555771747,0.00381453166180781,2,20,0.245375778135777,0.261241283845872,0.0036516908054524,4,0.245714424235141,0.260902637746508,-0.150558288612994,0,0,TRUE,TRUE,TRUE,8.99306070039401e-15,1.23806862418085e-26
"4 0.5 stem 2","Swamp Rd","Swamp Rd hem 4","hem","stem",0.5,0.0216556448761376,FALSE,0.0216556448761376,2106.56522780332,2109.11696545404,0.0102479423723604,0.425260644198401,0.521156482194852,46.987056321184,0.0030110072843318,13.9040296493301,0.669867442770537,1.96851144181721e-07,0.0719193848409326,2105.80537456084,2108.95719372359,0.0340338842607091,0.307685387213216,0.370036874206569,31.9936294802291,0.0198334096129926,27.5772792785408,0.833565990579557,0.0107981716282931,2106.34,2108.54,0.00774321166189068,0.949044220181594,2.11317004812057,26,0.0107981716282931,1,3.32104563278005,"Exaggerated curvature (g-fact)","",0.0216556448761376,"LM","g-fact. > 2",0,2,0.949044220181594,2,0.5,0.0077,"LGR2","stem_lo",0.0030110072843318,24,0.00621441360318391,0.0154412312729537,0.0278700584793215,1.96851069421969e-07,TRUE,TRUE,TRUE,FALSE,0.0216556448761376,0.00301100735289769,1.96851144181721e-07,0.0154412311314407,0.0278700586208346,0.00457555272385458,3,30,0.012212168190721,0.0310991215615543,0.00489225711896962,6,0.0115585224451818,0.0317527673070935,0.434182220813441,0,0,TRUE,TRUE,TRUE,3.9092958857039e-07,2.50054156122726e-07
"4 12 stem 2","Swamp Rd","Swamp Rd hem 4","hem","stem",12,-0.0453858300106139,FALSE,-0.0427055742082037,2100.34140135231,2090.02063250234,-0.0273036212962072,0.502095060955106,0.595428655536764,76.9219710145642,0.00136782909750695,-3.20292871098825,0.962442319356079,3.46925069823812e-28,-0.0453858300106139,2100.4450412967,2011.00373363525,-0.0290172310711089,0.503658089700191,0.59332955811366,79.1372637832965,0.00564603132431212,-12.4400750696677,0.962706660903386,0.000324427625554685,2099.8,2090.09,0.00382577158358892,0.949044220181594,1.56409927258023,39,0.0287695986294325,1,1.06276126365479,"","",-0.0453858300106139,"HM","AICc",1,1,0.949044220181594,2,0.5,0.0038,"LGR2","stem_up",0.00564603132431212,36,0.0114506822581851,-0.056836512268799,-0.0339351477524288,1.49985930386568e-09,TRUE,TRUE,FALSE,FALSE,-0.0427055742082037,0.00136782933588264,3.46925069823812e-28,-0.0454770596992792,-0.0399340887171282,0.0013593271621264,0,0,-0.045459832658895,-0.0399513157575124,0.00149805891929504,1,-0.0457409298996528,-0.0396702185167545,0.178273453312951,0,0,TRUE,TRUE,TRUE,3.20424487644031e-09,7.19359335958199e-28
"2 9.1 stem 2","Swamp Rd","Swamp Rd bg 2","bg","stem",9.1,0.877353333043568,FALSE,0.743400766351266,2077.34199080157,2279.81571656244,0.484386903734127,2.28128753765369,2.79342596437182,216.989214131114,0.00542551729882067,0.729824012080322,0.997767773392629,3.37244799206315e-56,0.877353333043568,2071.60684963178,2779.86017370652,0.571668047316732,0.717038925585172,0.86426186065307,118.535710443697,0.00752604155682159,0.857811929740267,0.999786324540784,0.000807151943922827,2070.77,2273.39,0.00396672547067867,1.10622966914901,1.53472515590411,43,0.437871915066922,1,1.18018890046316,"","Noise (LM.MAE)",0.877353333043568,"HM","",0,2,1.10622966914901,2,0.5,0.004,"LGR2","stem_up",0.00752604155682159,40,0.0152106973769144,0.862142635666654,0.892564030420482,2.8194129132398e-52,TRUE,TRUE,FALSE,FALSE,0.743400766351266,0.00542551784996855,3.37244799206315e-56,0.732443710767393,0.754357821935138,0.0130704260838675,5,50,0.71700450537377,0.769797027328762,0.014061740398972,10,0.715002505499831,0.7717990272027,0.927390145472304,0,0,TRUE,TRUE,TRUE,1.47236007691412e-51,1.15979308995342e-55
"5 6 branch 1","Swamp Rd","Swamp Rd rm 5","rm","branch",6,0.0159063983585073,FALSE,0.0159063983585073,2041.08347779998,2042.61697309543,0.00856701282376221,1.03952215410346,1.1941009673934,68.260620062425,0.00989546174676521,62.2105741584976,0.0808765097678831,0.126369969662401,0.0472209134737487,2040.4455159812,2043.26291901574,0.0254326694303496,0.910012869401965,1.08813458659502,67.986471103443,0.0605091994095994,128.140679538607,0.236767255147912,0.00902699014606818,2039.68,2040.71,0.00932324468221083,0.949044220181594,1.85670299388229,19,0.00902699014606818,1,2.96867414039668,"Exaggerated curvature (g-fact)","Noise (LM.MAE)",0.0159063983585073,"LM","g-fact. > 2",0,2,0.949044220181594,2,0.5,0.0093,"LGR2","branch",0.00989546174676521,17,0.0208775993431789,-0.00497120098467163,0.0367839977016862,0.126369970827845,FALSE,TRUE,TRUE,FALSE,0.0159063983585073,0.00989546171416033,0.126369969662401,-0.00497120091588138,0.0367839976328959,0.0158784354880875,3,30,-0.017594172185881,0.0494069689028955,0.015780699192091,6,-0.017387966626068,0.0492007633430825,0.596193500342406,0,0,FALSE,FALSE,FALSE,0.15909076684577,0.142545325779188
"4 12 stem 1","Swamp Rd","Swamp Rd hem 4","hem","stem",12,-0.0273347861830706,FALSE,-0.0219431235224182,2088.82531543974,2083.27644349249,-0.0139418893146935,0.450347779249236,0.545041079114563,73.2362911351704,0.00116783411229896,-5.322096059414,0.897971869619834,3.80927799021314e-21,-0.0273347861830706,2089.0373680712,2073.66482064467,-0.0173675622349679,0.447162964137189,0.535372627526769,74.2311043265599,0.00535211129624496,-19.5798542575018,0.901559506411288,0.00112977776246721,2089.1,2084.01,0.00366102844175875,0.949044220181594,1.5738988473601,41,0.0146904527926273,1,1.24571081027476,"","",-0.0273347861830706,"HM","AICc",1,1,0.949044220181594,2,0.5,0.0037,"LGR2","stem_up",0.00535211129624496,38,0.0108347828727256,-0.0381695690557962,-0.016500003310345,9.49138405401011e-06,TRUE,TRUE,FALSE,FALSE,-0.0219431235224182,0.00116783399904005,3.80927799021314e-21,-0.0243052907483867,-0.0195809562964496,0.00114775496863375,4,40,-0.0242646770759007,-0.0196215699689356,0.000924891821273117,8,-0.0238138938113236,-0.0200723532335128,0.170098729242298,0,0,TRUE,TRUE,TRUE,1.69403183748788e-05,6.71385245775066e-21
"321071 11 stem 1","EMS","EMS rm 321071","rm","stem",11,0.112097453195656,FALSE,0.111361061776502,2063.66356044882,2074.6114278124,0.0706314023456625,1.08575026293038,1.34168922860797,543.997405833608,0.00378512186737987,3.39896352189645,0.847145696628881,2.54929080534822e-65,0.112097453195656,2063.65186744066,2857.86625204965,0.0710984628943,1.08645071708475,1.34231604042788,546.250361585819,0.0151309463288577,13.4980286326827,0.847002972630415,8.95204925422033e-05,2063.26,2074.83,0.029015012588334,2.87085876605093,1.57665086743589,157,0.0246028830052205,1,1.00661264725216,"","",0.112097453195656,"HM","AICc",1,1,2.87085876605093,2,0.5,0.029,"LGR3","stem_up",0.0151309463288577,154,0.0298910037824431,0.082206449413213,0.141988456978099,7.8764435025199e-12,TRUE,TRUE,FALSE,FALSE,0.111361061776502,0.00378512154912851,2.54929080534822e-65,0.103883981378874,0.11883814217413,0.0038745829997989,1,1,0.103707260380494,0.11901486317251,0.00361071496980075,2,0.104228501891249,0.118493621661754,-0.0921586312356958,1,0,TRUE,TRUE,TRUE,2.05662691454686e-11,9.71486496092161e-65
"321071 11 stem 2","EMS","EMS rm 321071","rm","stem",11,0.087770231805934,FALSE,0.0872321104696371,2064.35114566969,2071.88174578432,0.0553720596664007,1.05176221946173,1.29391694734226,468.924166714085,0.00442036909297321,5.06736460825605,0.739263886917158,9.63052282682605e-42,0.087770231805934,2064.34317641067,2613.73671116723,0.0557136412993656,1.05223964243524,1.29421998006402,471.110445187817,0.0177900025860539,20.2688339998791,0.739142788314054,0.000101409350082819,2066.77,2071.97,0.033012389614531,2.87085876605093,1.57538135650332,138,0.0192876293049306,1,1.00616884463072,"","",0.087770231805934,"HM","AICc",1,1,2.87085876605093,2,0.5,0.033,"LGR3","stem_up",0.0177900025860539,135,0.0351831507265049,0.0525870810794291,0.122953382532439,2.33474543892689e-06,TRUE,TRUE,FALSE,FALSE,0.0872321104696371,0.00442037009328758,9.63052282682605e-42,0.0784905599552775,0.0959736609839968,0.00419048604920907,5,5,0.0789451696240039,0.0955190513152704,0.00432220906592825,10,0.07868467935277,0.0957795415865042,-0.0909663467230158,1,0,TRUE,TRUE,TRUE,4.44071015695911e-06,2.56208248789146e-41
"321071 1.25 stem 1","EMS","EMS rm 321071","rm","stem",1.25,2.89297709850499,FALSE,2.67016897757915,2170.4093405318,2510.12978844998,1.69015148218004,2.04343745328149,2.56207973056649,964.182292808755,0.00490642792318271,0.183749716380534,0.99931843056322,1.99997773436537e-320,2.89297709850499,2165.77888744136,4442.26598749747,1.83118355879639,1.22044030432038,1.51108544459964,751.899326091586,0.01223915464279,0.423064346036991,0.999762915658915,0.000804390044095246,2165.87,2505.04,0.0213395886467859,2.72850213302296,1.57984003548311,203,0.61944297632177,1,1.08344345350302,"","",2.89297709850499,"HM","",0,2,2.72850213302296,2,0.5,0.021,"LGR3","stem_lo",0.01223915464279,200,0.0241343428205891,2.8688427556844,2.91711144132558,9.56642876626893e-247,TRUE,TRUE,FALSE,FALSE,2.67016897757915,0.00490642803338079,1.99997773436537e-320,2.66049430366504,2.67984365149326,0.016497362527085,10,10,2.63763887588266,2.70269907927564,0.0203446339924828,20,2.6300526855557,2.7102852696026,0.699657975840161,1,0,TRUE,TRUE,TRUE,3.3721661401098e-245,4.69994767575861e-319
"321071 1.25 stem 2","EMS","EMS rm 321071","rm","stem",1.25,1.66656738027325,FALSE,1.52909277981339,2105.02702420116,2413.19093364464,0.969068897621013,2.20439385144516,2.65672652501297,1544.32906812881,0.0025463223093495,0.166525036476874,0.999113405552788,0,1.66656738027325,2100.52949110942,4029.53300395042,1.05619399642292,1.36169591514556,1.72062297028172,1267.48980048574,0.00700346422659738,0.420232887640527,0.999628120073732,0.000547533474870337,2105.87,2408.69,0.0134962401413777,2.72850213302296,1.57789893326181,321,0.355165160361214,1,1.08990599018893,"","",1.66656738027325,"HM","",0,2,2.72850213302296,2,0.5,0.013,"LGR3","stem_lo",0.00700346422659738,318,0.013778979334393,1.65278840093886,1.68034635960764,0,TRUE,TRUE,FALSE,FALSE,1.52909277981339,0.00254632220165125,0,1.52408307323166,1.53410248639512,0.00855624441824888,14,14,1.51225898165965,1.54592657796713,0.0111440502720033,28,1.50716765896318,1.5510179006636,0.665471580698866,2,0,TRUE,TRUE,TRUE,0,0
"321071 1.25 stem 3","EMS","EMS rm 321071","rm","stem",1.25,2.01077860228396,FALSE,1.93715073864234,2114.65144258721,2270.80543241279,1.22955897500458,1.28246197110775,1.58302641743904,487.032460944143,0.00601327124389832,0.310418344011409,0.998777717435887,1.33867217195809e-185,2.01077860228396,2113.67744110198,4277.95572541391,1.27629245771457,1.2192286927332,1.52020075662999,478.7971228864,0.0236735283328501,1.17733142305972,0.99887280986175,0.000589708110535485,2112.28,2270.19,0.0353358799034314,2.87085876605093,1.57548420045091,128,0.428289607815132,1,1.0380083295393,"","",2.01077860228396,"HM","",0,2,2.87085876605093,2,0.5,0.035,"LGR3","stem_lo",0.0236735283328501,125,0.0468528506786707,1.96392575160529,2.05763145296263,2.03815113103755e-112,TRUE,TRUE,FALSE,FALSE,1.93715073864234,0.00601327200897475,1.33867217195809e-185,1.9252506501148,1.94905082716987,0.00591356137209666,6,6,1.92544797453389,1.94885350275078,0.00667202025795302,12,1.92394700669596,1.95035447058871,0.0763144818611889,0,0,TRUE,TRUE,TRUE,2.05270935340211e-111,8.57967164754955e-185
"300607 0.5 stem 1","EMS","EMS ro 300607","ro","stem",0.5,2.15444953916308,FALSE,1.99657920688181,2126.95380060711,2356.55033748069,1.26848915399767,1.66014074008249,2.08074493986535,793.643287761708,0.00464038347761342,0.232416698602236,0.999017841267373,2.23153385400685e-274,2.15444953916308,2123.99015979601,3738.21400374881,1.36878910881366,1.27681930825959,1.60744073352238,701.275672880875,0.0151412527508556,0.702789853074829,0.999413843038908,0.000847954956149,2124.94,2355.79,0.0248279135944438,2.87085876605093,1.57398208773765,183,0.441850072528147,1,1.07907040789422,"","",2.15444953916308,"HM","",0,2,2.87085876605093,2,0.5,0.025,"LGR3","stem_lo",0.0151412527508556,180,0.029877186627905,2.12457235253517,2.18432672579099,6.80382203183542e-187,TRUE,TRUE,FALSE,FALSE,1.99657920688181,0.00464038373627987,2.23153385400685e-274,1.98742300103425,2.00573541272938,0.0113230705112388,9,9,1.9742370105637,2.01892140319993,0.0141971200059284,18,1.96856605956374,2.02459235419989,0.465983677863369,1,0,TRUE,TRUE,TRUE,1.19917363311099e-185,4.49494676307093e-273
"300607 0.5 stem 2","EMS","EMS ro 300607","ro","stem",0.5,-0.015880105365419,FALSE,-0.0158835038564347,2069.28213355912,2065.74982582202,-0.010092307820285,1.34661027521264,1.67574467514737,1372.3172723028,0.00138994653277206,-8.75088107344127,0.269081716844814,6.32789999181244e-26,-0.015880105365419,2069.28216699401,555.220684599379,-0.0100901484341845,1.34672026187546,1.67585719300552,1374.41084969419,0.00557580236645972,-35.1118726113857,0.26898478048495,6.66429240259516e-06,2068.44,2067.42,0.0128724299072998,2.87085876605093,1.57382277069568,353,0.00351543166791439,1,0.999786036440923,"","",-0.015880105365419,"HM","AICc",1,1,2.87085876605093,2,0.5,0.013,"LGR3","stem_lo",0.00557580236645972,350,0.0109662929572373,-0.0268463983226563,-0.00491381240818168,0.00465881182046573,TRUE,TRUE,FALSE,FALSE,-0.0158835038564347,0.00138994633025834,6.32789999181244e-26,-0.0186171746314258,-0.0131498330814436,0.00241429285990622,10,10,-0.0206318036214828,-0.0111352040913865,0.00313538884383228,20,-0.0220500159468866,-0.00971699176598275,0.227235858821895,2,0,TRUE,TRUE,TRUE,0.00684262986130904,1.22223821759665e-25
"300607 1.25 stem 1","EMS","EMS ro 300607","ro","stem",1.25,1.04668129003694,FALSE,1.04013556551702,2076.41227302204,2204.48918943055,0.660190290765493,1.93363890349436,2.40448270041905,906.264141536295,0.00482511443208761,0.463892841669077,0.995821114421572,6.09048682795672e-233,1.04668129003694,2076.27442186607,11187.0354177844,0.66434496436511,1.97198766867647,2.45578524389032,916.624382599185,0.0198111400289199,1.8927576347735,0.995642442682948,7.29187127905939e-05,2082.03,2207.93,0.0231951950972561,2.87085876605093,1.57550872841674,196,0.229962650400121,1,1.00629314556383,"","",1.04668129003694,"HM","AICc",1,1,2.87085876605093,2,0.5,0.023,"LGR3","stem_lo",0.0198111400289199,193,0.0390741390126638,1.00760715102428,1.0857554290496,1.01538482774467e-116,TRUE,TRUE,FALSE,FALSE,1.04013556551702,0.0048251136003435,6.09048682795672e-233,1.03061915062204,1.04965198041199,0.014024408562315,10,10,1.0124756798459,1.06779545118814,0.0174871793480796,20,1.00564616945236,1.07462496158167,0.550904128108392,1,0,TRUE,TRUE,TRUE,1.10130200547691e-115,7.15632202284914e-232
"300607 1.25 stem 2","EMS","EMS ro 300607","ro","stem",1.25,0.0822934408972875,FALSE,0.0426513934256549,2059.21952552671,2067.09786648738,0.0270733366345854,1.2003567750459,1.52126214752948,1083.43167084338,0.00166940612046273,3.91407170171979,0.690593793535045,2.53638666755525e-76,0.0822934408972875,2058.16089941788,2068.92949917405,0.0522364651957771,1.1469431420909,1.4597084476366,1061.28358866108,0.0104588642610442,12.709231922989,0.715125782329184,0.00485081313991759,2056.73,2067.39,0.0154888943318461,2.87085876605093,1.57540217525937,293,0.00943039656103553,1,1.92944319722478,"","",0.0822934408972875,"HM","",0,2,2.87085876605093,2,0.5,0.015,"LGR3","stem_lo",0.0104588642610442,290,0.0205849054600582,0.0617085354372293,0.102878346357346,7.1796649162202e-14,TRUE,TRUE,FALSE,FALSE,0.0426513934256549,0.00166940630617982,2.53638666755525e-76,0.0393657521482886,0.0459370347030212,0.00240297519125325,10,10,0.0379219788741213,0.0473808079771885,0.00299663803240065,20,0.0367535616179436,0.0485492252333663,0.0880010186063113,1,0,TRUE,TRUE,TRUE,2.10902656913968e-13,1.08372884886452e-75
"300607 12 leaf 1","EMS","EMS ro 300607","ro","leaf",12,0.0118572269311267,TRUE,0.0106224736452702,2066.59893404031,2067.93506278235,0.00754874995499954,1.13116803519413,1.37726912067831,628.713883044909,0.00282732018074396,26.6164009924643,0.0686268302185884,0.000233161764926475,0.0118572269311267,2066.57376518001,2073.28826139721,0.00842621448184214,1.13098367256931,1.37723414844301,630.797534633236,0.0122961079845466,103.701380229704,0.0686741293087725,0.00125492877042047,2067.02,2069.56,0.0226956407050523,2.87085876605093,1.40718313741932,179,0.00262943967995451,1,1.11623971280986,"MDF (HM)","MDF (LM)",0.0118572269311267,"HM","AICc | MDF",1,1,2.87085876605093,2,0.5,0.023,"LGR3","leaf",0.0122961079845466,176,0.0242667919424503,-0.0124095650113236,0.036124018873577,0.336214963508723,FALSE,FALSE,FALSE,FALSE,0.0106224736452702,0.00282732045684765,0.000233161764926475,0.00504287772849075,0.0162020695620497,0.00223509865883442,7,7,0.0062116021007208,0.0150333451898196,0.00193836447217335,14,0.00679719431834616,0.0144477529721943,-0.0298615296767185,1,0,TRUE,TRUE,TRUE,0.401748388599407,0.00028341214529856
"300607 12 stem 1","EMS","EMS ro 300607","ro","stem",12,0.123545665992895,FALSE,0.0870853106954784,2066.19727145568,2074.82376092978,0.0556547708006608,1.19569210171883,1.49828683316455,578.660778243408,0.00416618634167385,4.78402879705196,0.736455537012277,5.89867151490645e-47,0.123545665992895,2065.64676267904,2082.45330331708,0.0789559762643937,1.17664666361791,1.47845185557556,576.582443303842,0.0212870843494317,17.2301344432883,0.743387183351411,0.00469793147589666,2065.99,2073.21,0.0287958389715942,2.87085876605093,1.56474116131738,157,0.0193861054604292,1,1.41867399916516,"","",0.123545665992895,"HM","",0,2,2.87085876605093,2,0.5,0.029,"LGR3","stem_up",0.0212870843494317,154,0.0420523809269293,0.0814932850659657,0.165598046919824,3.57906819405197e-08,TRUE,TRUE,FALSE,FALSE,0.0870853106954784,0.00416618677118791,5.89867151490645e-47,0.0788554789621017,0.095315142428855,0.00396715989257485,1,1,0.079248634096848,0.0949219872941087,0.00407779592133542,2,0.0790300851094034,0.0951405362815534,0.0227703732514606,1,0,TRUE,TRUE,TRUE,7.3137480487149e-08,1.69737282367716e-46
"300607 12 stem 2","EMS","EMS ro 300607","ro","stem",12,0.364346983440117,FALSE,0.332330975024426,2076.57118335017,2129.981209448,0.21194454800729,1.17523472519111,1.45196368495011,916.358562976225,0.00196674895212871,0.591804285466967,0.991216642275304,2.43902558849257e-261,0.364346983440117,2075.73219823432,2390.9575366117,0.232362802526486,1.13256819156886,1.40272354093937,900.896609900265,0.00811779284551149,2.228038988786,0.991802277119076,0.000737132375596997,2077.96,2130.85,0.017792618984119,2.87085876605093,1.56800907666186,254,0.073826184176533,1,1.09633771998935,"","",0.364346983440117,"HM","",0,2,2.87085876605093,2,0.5,0.018,"LGR3","stem_up",0.00811779284551149,251,0.0159876701420828,0.348359313298034,0.3803346535822,6.52155554500129e-122,TRUE,TRUE,FALSE,FALSE,0.332330975024426,0.00196674904828545,2.43902558849257e-261,0.32845761546167,0.336204334587182,0.0027190389970014,8,8,0.326976038811428,0.337685911237424,0.00316958135840811,16,0.326088730608329,0.338573219440523,0.0325128097819727,1,0,TRUE,TRUE,TRUE,7.66282776537651e-121,3.82114008863835e-260
"300607 16 leaf 1","EMS","EMS ro 300607","ro","leaf",16,0.0296002194800445,FALSE,0.0186477123137638,2065.2312318958,2067.902178828,0.0105989957627128,1.26335270216824,1.58478025381254,964.58160532513,0.00239256199946152,12.8303244880906,0.190430495508344,1.68686717812083e-13,0.0296002194800445,2064.9772790006,2069.53430176787,0.0168241870941347,1.2580877847866,1.57538679730503,963.614074069994,0.0132753555522431,44.8488416148162,0.199999163973363,0.0036919251786435,2064.83,2066.53,0.0199642108697221,2.87085876605093,1.75938482581211,255,0.0036919251786435,1,1.58733784509303,"","",0.0296002194800445,"HM","",0,2,2.87085876605093,2,0.5,0.02,"LGR3","leaf",0.0132753555522431,252,0.0261447821327769,0.00345543734726758,0.0557450016128214,0.0266481022044428,TRUE,TRUE,TRUE,FALSE,0.0186477123137638,0.00239256176258596,1.68686717812083e-13,0.0139358375353678,0.0233595870921599,0.0027882738173866,6,6,0.0131565282277965,0.0241388963997312,0.00313157788950152,12,0.0124804304049463,0.0248149942225814,0.0443960793278526,2,0,TRUE,TRUE,TRUE,0.03647944088181,2.47758616786497e-13
"300607 16 stem 1","EMS","EMS ro 300607","ro","stem",16,0.056208424594909,FALSE,0.056208424594909,2069.27275727524,2075.8578477124,0.0299322292598154,1.30508979333414,1.69846086752615,871.315576687325,0.00337494040851359,6.0043319712954,0.555669059011994,7.70141769753325e-41,0.119129434876546,2068.24008930177,2076.75145144388,0.0634390588602262,1.26844065342429,1.6548667649707,861.844943001396,0.0231149709090337,19.4032406289745,0.578185471455151,0.00745345548703191,2069.08,2075.16,0.0243939373470895,2.87085876605093,1.87785627682499,222,0.0104262284211875,1,2.1194231244712,"Exaggerated curvature (g-fact)","",0.056208424594909,"LM","g-fact. > 2",0,2,2.87085876605093,2,0.5,0.024,"LGR3","stem_up",0.00337494040851359,220,0.00665135143106436,0.0495570731638446,0.0628597760259734,7.70127791422468e-41,TRUE,TRUE,FALSE,FALSE,0.056208424594909,0.00337494090603195,7.70141769753325e-41,0.0495570721833327,0.0628597770064854,0.00355034991273299,4,4,0.0492113751319716,0.0632054740578465,0.00381722584145804,8,0.0486854145591674,0.0637314346306507,0.033466515964103,1,0,TRUE,TRUE,TRUE,3.39337558095525e-40,2.01092573213368e-40
"300607 16 stem 2","EMS","EMS ro 300607","ro","stem",16,0.0585092037322324,FALSE,0.0581032044978761,2070.23188796767,2077.57309112367,0.0309755407426303,1.38709673602164,1.69813367726427,937.469996234559,0.00301735218632405,5.1930908327687,0.608428483937434,2.24743346450598e-50,0.0585092037322324,2070.22311873385,2552.02603519469,0.0311919839824475,1.38706595549506,1.69834208989423,939.597470278684,0.01209216563337,20.6671170722299,0.608333128347591,6.47401311133042e-05,2069.78,2079.69,0.0226264311853975,2.87085876605093,1.87577692285162,239,0.0107896428444787,1,1.00698755323162,"","",0.0585092037322324,"HM","AICc",1,1,2.87085876605093,2,0.5,0.023,"LGR3","stem_up",0.01209216563337,236,0.0238223746965228,0.0346868290357096,0.0823315784287552,2.36207987072293e-06,TRUE,TRUE,FALSE,FALSE,0.0581032044978761,0.0030173520622241,2.24743346450598e-50,0.0521589484874539,0.0640474605082982,0.00378838684182131,7,7,0.0506399914587912,0.065566417536961,0.00348618794800442,14,0.0512353305355279,0.0649710784602243,0.0131123418121128,1,0,TRUE,TRUE,TRUE,4.44071015695911e-06,6.88887214120313e-50
"300607 2 stem 1","EMS","EMS ro 300607","ro","stem",2,0.103239546390021,FALSE,0.0759228017033092,2063.78217563738,2072.74650305447,0.048195308694033,1.15896957714907,1.42895331306507,673.861600755256,0.00306086545757231,4.03154966479444,0.766616416775546,6.87439667541728e-61,0.103239546390021,2063.28083811947,2082.46811935024,0.0655358034223089,1.1423181926065,1.41289763499923,671.701106347883,0.0152196930751084,14.7421154076085,0.771831535159886,0.00341558570149208,2064.56,2072.99,0.02418453161727,2.87085876605093,1.57531518649053,188,0.0167877672228122,1,1.35979632039213,"","",0.103239546390021,"HM","",0,2,2.87085876605093,2,0.5,0.024,"LGR3","stem_up",0.0152196930751084,185,0.0300264750584354,0.0732130713315856,0.133266021448456,1.53559755645998e-10,TRUE,TRUE,FALSE,FALSE,0.0759228017033092,0.00306086581992677,6.87439667541728e-61,0.0698843252648329,0.0819612781417855,0.00337534288782093,7,7,0.0692639248694424,0.082581678537176,0.00321695326276278,14,0.0695763959398128,0.0822692074668056,0.118865882579593,1,0,TRUE,TRUE,TRUE,3.43681357874376e-10,2.48535879803548e-60
"300607 2 stem 2","EMS","EMS ro 300607","ro","stem",2,0.0437734912926682,FALSE,0.0378006759550898,2056.95236972705,2060.65008188586,0.0240111179143438,1.14952266131374,1.40531724977533,551.511439823811,0.00399745740409052,10.5750950296228,0.364737180755357,5.37377651988343e-17,0.0437734912926682,2056.85837760856,2071.24157746034,0.0278050705283548,1.1466278129828,1.40462775413482,553.467032401866,0.017784177492099,40.6277337423111,0.365360390202315,0.00193316305237366,2056.09,2058.98,0.0291586434185039,2.87085876605093,1.57429887645958,155,0.00836374056372436,1,1.15800816219992,"","",0.0437734912926682,"HM","AICc",1,1,2.87085876605093,2,0.5,0.029,"LGR3","stem_up",0.017784177492099,152,0.0351360914823288,0.00863739981033938,0.078909582774997,0.0149590053526614,TRUE,TRUE,FALSE,FALSE,0.0378006759550898,0.00399745709039688,5.37377651988343e-17,0.0299033384426527,0.045698013467527,0.00348016859906885,5,5,0.0309252885761841,0.0446760633339956,0.00341167834418082,10,0.0310605972604131,0.0445407546497666,0.0120685071699301,0,0,TRUE,TRUE,TRUE,0.0213052500477299,8.51351111577037e-17
"300607 3 stem 1","EMS","EMS ro 300607","ro","stem",3,0.0496427735262945,FALSE,0.0481789261902582,2061.2201746586,2067.34600395778,0.0306291464958563,1.29115356768359,1.62643166137315,775.873313454172,0.0031143078506849,6.4640457912792,0.542481567249899,5.07288723401146e-36,0.0496427735262945,2061.18957319659,2166.19741270056,0.0315597690324809,1.29142613276089,1.62637559926044,777.941221143314,0.0127379379692413,25.6591988408834,0.542513107591664,0.000300546789473632,2062.07,2068.99,0.0224666330184635,2.87085876605093,1.57297645224218,202,0.010668984088684,1,1.03038356085928,"","",0.0496427735262945,"HM","AICc",1,1,2.87085876605093,2,0.5,0.022,"LGR3","stem_up",0.0127379379692413,199,0.0251186601387183,0.0245241133875762,0.0747614336650128,0.00013289773708424,TRUE,TRUE,FALSE,FALSE,0.0481789261902582,0.00311430874607134,5.07288723401146e-36,0.0420378325346501,0.0543200198458663,0.00181453985111331,16,16,0.0446008419102146,0.0517570104703018,0.00133965717605167,32,0.0455372612638378,0.0508205911166785,-0.0288610936449036,1,0,TRUE,TRUE,TRUE,0.000217890475917185,1.21233406778918e-35
"300607 3 stem 2","EMS","EMS ro 300607","ro","stem",3,0.0939673650987293,FALSE,0.0620188286537247,2061.11953749476,2067.14734562212,0.0393974387408924,1.16705640678026,1.45572933315661,558.849234987369,0.00418112731188587,6.74170635377643,0.588730680800252,2.39658543939134e-31,0.0939673650987293,2060.64860202127,2071.15968863793,0.0596927351013091,1.16739465087806,1.44202725231355,558.04490540011,0.0225471829569796,23.9946953213914,0.596436405213578,0.00567902608724616,2059.2,2065.5,0.0293458489185953,2.87085876605093,1.57418427785643,154,0.0137232242863297,1,1.51514253233298,"","",0.0939673650987293,"HM","",0,2,2.87085876605093,2,0.5,0.029,"LGR3","stem_up",0.0225471829569796,151,0.0445486998215264,0.0494186652772029,0.138516064920256,5.16502119999754e-05,TRUE,TRUE,FALSE,FALSE,0.0620188286537247,0.00418112804988925,2.39658543939134e-31,0.0537581993541404,0.0702794579533089,0.00419486616723035,1,1,0.05373105703913,0.0703066002683194,0.00424927345891877,2,0.0536235648833123,0.070414092424137,0.000552057947960622,0,0,TRUE,TRUE,TRUE,8.88131694145919e-05,5.36378645959014e-31
"300607 5 stem 1","EMS","EMS ro 300607","ro","stem",5,0.115491825470991,FALSE,0.072677415163514,2058.86407195147,2065.56490018998,0.0462126085414479,1.3006173547482,1.65007131059291,570.576401552812,0.00511849569320751,7.04275968220886,0.57877852965794,3.13820178607427e-29,0.115491825470991,2058.27503568008,2069.17429900134,0.0734365484548429,1.30551139400625,1.63414289626288,569.838441564671,0.028685537520673,24.837721114624,0.586871521311143,0.00673775339582648,2056.86,2067.15,0.0309241635178894,2.87085876605093,1.57267502219291,147,0.0160971375840326,1,1.58910199559451,"","",0.115491825470991,"HM","",0,2,2.87085876605093,2,0.5,0.031,"LGR3","stem_up",0.028685537520673,144,0.0566991182133056,0.0587927072576854,0.172190943684297,9.13384112823262e-05,TRUE,TRUE,FALSE,FALSE,0.072677415163514,0.00511849576543752,3.13820178607427e-29,0.0625609152616189,0.082793915065409,0.00512324975434928,17,17,0.0625515191947736,0.0828033111322543,0.00459662187724178,34,0.0635923778984318,0.0817624524285961,0.055156048578665,1,0,TRUE,TRUE,TRUE,0.000151514305774212,6.70434017934049e-29
"300607 5 stem 2","EMS","EMS ro 300607","ro","stem",5,0.08632494674787,FALSE,0.0551927050841816,2069.34963592616,2081.0793840561,0.0351190063770903,1.1969229130118,1.47304139918838,1219.88423439043,0.00131182413406942,2.37680710171496,0.840791497722317,1.54373740269344e-135,0.08632494674787,2068.35105288761,2087.86873975634,0.05492838864695,1.15151346517942,1.41880338423807,1196.72243345501,0.00705193842059881,8.16906199918718,0.852299902189328,0.00281428783115414,2068.94,2080.92,0.0134681046013477,2.87085876605093,1.5715907361259,336,0.0122329272315263,1,1.56406442873573,"","",0.08632494674787,"HM","",0,2,2.87085876605093,2,0.5,0.013,"LGR3","stem_up",0.00705193842059881,333,0.0138719628796415,0.0724529838682285,0.100196909627512,1.05662578410459e-28,TRUE,TRUE,FALSE,FALSE,0.0551927050841816,0.00131182391381084,1.54373740269344e-135,0.0526122268065593,0.057773183361804,0.00158569046952425,6,6,0.0520735061059031,0.0583119040624602,0.00189739189038693,12,0.0514603607460937,0.0589250494222696,0.0473926333092398,1,0,TRUE,TRUE,TRUE,4.13845098774298e-28,8.0617397696213e-135
"300607 7 stem 1","EMS","EMS ro 300607","ro","stem",7,0.069440908937748,FALSE,0.0479848031222971,2064.3235845501,2069.39195365114,0.0305323439821682,1.09969976940052,1.40324385318065,596.741984343341,0.0035608696890034,7.4208279649037,0.519550950826137,1.95038264940273e-28,0.069440908937748,2063.97403190467,2073.53210097396,0.0441846914056953,1.09665943926116,1.39420480714069,596.669684528675,0.0185474858503923,26.7097394520277,0.525720675226366,0.00462276335161606,2065.54,2067.33,0.0270171122478477,2.87085876605093,1.57160561109627,168,0.0106352650792946,1,1.44714377093028,"","",0.069440908937748,"HM","",0,2,2.87085876605093,2,0.5,0.027,"LGR3","stem_up",0.0185474858503923,165,0.0366210023865073,0.0328199065512407,0.106061911324255,0.00024987812506628,TRUE,TRUE,FALSE,FALSE,0.0479848031222971,0.00356086880784395,1.95038264940273e-28,0.0409543741461627,0.0550152320984315,0.00372905940045878,3,3,0.0406223057438593,0.0553473005007348,0.00389734728317948,6,0.0402900452560802,0.055679560988514,0.0538293602425234,1,0,TRUE,TRUE,TRUE,0.000400372904935743,4.10453662038486e-28
"300607 7 stem 2","EMS","EMS ro 300607","ro","stem",7,0.085100872361674,FALSE,0.0839353799872588,2070.18117357543,2077.54623198827,0.0533699884988297,1.17939647678015,1.46107109183637,509.646801448076,0.00486861625629564,5.80043392552066,0.68062166584876,3.11395391718486e-36,0.085100872361674,2070.16410982364,2332.38565747483,0.0541110623419153,1.17914550076548,1.46116209563067,511.784066601094,0.0196911204060398,23.1385646933836,0.680582216864933,0.00020635627707413,2068.9,2078.36,0.0324821658149047,2.87085876605093,1.57270747751987,140,0.0185902522025645,1,1.01388559120828,"","",0.085100872361674,"HM","AICc",1,1,2.87085876605093,2,0.5,0.032,"LGR3","stem_up",0.0196911204060398,137,0.0389378360962213,0.0461630362654527,0.124038708457895,2.95494782120677e-05,TRUE,TRUE,FALSE,FALSE,0.0839353799872588,0.00486861773455,3.11395391718486e-36,0.0743086448959545,0.0935621150785631,0.00251582183872301,12,12,0.0789608365544413,0.0889099234200763,0.00193592339336339,24,0.0801074718044672,0.0877632881700504,-0.156902263386774,1,0,TRUE,TRUE,TRUE,5.14379805913771e-05,7.57012935039767e-36
"300607 8 leaf 1","EMS","EMS ro 300607","ro","leaf",8,0.0276726240681998,FALSE,0.0184521880667087,2065.96076027339,2068.31926975836,0.00970580034965956,1.19503386865598,1.44094395514114,880.375693714847,0.00249918108702005,13.5440906952876,0.179867907991011,2.45357828991164e-12,0.0276726240681998,2065.77107205395,2070.07647990578,0.0145557244152367,1.19460792760469,1.43526209216654,880.506810764972,0.0133381563683458,48.1998249803619,0.186322969403028,0.00338080035996009,2066.83,2068.54,0.0223685854037724,2.87085876605093,1.90115059056989,245,0.00338080035996009,1,1.49969336797117,"","MDF (LM)",0.0276726240681998,"HM","AICc",1,1,2.87085876605093,2,0.5,0.022,"LGR3","leaf",0.0133381563683458,242,0.0262737022758325,0.00139892179236727,0.0539463263440323,0.0390718773829497,TRUE,TRUE,TRUE,FALSE,0.0184521880667087,0.00249918054879874,2.45357828991164e-12,0.0135293662121364,0.023375009921281,0.00233871270227008,2,2,0.0138454516675178,0.0230589244658996,0.0022289922125193,4,0.0140615762788826,0.0228427998545348,0.0308548347689171,1,0,TRUE,TRUE,TRUE,0.0514872402896814,3.45954538877541e-12
"300607 9 stem 1","EMS","EMS ro 300607","ro","stem",9,0.0259977076114635,TRUE,0.0258999435635044,2069.32388083736,2071.96108810674,0.0164825454336351,1.13212657869273,1.44061656542728,580.603997881823,0.00386275848155652,14.914157909593,0.215523031644926,3.33053720053251e-10,0.0259977076114635,2069.32208632542,2349.02591813331,0.0165447617994087,1.13221650194193,1.44065782995997,582.716765022979,0.0154597491511309,59.4658166872915,0.215478629688654,5.91510015878935e-05,2070.01,2072.04,0.0280195068784583,2.87085876605093,1.57135581198834,161,0.00574132925957484,1,1.00377468189146,"MDF (HM)","MDF (LM)",0.0259977076114635,"HM","AICc | MDF",1,1,2.87085876605093,2,0.5,0.028,"LGR3","stem_up",0.0154597491511309,158,0.030534427994516,-0.00453672038305246,0.0565321356059795,0.0946144884318295,FALSE,FALSE,FALSE,FALSE,0.0258999435635044,0.00386275801938013,3.33053720053251e-10,0.0182710111043914,0.0335288760226173,0.00347094307140826,2,2,0.0190448441427416,0.0327550429842672,0.00329863364029689,4,0.0193851546166106,0.0324147325103981,-0.123866921579382,0,0,TRUE,TRUE,TRUE,0.120185971791783,4.47243566928652e-10
"300607 9 stem 2","EMS","EMS ro 300607","ro","stem",9,0.123496580439296,FALSE,0.0813814734969254,2067.15106349238,2076.43282369377,0.0518534089462924,1.16187105627365,1.43733327727239,651.121143388953,0.00324873989414756,3.9919895211412,0.776816446764448,2.07702879170496e-60,0.123496580439296,2066.42336426939,2082.54880062517,0.0786876719457464,1.13878669311858,1.40616286840767,645.276015927694,0.0173585209190253,14.0558717150535,0.78639152584349,0.00487972357520423,2069.71,2075.47,0.0250315393733621,2.87085876605093,1.56945271585166,181,0.0180619853402334,1,1.51750238884483,"","",0.123496580439296,"HM","",0,2,2.87085876605093,2,0.5,0.025,"LGR3","stem_up",0.0173585209190253,178,0.0342549734350794,0.0892416070042166,0.157751553874375,2.64471288898109e-11,TRUE,TRUE,FALSE,FALSE,0.0813814734969254,0.00324873930596553,2.07702879170496e-60,0.0749707185713292,0.0877922284225215,0.00407581682160513,5,5,0.0733386420155095,0.0894243049783413,0.00424302261313441,10,0.073008693918515,0.0897542530753357,0.0710989786053485,1,0,TRUE,TRUE,TRUE,6.42938823010919e-11,7.32152649075998e-60
"321071 0.5 stem 1","EMS","EMS rm 321071","rm","stem",0.5,5.39049349142233,FALSE,3.51956678910852,2430.03697394388,3377.06940854745,2.22831161083193,27.1086778756815,31.6490901744886,4177.89923606512,0.0197040507383794,0.559843069304853,0.986793121689927,0,5.39049349142233,2353.42933147907,3979.79066180287,3.41283457731819,1.85302785058377,2.31647941390776,1941.78749655148,0.00793811112191133,0.147261306122397,0.999929248670225,0.00209844793631358,2355.15,3315.14,0.0101164464344451,2.72850213302296,1.57947693311821,428,0.816679446155734,1,1.53157868977042,"","Noise (LM.MAE)",5.39049349142233,"HM","",0,2,2.72850213302296,2,0.5,0.01,"LGR3","stem_lo",0.00793811112191133,425,0.0156028452771582,5.37489064614517,5.40609633669949,0,TRUE,TRUE,FALSE,FALSE,3.51956678910852,0.019704049904026,0,3.48083752766196,3.55829605055509,0.094207780368052,16,16,3.33439684821079,3.70473673000626,0.123221425040693,32,3.27736912875628,3.76176444946077,0.996955735058312,2,0,TRUE,TRUE,TRUE,0,0
"321071 0.5 stem 2","EMS","EMS rm 321071","rm","stem",0.5,0.9175646445629,FALSE,0.833785871450868,2060.15574208557,2205.29006964989,0.527761191142983,1.43497082068766,1.75970523067447,1105.27091658169,0.00210793767726628,0.252815231037469,0.998239025267958,0,0.9175646445629,2057.77613161576,2883.78516606122,0.580790615847872,1.11394393621936,1.40694646906244,983.38664533434,0.00721609324120145,0.786439765738683,0.998874285079876,0.00070312864826931,2060.76,2204.25,0.0156182473296627,2.72850213302296,1.57985445963755,277,0.193425244113065,1,1.10047996251873,"","",0.9175646445629,"HM","",0,2,2.72850213302296,2,0.5,0.016,"LGR3","stem_lo",0.00721609324120145,274,0.01420603143934,0.90335861312356,0.93177067600224,1.17655328540912e-245,TRUE,TRUE,FALSE,FALSE,0.833785871450868,0.00210793829054277,0,0.829636125382079,0.837935617519658,0.00557579646309409,13,13,0.822809203131448,0.844762539770288,0.00716501066023562,26,0.819680631770209,0.847891111131528,0.387090980688916,1,0,TRUE,TRUE,TRUE,3.31788026485373e-244,0
"321071 0.5 stem 3","EMS","EMS rm 321071","rm","stem",0.5,1.6689085153475,FALSE,1.56216041409347,2127.08502321782,2239.32227460071,0.99325001223789,1.25833406462749,1.55186455453546,433.647222523093,0.00697259300082498,0.446342957990727,0.997733971138086,1.70304046791354e-151,1.6689085153475,2125.83479511128,3027.11787063648,1.06112239712255,1.15319178663318,1.44636715563931,419.602149630239,0.0273444331335612,1.63846207758534,0.99803159294888,0.00117734641417094,2126.04,2237.37,0.0396071894367791,2.87085876605093,1.57277663714674,115,0.345976619952008,1,1.06833363609202,"","",1.6689085153475,"HM","",0,2,2.87085876605093,2,0.5,0.04,"LGR3","stem_lo",0.0273444331335612,112,0.054179489104608,1.61472902624289,1.72308800445211,8.61583998413487e-88,TRUE,TRUE,FALSE,FALSE,1.56216041409347,0.00697259139218747,1.70304046791354e-151,1.54834645297304,1.5759743752139,0.0090670450745833,5,5,1.54419696247378,1.58012386571316,0.0106301102828206,10,1.54110024838273,1.58322057980421,0.19012760353642,1,0,TRUE,TRUE,TRUE,6.39386019875272e-87,9.60514823903238e-151
"321902 6 stem 1","EMS","EMS hem 321902","hem","stem",6,0.0236440093599769,FALSE,0.0199494052391898,2077.56077794068,2080.4120805438,0.0126724560138642,1.16553925537903,1.40413139908427,804.401893596676,0.00226193718268821,11.3383690168603,0.253597209822954,3.22062234623914e-16,0.0236440093599769,2077.47588012217,2087.25658313409,0.0150193785234807,1.16469277946392,1.40352110476413,806.277080146206,0.0102445360104189,43.3282522200326,0.254245904747354,0.0015356133915093,2074.68,2082.63,0.0199973546298136,2.87085876605093,1.57423353589583,227,0.00441416908547407,1,1.18519871026176,"","",0.0236440093599769,"HM","AICc",1,1,2.87085876605093,2,0.5,0.02,"LGR3","stem_up",0.0102445360104189,224,0.0201879949535394,0.00345601440643752,0.0438320043135163,0.0219136167926502,TRUE,TRUE,FALSE,FALSE,0.0199494052391898,0.00226193651584041,3.22062234623914e-16,0.0154921159499085,0.0244066945284712,0.00230089713352595,6,6,0.0154153415830342,0.0244834688953455,0.00204744722108184,12,0.0159147807017694,0.0239840297766102,0.00723019999677822,1,0,TRUE,TRUE,TRUE,0.0306631667777834,5.04564167577465e-16
"321902 6 stem 2","EMS","EMS hem 321902","hem","stem",6,0.0194889512886363,FALSE,0.0194417254350163,2077.61102740749,2080.51384970976,0.0123524353288304,1.22719090448154,1.50338504136379,871.938798195324,0.00227045612860818,11.6782645460001,0.234570169175755,1.45993553210529e-15,0.0194889512886363,2077.60967414276,2484.08102543756,0.0123824406030351,1.22710067028728,1.50344548512171,874.02726453467,0.00905752236092387,46.4751654759648,0.234509439478356,3.0463255438769e-05,2075.77,2079.02,0.0191461757582828,2.87085876605093,1.57391841507072,237,0.00430269697517097,1,1.00242909785851,"","",0.0194889512886363,"HM","AICc",1,1,2.87085876605093,2,0.5,0.019,"LGR3","stem_up",0.00905752236092387,234,0.0178447106725196,0.00164424061611672,0.0373336619611559,0.0324458875267352,TRUE,TRUE,FALSE,FALSE,0.0194417254350163,0.00227045672736863,1.45993553210529e-15,0.014968675790483,0.0239147750795495,0.00201749295149422,6,6,0.0154670422707225,0.02341640859931,0.00200651883300188,12,0.0154886624919888,0.0233947883780437,-0.0124031090062439,1,0,TRUE,TRUE,TRUE,0.0439891359737467,2.26209791238292e-15
"321902 9 branch 1","EMS","EMS hem 321902","hem","branch",9,0.0701603675616534,FALSE,0.0701582968557728,2073.28936590862,2078.74237131483,0.0373493520973507,1.52937024615454,1.88406462120967,613.668189264289,0.00692517755102078,9.87078914594684,0.4087722958543,1.3451324320106e-18,0.0701603675616534,2073.28898081746,3943.11414751933,0.0373504544548265,1.52973425360011,1.88428745957055,615.816250304187,0.0275382614101111,39.2504520246588,0.408634553153495,1.99753726283981e-05,2075.36,2080.46,0.0366851634194902,2.87085876605093,1.87843410704705,148,0.0130098187131398,1,1.00002951476837,"","",0.0701603675616534,"HM","AICc",1,1,2.87085876605093,2,0.5,0.037,"LGR3","branch",0.0275382614101111,145,0.0544282601022989,0.0157321074593545,0.124588627663952,0.0118838423434352,TRUE,TRUE,FALSE,FALSE,0.0701582968557728,0.00692517794566856,1.3451324320106e-18,0.0564717515155619,0.0838448421959837,0.008968677550546,5,5,0.0524330899512982,0.0878835037602474,0.0105899015584509,10,0.0492289909281521,0.0910876027833934,0.215986682117889,1,0,TRUE,TRUE,TRUE,0.0172744512414882,2.23133732839405e-18
"321902 9 stem 1","EMS","EMS hem 321902","hem","stem",9,0.0287111543663394,FALSE,0.0181481943210703,2066.36408405425,2069.09722478593,0.0115811047952361,1.31836089704692,1.64807709160377,923.167948566755,0.00244287087026629,13.4606827932743,0.185463421858825,1.97124107609007e-12,0.0287111543663394,2066.12009271136,2070.66190374433,0.0183217614725854,1.31176912630141,1.64235922888615,923.575497425593,0.0135906856338027,47.3359080599567,0.191105547601237,0.00403402108532381,2064.29,2068.73,0.018982215998117,2.87085876605093,1.56705207680493,239,0.00403402108532381,1,1.58203917471864,"","MDF (LM)",0.0287111543663394,"HM","AICc",1,1,2.87085876605093,2,0.5,0.019,"LGR3","stem_up",0.0135906856338027,236,0.0267745592780859,0.00193659508825353,0.0554857136444253,0.0356891039796104,TRUE,TRUE,TRUE,FALSE,0.0181481943210703,0.00244287098999717,1.97124107609007e-12,0.0133356798164575,0.022960708825683,0.00200669265796741,6,6,0.0141949616033739,0.0221014270387666,0.0018411282520727,12,0.0145211274582547,0.0217752611838858,0.0407859799188533,2,0,TRUE,TRUE,TRUE,0.0479253682011911,2.80752516897677e-12
"321902 9 stem 2","EMS","EMS hem 321902","hem","stem",9,0.0289167104951771,FALSE,0.0285929140272366,2062.39419342858,2067.43835722564,0.0182099776067141,1.31764543802655,1.66284612050118,1085.46970732676,0.00194777988354288,6.81210694960121,0.434644528596983,1.63461740726683e-36,0.0289167104951771,2062.38448375846,2280.53045645902,0.0184161939589444,1.3176022745191,1.66288355838493,1087.54081323922,0.00786778466735269,27.2084359964281,0.434619340149345,8.44214253921759e-05,2061.56,2066.97,0.0162149658511614,2.87085876605093,1.57017842881335,280,0.00634304195735942,1,1.01132436056123,"","",0.0289167104951771,"HM","AICc",1,1,2.87085876605093,2,0.5,0.016,"LGR3","stem_up",0.00786778466735269,277,0.0154882458889166,0.0134284646062605,0.0444049563840937,0.000285176293833706,TRUE,TRUE,FALSE,FALSE,0.0285929140272366,0.00194778041547876,1.63461740726683e-36,0.0247586421042267,0.0324271859502465,0.00190319580746499,3,3,0.0248464084198479,0.0323394196346253,0.00187218258194757,6,0.0249074590079421,0.0322783690465311,-0.0354735708566379,2,0,TRUE,TRUE,TRUE,0.000451796150905085,4.04352727060742e-36
"321071 14 stem 1","EMS","EMS rm 321071","rm","stem",14,0.112489557149351,FALSE,0.112489557149351,2079.64118860984,2089.76877489766,0.0713210301959256,1.35097356879466,1.62823997805561,555.225629189292,0.00521143700483054,4.63281849168574,0.764770781321458,1.09996361801572e-46,0.283697958370865,2077.60538131313,2089.88765421852,0.179871191319803,1.22586996860027,1.46512334204574,526.940623604064,0.0379107723938037,13.3630755087228,0.809540423821898,0.01464478054717,2077.73,2088.2,0.0316643363020756,2.87085876605093,1.57722843935837,144,0.0248430995767977,1,2.52199373488689,"Exaggerated curvature (g-fact)","",0.112489557149351,"LM","g-fact. > 2",0,2,2.87085876605093,2,0.5,0.032,"LGR3","stem_up",0.00521143700483054,142,0.0103020259637741,0.102187531185577,0.122791583113125,1.09993020133401e-46,TRUE,TRUE,FALSE,FALSE,0.112489557149351,0.00521143845654741,1.09996361801572e-46,0.102187528315807,0.122791585982895,0.00879311925820294,6,6,0.0951072223314109,0.129871891967292,0.0106400039922915,12,0.0914562802850919,0.133522834013611,0.15118272327076,1,0,TRUE,TRUE,TRUE,5.00290833509985e-46,3.10189740280432e-46
"321071 14 stem 2","EMS","EMS rm 321071","rm","stem",14,0.0783118941285594,FALSE,0.078124981758449,2069.91846513165,2080.02566079956,0.0495450768034753,1.16243460067159,1.46683957301237,748.562863592605,0.00273198522119415,3.49694189963596,0.799364901477575,2.65044123084763e-73,0.0783118941285594,2069.9138595161,3484.03103643166,0.0496636123541302,1.16289493277565,1.46762250615136,750.862905130457,0.0109544102499458,13.9881819637291,0.799153538821205,3.51198706619598e-05,2071.44,2078.92,0.0220824568004824,2.87085876605093,1.57684651632166,206,0.0172579290173958,1,1.00239247889604,"","",0.0783118941285594,"HM","AICc",1,1,2.87085876605093,2,0.5,0.022,"LGR3","stem_up",0.0109544102499458,203,0.0215990171636193,0.0567128769649401,0.0999109112921787,1.54739450428696e-11,TRUE,TRUE,FALSE,FALSE,0.078124981758449,0.00273198438319143,2.65044123084763e-73,0.0727384349994027,0.0835115285174952,0.00333981489496909,1,1,0.0715399993518897,0.0847099641650082,0.00362012629257905,2,0.0709873203323428,0.0852626431845551,0.131752990046863,1,0,TRUE,TRUE,TRUE,3.89611830543681e-11,1.06774918157005e-72
"321071 16 leaf 1","EMS","EMS rm 321071","rm","leaf",16,-0.0119514320391552,TRUE,-0.0119556012582272,2061.64713683895,2059.200727777,-0.0105448666463227,1.25670385300057,1.58906062033491,886.918522596414,0.0017612249688707,-14.7313792993784,0.162111844285512,9.39865707376718e-11,-0.0119514320391552,2061.64708145017,846.072852248078,-0.0105411893859169,1.25670872761273,1.58911816573526,889.005794856872,0.00695010845755811,-58.1529346005417,0.162051859678442,8.67177761150482e-06,2059.71,2059.04,0.0139696728848489,2.87085876605093,1.133784016358,234,0.00367307050107097,1,0.99965127483077,"MDF (HM)","MDF (LM)",-0.0119514320391552,"HM","AICc | MDF",1,1,2.87085876605093,2,0.5,0.014,"LGR3","leaf",0.00695010845755811,231,0.0136937059744952,-0.0256451380136504,0.00174227393534002,0.0868439414932617,FALSE,FALSE,FALSE,FALSE,-0.0119556012582272,0.0017612249942813,9.39865707376718e-11,-0.0154256406010466,-0.00848556191540785,0.00278007961480673,5,5,-0.0174330307012986,-0.0064781718151559,0.00313624004503817,10,-0.0181347529169561,-0.00577644959949832,0.165210075417432,1,0,TRUE,TRUE,TRUE,0.11227688964741,1.27424100711651e-10
"321071 16 stem 1","EMS","EMS rm 321071","rm","stem",16,0.0745845038225953,FALSE,0.0743672971129248,2054.75537783561,2062.86609571313,0.0389938359496419,1.51422534133671,1.86263254768131,863.306839617788,0.00408688889560464,5.49554583031142,0.612327273346128,6.77184660043115e-45,0.0745845038225953,2054.75115939121,3097.99171418576,0.0391077263710081,1.51468902828284,1.86300616837927,865.469694991954,0.0163856857306173,21.9692897194729,0.612173149001659,3.74867773221388e-05,2057.15,2060.08,0.0261970011124621,2.87085876605093,1.90715520291375,210,0.013582638202464,1,1.00292072884323,"","",0.0745845038225953,"HM","AICc",1,1,2.87085876605093,2,0.5,0.026,"LGR3","stem_up",0.0163856857306173,207,0.0323042219820697,0.0422802818405256,0.106888725804665,9.06400753325044e-06,TRUE,TRUE,FALSE,FALSE,0.0743672971129248,0.00408688933043346,6.77184660043115e-45,0.0663102618413717,0.0824243323844779,0.00351914370205791,7,7,0.0674295352503746,0.081305058975475,0.00343087847208232,14,0.0676035443838908,0.0811310498419589,-0.0635926168647029,1,0,TRUE,TRUE,TRUE,1.63849366947219e-05,1.87221641306038e-44
"321071 16 stem 2","EMS","EMS rm 321071","rm","stem",16,0.0391498716528223,FALSE,0.0389665694206419,2061.81287571959,2066.5673048093,0.0204932288349564,1.22017476482192,1.49530430795342,858.457898094479,0.00278079852489218,7.13636988381918,0.456060474437032,9.8431285294245e-33,0.0391498716528223,2061.8090034493,2490.58675276076,0.0205896308186538,1.2202906039168,1.49544279302289,860.571563775867,0.0111232837333312,28.4120567034587,0.455960566639977,4.8019354669679e-05,2061.41,2067.59,0.0234281334734412,2.87085876605093,1.90143631023016,234,0.00713836189968562,1,1.00470408955435,"","",0.0391498716528223,"HM","AICc",1,1,2.87085876605093,2,0.5,0.023,"LGR3","stem_up",0.0111232837333312,231,0.0219160575471997,0.0172338141056226,0.061065929200022,0.000520404382547659,TRUE,TRUE,FALSE,FALSE,0.0389665694206419,0.00278079897859538,9.8431285294245e-33,0.0334877226568668,0.044445416184417,0.00404173219575497,9,9,0.0310033791536695,0.0469297596876144,0.00488591104667593,18,0.0293401425799305,0.0485929962613533,0.0918461143838206,1,0,TRUE,TRUE,TRUE,0.000815300199324666,2.23851793975622e-32
"321071 18 leaf 2","EMS","EMS rm 321071","rm","leaf",18,0.00965845954293792,TRUE,0.00965136617903286,2063.76355635815,2065.99218124565,0.0069644527734513,1.08945849028001,1.39604420081162,1138.24268999712,0.00116428957844119,12.0634691176733,0.173756537153652,3.14887570380767e-15,0.00965845954293792,2063.76320158836,2634.98036780017,0.00696957136464402,1.08950090062383,1.39609210460264,1140.31540748238,0.00465542144941289,48.2004550385765,0.17370044137695,1.22012638570803e-05,2063.22,2069.74,0.0123939172102154,2.87085876605093,1.38580395229675,323,0.00242591271148856,1,1.00073495956671,"MDF (HM)","MDF (LM)",0.00965845954293792,"HM","AICc | MDF",1,1,2.87085876605093,2,0.5,0.012,"LGR3","leaf",0.00465542144941289,320,0.00915909931446773,0.000499360228470191,0.0188175588574056,0.0388161958951783,TRUE,FALSE,FALSE,FALSE,0.00965136617903286,0.00116428953836308,3.14887570380767e-15,0.00736076423959293,0.0119419681184728,0.00133387533271347,10,10,0.00702712425001904,0.0122756081080467,0.00137990402561338,20,0.00693656824161012,0.0123661641164556,0.0727832782851981,2,0,TRUE,TRUE,TRUE,0.0514872402896814,4.8259942851835e-15
"321071 18 stem 1","EMS","EMS rm 321071","rm","stem",18,0.0215773529720527,FALSE,0.013154192094954,2065.59933858727,2068.55175290757,0.00693055004765212,1.26945123396419,1.60948178457402,1631.83844622329,0.00119990790777903,9.12186699964133,0.21780776780422,8.27244242374368e-25,0.0215773529720527,2065.30854206253,2070.01772773359,0.011368461368755,1.25653221360289,1.60230456781849,1630.04165033853,0.00688795456407142,31.9221480641893,0.224768326140893,0.00241410344862962,2064.18,2067.41,0.0127608742274376,2.87085876605093,1.89800116938918,429,0.00241410344862962,1,1.64034041895511,"","",0.0215773529720527,"HM","",0,2,2.87085876605093,2,0.5,0.013,"LGR3","stem_up",0.00688795456407142,426,0.0135386072631421,0.0080387457089106,0.0351159602351948,0.00185209640370125,TRUE,TRUE,TRUE,FALSE,0.013154192094954,0.00119990801486613,8.27244242374368e-25,0.0107957306933747,0.0155126534965332,0.00109899647267986,1,1,0.0109940758783985,0.0153143083115094,0.00107872659712141,2,0.0110339170316595,0.0152744671582484,-0.093595321215932,2,0,TRUE,TRUE,TRUE,0.00277814460555188,1.51482387239982e-24
"321071 18 stem 2","EMS","EMS rm 321071","rm","stem",18,0.0256973906247828,FALSE,0.0164455531437831,2066.30985826803,2068.96469015228,0.00867592119035907,1.37337200810897,1.69556264548029,1209.29574337721,0.00206642586941423,12.5652560990045,0.168325051175393,3.39631300696865e-14,0.0256973906247828,2066.07937272791,2070.56530144644,0.0135567672251127,1.36135480150962,1.69053839980773,1209.51467429153,0.0113676989471622,44.236783077108,0.173246542464534,0.0030220647887508,2065.84,2069.61,0.0177258201792964,2.87085876605093,1.89553971076384,309,0.0030220647887508,1,1.56257380947367,"","MDF (LM)",0.0256973906247828,"HM","AICc",1,1,2.87085876605093,2,0.5,0.018,"LGR3","stem_up",0.0113676989471622,306,0.0223687525171781,0.00332863810760465,0.048066143141961,0.024488777235328,TRUE,TRUE,TRUE,FALSE,0.0164455531437831,0.00206642555410298,3.39631300696865e-14,0.0123794035905861,0.02051170269698,0.00240573830173681,16,16,0.0117117306737245,0.0211793756138416,0.00257715980751735,32,0.0113744209275525,0.0215166853600137,0.0858613116829975,2,0,TRUE,TRUE,TRUE,0.0338521332370711,5.09446951045297e-14
"321071 2 stem 1","EMS","EMS rm 321071","rm","stem",2,1.58462098682701,FALSE,1.42813321489378,2105.45261903613,2394.68233486022,0.906676225153858,2.24404132275137,2.77864489431019,1573.13472571172,0.00265684159826499,0.186035978335718,0.998893720595553,0,1.58462098682701,2100.28805616235,3627.41736922608,1.00602532008385,1.22341999312944,1.57272252546419,1209.78799155059,0.00648223188933753,0.409071439998869,0.999645592466649,0.00065876891464126,2101.34,2385.24,0.0134304576394449,2.72850213302296,1.57513032246041,321,0.332298155160075,1,1.10957505245396,"","",1.58462098682701,"HM","",0,2,2.72850213302296,2,0.5,0.013,"LGR3","stem_up",0.00648223188933753,318,0.012753479757163,1.57186750706985,1.59737446658417,0,TRUE,TRUE,FALSE,FALSE,1.42813321489378,0.00265684214217326,0,1.42290606824375,1.43336036154381,0.0103101295936544,14,14,1.40784877325859,1.44841765652898,0.0132113795696769,28,1.40214077169826,1.45412565808931,0.715632694379556,1,0,TRUE,TRUE,TRUE,0,0
"321071 2 stem 2","EMS","EMS rm 321071","rm","stem",2,1.31837749118535,FALSE,1.28653623685131,2082.19429482497,2206.37195571961,0.816958295359462,1.16609973490986,1.4774242843905,563.405536980529,0.004286405294763,0.333174081847364,0.99830448447108,1.04993856536747e-212,1.31837749118535,2081.68537788473,4666.5920523077,0.837177684536176,1.17073336066204,1.46487818206497,562.887327348864,0.0172016526611262,1.3047592799586,0.998333188614663,0.00032387153192796,2083.33,2206.97,0.0280837438379991,2.72850213302296,1.57478814299234,154,0.299416403407513,1,1.02474959773536,"","",1.31837749118535,"HM","",0,2,2.72850213302296,2,0.5,0.028,"LGR3","stem_up",0.0172016526611262,151,0.033987006815743,1.28439048436961,1.35236449800109,8.76567624086805e-123,TRUE,TRUE,FALSE,FALSE,1.28653623685131,0.00428640568397292,1.04993856536747e-212,1.27806761116933,1.29500486253329,0.00414887375976937,0,0,1.27833933215686,1.29473314154576,0.00401984713263593,1,1.27859424928062,1.29447822442201,-0.0269061078515331,1,0,TRUE,TRUE,TRUE,1.12360031814763e-121,1.05743812654866e-211
"321071 2 stem 3","EMS","EMS rm 321071","rm","stem",2,1.61267018725835,FALSE,1.57730462215851,2083.64536066498,2251.02368695407,1.00226542688081,1.3282347643199,1.63044533245193,647.164359652704,0.00410651998270582,0.260350469086062,0.998869306098945,1.00604305558765e-246,1.61267018725835,2083.02292557489,5908.84994128187,1.02473773990375,1.31937254725813,1.61005222958835,645.034329983762,0.0164521044983369,1.02017787817524,0.998897488244096,0.000267847379323915,2084.67,2250.88,0.0268927597599525,2.87085876605093,1.57373943054915,168,0.34911693975789,1,1.02242151871174,"","",1.61267018725835,"HM","",0,2,2.87085876605093,2,0.5,0.027,"LGR3","stem_up",0.0164521044983369,165,0.0324837858325644,1.58018640142579,1.64515397309091,3.63147891996914e-148,TRUE,TRUE,FALSE,FALSE,1.57730462215851,0.00410652110618226,1.00604305558765e-246,1.56919688033089,1.58541236398613,0.00712809835435501,6,6,1.56323120583247,1.59137803848455,0.0084042107267501,12,1.56071170346273,1.59389754085429,0.351531066010081,0,0,TRUE,TRUE,TRUE,5.68931697461832e-147,1.28956428034416e-245
"321071 22 leaf 1","EMS","EMS rm 321071","rm","leaf",22,0.00971882325414629,TRUE,0.00803656693036408,2066.3763220395,2067.39081864675,0.00478536135492422,1.30421541254397,1.60924512101444,817.047483572034,0.00302096636473389,37.5902595089447,0.027739098313031,0.00840497732147472,0.00971882325414629,2066.33657938803,2069.80838136226,0.00578705828231354,1.30383914350776,1.60828801200439,818.869953902392,0.0137446469155242,141.42295374762,0.0288952713890339,0.00166687452950074,2066.65,2069.82,0.0226353936710036,2.87085876605093,1.6794064929066,214,0.00166687452950074,1,1.20932524277577,"MDF (HM)","MDF (LM)",0.00971882325414629,"HM","AICc | MDF",1,1,2.87085876605093,2,0.5,0.023,"LGR3","leaf",0.0137446469155242,211,0.0270944190048753,-0.017375595750729,0.0368132422590215,0.480285275491175,FALSE,FALSE,TRUE,FALSE,0.00803656693036408,0.00302096725138921,0.00840497732147472,0.00208158489007606,0.0139915489706521,0.0030642996504143,3,3,0.00199616732792328,0.0140769665328049,0.00319712701760439,6,0.00173433576198625,0.0143387980987419,0.0171937003597873,1,0,TRUE,TRUE,TRUE,0.560481022035636,0.0100432356129486
"321071 22 stem 1","EMS","EMS rm 321071","rm","stem",22,0.0486589381564403,FALSE,0.0297586256305098,2068.19551823766,2071.94339088301,0.0157473640560981,1.12056014095585,1.42226276419881,856.271758498465,0.00252661422570219,8.49035925608001,0.365581326025875,1.5600107725897e-25,0.0486589381564403,2067.83946528155,2073.74869386134,0.0257488374378094,1.11723963326087,1.41482167246764,855.822387085906,0.0145289460160285,29.8587403804772,0.372202350565131,0.00435739404731841,2067.65,2072.59,0.0226996378602068,2.87085876605093,1.88975281986867,240,0.00548524512676036,1,1.63512047769279,"","",0.0486589381564403,"HM","",0,2,2.87085876605093,2,0.5,0.023,"LGR3","stem_up",0.0145289460160285,237,0.0286223724974331,0.0200365656590072,0.0772813106538734,0.000943058690477823,TRUE,TRUE,FALSE,FALSE,0.0297586256305098,0.00252661398486522,1.5600107725897e-25,0.0247812427480733,0.0347360085129464,0.00248418820340805,7,7,0.0248648207539198,0.0346524305070999,0.00229483386754482,14,0.0252378452981068,0.0342794059629129,0.0875991966541599,1,0,TRUE,TRUE,TRUE,0.0014297986597567,2.93282025246864e-25
"321071 22 stem 2","EMS","EMS rm 321071","rm","stem",22,0.0480662959229909,FALSE,0.0480103835756078,2066.60285381641,2070.96919708588,0.0253857166829331,1.04308758110092,1.33961344489115,601.680408263577,0.00387538151760467,8.07196533121139,0.468471319134459,1.32680654611591e-25,0.0480662959229909,2066.60170040051,2927.97063068208,0.0254152806002367,1.04315591491135,1.33979616610098,603.823381610432,0.0154877137183946,32.2215669441393,0.468328605530617,2.95056853187504e-05,2067.01,2071.86,0.0313842295333463,2.87085876605093,1.89123609056448,174,0.00884255156788955,1,1.00116458864144,"","",0.0480662959229909,"HM","AICc",1,1,2.87085876605093,2,0.5,0.031,"LGR3","stem_up",0.0154877137183946,171,0.0305717239801675,0.0174945719428234,0.0786380199031584,0.00223831100233349,TRUE,TRUE,FALSE,FALSE,0.0480103835756078,0.00387538170318272,1.32680654611591e-25,0.0403609529931612,0.0556598141580543,0.00430036684096486,7,7,0.039522095156947,0.0564986719942685,0.00475156030167257,14,0.0386315059656674,0.0573892611855481,-0.025812202315259,1,0,TRUE,TRUE,TRUE,0.00332212475083181,2.52810436489653e-25
"321071 4 stem 1","EMS","EMS rm 321071","rm","stem",4,0.181863769623578,FALSE,0.170975120273067,2048.96896091957,2100.45077464322,0.108611421357905,1.18574525498456,1.5127742941827,1754.62186532509,0.000797752292591795,0.466589695224482,0.989743262541042,0,0.181863769623578,2048.42975991948,2489.17234946549,0.115528402499594,1.1614817192849,1.49379007994828,1744.60811240953,0.00329771702254907,1.8132897109604,0.989999076418197,0.0002621221666338,2047.97,2099.43,0.00904249149038244,2.72850213302296,1.57419098411074,477,0.0398062438886836,1,1.06368557795497,"","",0.181863769623578,"HM","",0,2,2.72850213302296,2,0.5,0.009,"LGR3","stem_up",0.00329771702254907,474,0.00647995248884793,0.17538381713473,0.188343722112426,2.2919743556454e-208,TRUE,TRUE,FALSE,FALSE,0.170975120273067,0.000797752284539598,0,0.169407560349589,0.172542680196545,0.00115899640138158,13,13,0.168697726217957,0.173252514328177,0.00128008770874095,26,0.168459785338092,0.173490455208042,0.0136431267283431,2,0,TRUE,TRUE,TRUE,5.3861397357667e-207,0
"321071 4 stem 2","EMS","EMS rm 321071","rm","stem",4,0.102405593064895,FALSE,0.101753116186077,2044.08460784111,2058.82024867904,0.0646300036751238,1.14989732636097,1.44333196067639,827.616899028537,0.00227865327266178,2.23939409235859,0.896942582922262,1.04749518703489e-114,0.102405593064895,2044.06942468331,3142.17635192108,0.0650444340597301,1.15097931178536,1.44444776007209,830.043957808242,0.00915553879764373,8.94046753075475,0.896783321889192,5.92332426345276e-05,2044.01,2059.1,0.0187586833732138,2.72850213302296,1.57439440507478,230,0.0236869903427633,1,1.00641235279344,"","",0.102405593064895,"HM","AICc",1,1,2.72850213302296,2,0.5,0.019,"LGR3","stem_up",0.00915553879764373,227,0.0180407100726547,0.0843648829922403,0.12044630313755,2.02401831132147e-23,TRUE,TRUE,FALSE,FALSE,0.101753116186077,0.00227865385893496,1.04749518703489e-114,0.0972632037697973,0.106243028602357,0.00236314082532507,6,6,0.0970967286915745,0.10640950368058,0.00237520254785599,12,0.0970729619937319,0.106433270378423,0.052364852638766,1,0,TRUE,TRUE,TRUE,6.96064833893481e-23,4.923227379064e-114
"321071 5 stem 1","EMS","EMS rm 321071","rm","stem",5,0.0834306176497058,FALSE,0.0427608516866128,2074.72575564653,2079.60783755587,0.0271226772741273,1.19104068246557,1.51950406635006,674.920236998523,0.00342662467282663,8.01346216848017,0.46086902821511,3.74744937784341e-26,0.0834306176497058,2074.06316675694,2080.65380458395,0.0529190048383091,1.1722587008962,1.49915857155611,672.104670211813,0.0222494998390021,26.6682669573651,0.475209828382275,0.00802942085839576,2072.4,2080.58,0.0250061621475243,2.87085876605093,1.57657193109778,182,0.00944758327886555,1,1.95109812735151,"","",0.0834306176497058,"HM","",0,2,2.87085876605093,2,0.5,0.025,"LGR3","stem_up",0.0222494998390021,179,0.0439050589325578,0.039525558717148,0.127335676582264,0.000238772264553009,TRUE,TRUE,FALSE,FALSE,0.0427608516866128,0.00342662452307005,3.74744937784341e-26,0.0359993305585982,0.0495223728146275,0.00516527054906318,5,5,0.0325685806296977,0.052953122743528,0.00561898373849911,10,0.0316732997794686,0.0538484035937571,0.147698852933184,1,0,TRUE,TRUE,TRUE,0.000386975739103153,7.33875503161001e-26
"321071 5 stem 2","EMS","EMS rm 321071","rm","stem",5,0.986027297010002,FALSE,0.807913457109545,2133.13641419909,2229.58435013839,0.513020935847338,1.74240200316945,2.19330322296456,843.780991684266,0.00460538347932905,0.570034257853017,0.993895942484092,2.49557365615813e-210,0.986027297010002,2129.77663701285,2418.48419428741,0.626122318215704,1.3006355668082,1.616816548444,729.987325331429,0.0157331142307768,1.59560635679006,0.996683020749533,0.00216870775440165,2129.87,2222.65,0.0239210245577512,2.87085876605093,1.57481576414644,190,0.178699468575055,1,1.22046153376092,"","",0.986027297010002,"HM","",0,2,2.87085876605093,2,0.5,0.024,"LGR3","stem_up",0.0157331142307768,187,0.0310372026952208,0.954990094314781,1.01706449970522,1.78275451453323e-127,TRUE,TRUE,FALSE,FALSE,0.807913457109545,0.00460538278960015,2.49557365615813e-210,0.798828590296366,0.816998323922724,0.0118636618012313,9,9,0.784510454079227,0.831316460139863,0.0147745486374685,18,0.778768256215638,0.837058658003452,0.478822315395988,1,0,TRUE,TRUE,TRUE,2.51368386549186e-126,2.34583923678864e-209
"321071 5 stem 3","EMS","EMS rm 321071","rm","stem",5,1.61025153226925,FALSE,1.03759761451795,2102.09386636847,2197.59188705619,0.6586070392257,3.08846994041193,3.74969057959112,806.427676525211,0.0116805914799827,1.12573422650063,0.981953805066874,1.17286271184838e-127,1.61025153226925,2094.15405196301,2254.88372332143,1.02209467257612,1.44456491953312,1.78082737932894,591.120537876705,0.0307462926838056,1.90940931076006,0.995929587446141,0.00635909141067587,2094.36,2189.44,0.0309785843959818,2.87085876605093,1.57544264291165,146,0.229411159829246,1,1.55190365681145,"","Noise (LM.MAE)",1.61025153226925,"HM","",0,2,2.87085876605093,2,0.5,0.031,"LGR3","stem_up",0.0307462926838056,143,0.0607759568633443,1.54947557540591,1.67102748913259,3.39902789282306e-95,TRUE,TRUE,FALSE,FALSE,1.03759761451795,0.0116805888324713,1.17286271184838e-127,1.01451005387747,1.06068517515843,0.0368136449718426,9,9,0.964832681784275,1.11036254725163,0.0454253543855124,18,0.947810991683038,1.12738423735287,0.798698701564117,0,0,TRUE,TRUE,TRUE,2.99539333055032e-94,5.7025393920904e-127
"321071 6 stem 1","EMS","EMS rm 321071","rm","stem",6,0.0455577544191848,FALSE,0.045233467974078,2046.22795161978,2054.01118175141,0.0287204063897978,1.07085225617927,1.35552050562374,946.914951049256,0.00165401868697528,3.65662585924907,0.733043324935152,6.57057815994194e-80,0.0455577544191848,2046.21837849181,2546.10537223387,0.0289263078806034,1.07122351074648,1.35578630291353,949.082037385169,0.00663445166489678,14.5627275739977,0.732939546111697,5.78656941323212e-05,2046.26,2053.61,0.0157988217219947,2.72850213302296,1.57495918964942,273,0.0105260707119103,1,1.00716917051977,"","",0.0455577544191848,"HM","AICc",1,1,2.72850213302296,2,0.5,0.016,"LGR3","stem_up",0.00663445166489678,270,0.0130618356037388,0.032495918815446,0.0586195900229236,4.50544315975439e-11,TRUE,TRUE,FALSE,FALSE,0.045233467974078,0.00165401888614471,6.57057815994194e-80,0.0419771078487977,0.0484898280993583,0.00198306242045768,4,4,0.0413293013130963,0.0491376346350597,0.00210672020071546,8,0.0410858492774605,0.0493810866706955,0.079850749479114,1,0,TRUE,TRUE,TRUE,1.05877914254228e-10,2.89516100172442e-79
"321071 6 stem 2","EMS","EMS rm 321071","rm","stem",6,0.0281571059401169,FALSE,0.028078515131266,2041.48015061549,2046.92790277565,0.0178031116345082,1.19492381152051,1.48558327304156,1127.59171949211,0.00150753472273666,5.36899731231867,0.528985344292393,2.44580964592835e-52,0.0281571059401169,2041.47744475114,2759.22514867874,0.0178529419384569,1.19517705060578,1.48579920235519,1129.73442959793,0.00603177618464384,21.4218613144118,0.528849677049522,2.48735618947487e-05,2041.47,2048.51,0.0140172927759322,2.72850213302296,1.57716896392655,309,0.00652486630632897,1,1.00279896598818,"","",0.0281571059401169,"HM","AICc",1,1,2.72850213302296,2,0.5,0.014,"LGR3","stem_up",0.00603177618464384,306,0.011869007909203,0.0162880980309139,0.0400261138493199,4.5539176662227e-06,TRUE,TRUE,FALSE,FALSE,0.028078515131266,0.00150753468825591,2.44580964592835e-52,0.025112107032552,0.03104492322998,0.00162953189068772,8,8,0.0248720505402315,0.0312849797223005,0.00160488333473456,16,0.0249205520285029,0.0312364782340292,0.120935461997732,2,0,TRUE,TRUE,TRUE,8.33899209009612e-06,7.6635368905755e-52
"321071 8 stem 1","EMS","EMS rm 321071","rm","stem",8,0.0715249278436501,FALSE,0.0539296035215184,2066.49473988675,2075.08648967291,0.0342300788293144,1.19821396703068,1.50295935440779,930.241933463135,0.00205637300390553,3.81306901892024,0.731566925559646,7.42692103599402e-74,0.0715249278436501,2066.05585822079,2085.63646716813,0.0453981442191072,1.19210068636922,1.49209997601517,928.63754896453,0.0100800961765644,14.0931231676304,0.735431947380063,0.00231852565674562,2066.91,2075.57,0.0179486014855926,2.87085876605093,1.5755033399261,253,0.0119232890290874,1,1.32626467048123,"","",0.0715249278436501,"HM","",0,2,2.87085876605093,2,0.5,0.018,"LGR3","stem_up",0.0100800961765644,250,0.0198527332252743,0.0516721946183758,0.0913776610689244,1.32287848648747e-11,TRUE,TRUE,FALSE,FALSE,0.0539296035215184,0.00205637344758279,7.42692103599402e-74,0.0498796578041835,0.0579795492388533,0.00227150554530738,8,8,0.0494559636941155,0.0584032433489213,0.00236222478531477,16,0.0492772957590769,0.0585819112839599,0.00663443038777341,1,0,TRUE,TRUE,TRUE,3.3913793926315e-11,3.07998784139752e-73
"321071 8 stem 2","EMS","EMS rm 321071","rm","stem",8,0.0558084183386329,FALSE,0.0556460205488523,2074.83852681664,2080.80477714604,0.0353032563869624,1.07212352712549,1.37346443055366,599.949715544067,0.00339334489544426,6.09809086431473,0.611795232724665,8.92886055981809e-37,0.0558084183386329,2074.83528462177,2811.97021115238,0.0354062856917133,1.07255144376538,1.37374038172272,602.115673241947,0.0136212566867238,24.4071720579378,0.611641309188921,4.80322996745742e-05,2075.83,2080.53,0.0266184186486213,2.87085876605093,1.57622911436018,171,0.012297106637372,1,1.00291840796842,"","",0.0558084183386329,"HM","AICc",1,1,2.87085876605093,2,0.5,0.027,"LGR3","stem_up",0.0136212566867238,168,0.0268908832356922,0.0289175351029407,0.0826993015743251,6.49402819370934e-05,TRUE,TRUE,FALSE,FALSE,0.0556460205488523,0.0033933451416417,8.92886055981809e-37,0.0489472163865583,0.0623448247111463,0.00476555389550581,8,8,0.0462383384716303,0.0650537026260742,0.00508974986081807,16,0.0455983430714625,0.0656936980262421,0.160630064086675,1,0,TRUE,TRUE,TRUE,0.000109006901822978,2.24815953381134e-36
"321902 0.5 stem 1","EMS","EMS hem 321902","hem","stem",0.5,0.190510189306112,FALSE,0.117103755341116,2060.25556584456,2083.1542172183,0.0745884409568033,1.36923449823332,1.68820994034621,1210.49495358303,0.00169609702410762,1.44837116381708,0.939112678213501,1.86706750999615e-189,0.190510189306112,2058.1262329773,2094.28657804283,0.121344170093743,1.19463825912955,1.44530747515111,1116.23273051816,0.00831977742621996,4.36710364759111,0.955373331898269,0.003355724893495,2056.12,2082.39,0.0146339108140713,2.87085876605093,1.56999870005239,310,0.0259812296720556,1,1.6268495297283,"","",0.190510189306112,"HM","",0,2,2.87085876605093,2,0.5,0.015,"LGR3","stem_lo",0.00831977742621996,307,0.0163710031542885,0.174139186151823,0.2068811924604,2.22327702726732e-68,TRUE,TRUE,FALSE,FALSE,0.117103755341116,0.00169609670006904,1.86706750999615e-189,0.113766352640946,0.120441158041285,0.00415273021368043,12,12,0.108932444691406,0.125275065990825,0.00521684543903944,24,0.106838589414015,0.127368921268216,0.328501129121605,2,0,TRUE,TRUE,TRUE,1.49277171830806e-67,1.38556062583925e-188
"321902 0.5 stem 2","EMS","EMS hem 321902","hem","stem",0.5,0.0678987855825329,FALSE,0.0402105334946699,2064.18281131479,2067.0239743995,0.025596063826147,1.25530492808809,1.53115391063072,419.493301266634,0.00709380429690436,17.6416567510716,0.219029230452782,1.17350376082701e-07,0.0678987855825329,2063.83554976422,2068.68323038054,0.0432210542473592,1.22677227743241,1.50130154410849,417.234527074319,0.0393906232764853,58.0137375632511,0.249184990480271,0.00891582133152312,2062.51,2069.05,0.0402680366887513,2.87085876605093,1.57096551125153,112,0.00891582133152312,1,1.68858206249696,"","",0.0678987855825329,"HM","",0,2,2.87085876605093,2,0.5,0.04,"LGR3","stem_lo",0.0393906232764853,109,0.0780709347344509,-0.010172149151918,0.145969720316984,0.0875918997249302,FALSE,TRUE,TRUE,FALSE,0.0402105334946699,0.00709380208992727,1.17350376082701e-07,0.026152282794534,0.0542687841948059,0.00878427855883224,6,6,0.0228021552181964,0.0576189117711434,0.00933639298044489,12,0.0217079940256799,0.05871307296366,0.0582607471950823,0,0,TRUE,TRUE,TRUE,0.11227688964741,1.5180186263909e-07
"321902 1.25 stem 1","EMS","EMS hem 321902","hem","stem",1.25,0.182512830553081,FALSE,0.154599413856914,2081.45012336976,2093.94206220259,0.0983617230931862,1.19438713831567,1.49341239593217,475.75257618277,0.00559535824237517,3.61926226159812,0.856246634462724,1.49447439605889e-55,0.182512830553081,2081.0988319419,2124.37052316815,0.116121245559386,1.18911440031164,1.48600015043854,476.599438475431,0.0247804625499302,13.5773810941599,0.857670073770228,0.00268353841203566,2078.79,2097.17,0.0352519846945582,2.87085876605093,1.57174365185174,129,0.0342621254156957,1,1.18055318580963,"","",0.182512830553081,"HM","AICc",1,1,2.87085876605093,2,0.5,0.035,"LGR3","stem_lo",0.0247804625499302,126,0.0490398068900412,0.13347302366304,0.231552637443122,2.031838342542e-11,TRUE,TRUE,FALSE,FALSE,0.154599413856914,0.00559535700297851,1.49447439605889e-55,0.143527212115783,0.165671615598044,0.00568548415109665,3,3,0.14334886675448,0.165849960959347,0.00633268175103359,6,0.142068179500912,0.167130648212915,0.0259087855119774,1,0,TRUE,TRUE,TRUE,5.02612642628811e-11,5.017164043912e-55
"321902 1.25 stem 2","EMS","EMS hem 321902","hem","stem",1.25,0.346129061857405,FALSE,0.218119069246463,2076.04352869353,2088.41536019536,0.139009342717206,1.3763509989802,1.70523136071272,357.754149197508,0.0109790917361852,5.03353135244647,0.815615974692808,2.79900626636107e-34,0.346129061857405,2074.96068951802,2095.16124250021,0.220591319916891,1.32696914612597,1.6439054786722,353.352988258245,0.0594970631933996,17.1892712140741,0.828639644152939,0.010920063431499,2075.75,2085.18,0.0500517151300771,2.87085876605093,1.56909647209968,90,0.0484208224943171,1,1.58688125276336,"","",0.346129061857405,"HM","",0,2,2.87085876605093,2,0.5,0.05,"LGR3","stem_lo",0.0594970631933996,87,0.118256855533429,0.227872206323976,0.464385917390834,9.72287687661556e-08,TRUE,TRUE,FALSE,FALSE,0.218119069246463,0.0109790950395048,2.79900626636107e-34,0.196300424949437,0.239937713543489,0.0118890393170583,0,0,0.194492101909094,0.241746036583833,0.0103347729586666,1,0.197580879690374,0.238657258802552,-0.152195573562803,0,0,TRUE,TRUE,TRUE,1.95846519943256e-07,6.46983415667068e-34
"321902 11 leaf 1","EMS","EMS hem 321902","hem","leaf",11,0.0106449754743363,TRUE,0.00907074501920995,2069.94998776567,2070.68915615633,0.00318607064938184,1.41573710625412,1.81447869090843,949.001140753874,0.00504184819160401,55.5836172323929,0.00950842282687769,0.0733037517609258,0.0106449754743363,2069.92089604861,2073.28999319445,0.00373901414385986,1.41513248342949,1.8136006358403,950.844937966445,0.0221765942670496,208.329218987066,0.0104668201024478,0.00110979707084807,2070.68,2071.76,0.0350786978597799,2.87085876605093,2.8470005902003,234,0.00110979707084807,1,1.17355029292439,"MDF (HM)","MDF (LM)",0.0106449754743363,"HM","AICc | MDF",1,1,2.87085876605093,2,0.5,0.035,"LGR3","leaf",0.0221765942670496,231,0.043694247832695,-0.0330492723583587,0.0543392233070313,0.631674853238955,FALSE,FALSE,TRUE,FALSE,0.00907074501920995,0.00504184746587618,0.0733037517609258,-0.000862914293990904,0.0190044043324108,0.00521531254834925,7,7,-0.001204682473946,0.0193461725123659,0.00521986917650513,14,-0.0012136601338264,0.0193551501722463,-0.0333542728431802,1,0,FALSE,FALSE,FALSE,0.712529234453541,0.0833534596636333
"321902 15 branch 1","EMS","EMS hem 321902","hem","branch",15,0.0215491279426929,TRUE,0.0214567626677329,2069.74929659974,2071.80334171031,0.0114113617253651,1.22679929600556,1.53033596558263,677.505833526731,0.00409118860828999,19.0671289590316,0.127736563596459,4.36335944655731e-07,0.0215491279426929,2069.74772072103,2265.31954074318,0.0114604843996359,1.22679986973243,1.53035821531083,679.602282965442,0.0163656704407623,75.9458595460784,0.127711527798053,5.85998759859046e-05,2070.79,2073.45,0.0298235939716545,2.87085876605093,1.88029817861605,182,0.00397489485038733,1,1.00430471625148,"MDF (HM)","MDF (LM)",0.0215491279426929,"HM","AICc | MDF",1,1,2.87085876605093,2,0.5,0.03,"LGR3","branch",0.0163656704407623,179,0.032294466409215,-0.0107453384665221,0.0538435943519079,0.189613318649283,FALSE,FALSE,FALSE,FALSE,0.0214567626677329,0.00409118899692623,4.36335944655731e-07,0.013383902435987,0.0295296228994789,0.00424293982958246,1,1,0.0130844630155629,0.029829062319903,0.00434744125809322,2,0.0128782575757705,0.0300352677596954,0.0391794208256623,1,0,TRUE,TRUE,TRUE,0.230478258013353,5.49315787468375e-07
"321902 15 leaf 1","EMS","EMS hem 321902","hem","leaf",15,0.00809713131634886,TRUE,0.00730429826922568,2073.54636928564,2074.00425038725,0.00320196574552944,1.19124279369505,1.51733402970718,538.579298854796,0.00696788545804297,95.394317170753,0.000686279143143786,0.296277886775821,0.00809713131634886,2073.53451037643,2076.71698178745,0.00354951785323948,1.19083803095426,1.51704508992208,540.639571588283,0.0295613917380652,365.084751415332,0.0010668334497892,0.00111533377517347,2073.07,2074.24,0.0454790257996087,2.87085876605093,2.28119188327479,145,0.00111533377517347,1,1.10854335596665,"MDF (HM)","MDF (LM)",0.00809713131634886,"HM","AICc | MDF",1,1,2.87085876605093,2,0.5,0.045,"LGR3","leaf",0.0295613917380652,142,0.0584372841748947,-0.0503401528585458,0.0665344154912435,0.78455258470619,FALSE,FALSE,TRUE,FALSE,0.00730429826922568,0.00696788510150661,0.296277886775821,-0.00646906584699367,0.021077662385445,0.00656958370168234,0,0,-0.00568174657753651,0.0202903431159879,0.00689252982574999,1,-0.00632011166133271,0.0209287081997841,0.144869634484655,1,0,FALSE,FALSE,FALSE,0.854630244097578,0.323838620429385
"321902 15 stem 1","EMS","EMS hem 321902","hem","stem",15,0.0173161393376427,TRUE,0.0127189864070493,2065.797026319,2067.54462765296,0.00809074691649461,1.10336067102761,1.3737997673986,763.234427729496,0.00234579000144349,18.4432149415883,0.115724390980372,1.57116942493799e-07,0.0173161393376427,2065.69030545163,2069.59880797067,0.0110150680618682,1.1022587623896,1.37064540515143,764.30782712001,0.0116796107938186,67.4492770361861,0.119780474549143,0.00281823230462292,2066.57,2067.39,0.0207977321420006,2.87085876605093,1.57204106596377,218,0.00281823230462292,1,1.36144019526945,"MDF (HM)","MDF (LM)",0.0173161393376427,"HM","AICc | MDF",1,1,2.87085876605093,2,0.5,0.021,"LGR3","stem_up",0.0116796107938186,215,0.0230212033981267,-0.00570506406048402,0.0403373427357694,0.139646172965631,FALSE,FALSE,TRUE,FALSE,0.0127189864070493,0.00234579009987422,1.57116942493799e-07,0.00809541659244304,0.0173425562216555,0.00251922654558103,5,5,0.00775357206203703,0.0176844007520615,0.00258922752003154,10,0.00761559961834748,0.017822373195751,-0.0194943659820498,1,0,TRUE,TRUE,TRUE,0.172720266562755,2.01395353560234e-07
"321902 15 stem 2","EMS","EMS hem 321902","hem","stem",15,0.0333740083430848,FALSE,0.0333138044281325,2064.74004618595,2068.68384106625,0.0212031982811867,1.22669751719268,1.56228209491877,707.402833520374,0.00333135477386597,9.99992294801592,0.346157416094565,4.10229085003179e-19,0.0333740083430848,2064.7387054683,2737.8036096945,0.021241516196776,1.22674771227218,1.56240260924273,709.519981465967,0.0133833170020186,40.1010177274426,0.346057615473594,3.15593876064548e-05,2061.25,2066.06,0.0241208761208823,2.87085876605093,1.57116883907516,188,0.00738566401521493,1,1.00180717621376,"","",0.0333740083430848,"HM","AICc",1,1,2.87085876605093,2,0.5,0.024,"LGR3","stem_up",0.0133833170020186,185,0.0264035438938958,0.00697046444918898,0.0597775522369806,0.0135192703841697,TRUE,TRUE,FALSE,FALSE,0.0333138044281325,0.0033313544326565,4.10229085003179e-19,0.0267417080236285,0.0398859008326365,0.00335641872879091,2,2,0.0266922611773574,0.0399353476789076,0.00333232841717119,4,0.0267397865468669,0.0398878223093981,0.0654565336719407,1,0,TRUE,TRUE,TRUE,0.0194511951445708,6.96895192595762e-19
"321902 2 stem 1","EMS","EMS hem 321902","hem","stem",2,0.17494356602522,FALSE,0.147275028067002,2058.62779640619,2074.47825426063,0.0937896914464086,1.10804139733868,1.43946904982854,616.002511858848,0.00352978906819329,2.3967329115615,0.910987674679874,6.59564230511439e-91,0.17494356602522,2058.15719152404,2111.65186720759,0.1114099470453,1.09839452497282,1.42535165374498,614.729088990873,0.0158267243860325,9.04675990413442,0.912725065528898,0.00208263618054898,2054.31,2074.76,0.0265177647380138,2.87085876605093,1.57026881948061,171,0.032669559560195,1,1.18786985357511,"","",0.17494356602522,"HM","",0,2,2.87085876605093,2,0.5,0.027,"LGR3","stem_up",0.0158267243860325,168,0.0312448849072123,0.143698681118008,0.206188450932432,1.08255262204576e-21,TRUE,TRUE,FALSE,FALSE,0.147275028067002,0.00352978866240588,6.59564230511439e-91,0.140306870689323,0.154243185444682,0.00455042878474147,6,6,0.138292024567187,0.156258031566818,0.00478830725668829,12,0.13782242856929,0.156727627564714,0.287203394410299,1,0,TRUE,TRUE,TRUE,3.54976557461518e-21,2.99995343555203e-90
"321902 2 stem 2","EMS","EMS hem 321902","hem","stem",2,0.0683206385397941,FALSE,0.0683206385397941,2068.30881285808,2087.69749480639,0.0435700717939647,1.76326520354774,2.13988144207567,1959.05536203891,0.00123533270365513,1.80813986821215,0.872456680022326,8.93741379454751e-202,0.173600291071683,2064.29086772331,2087.96103313282,0.110709989061955,1.27937911349036,1.56639181243451,1681.56140934858,0.00731838971522417,4.21565521004932,0.931659350554684,0.00467719541230989,2064.96,2087.37,0.010093472637716,2.87085876605093,1.56806348318338,448,0.0151766684969663,1,2.54096411833984,"Exaggerated curvature (g-fact)","",0.0683206385397941,"LM","g-fact. > 2",0,2,2.87085876605093,2,0.5,0.01,"LGR3","stem_up",0.00123533270365513,446,0.00242779589933575,0.0658928426404584,0.0707484344391298,8.93634154414232e-202,TRUE,TRUE,FALSE,FALSE,0.0683206385397941,0.0012353330843109,8.93741379454751e-202,0.0658928418923566,0.0707484351872315,0.00388680509392255,16,16,0.0606819113850592,0.0759593656945289,0.00505243203070919,32,0.0583911080339355,0.0782501690456526,0.596622377857205,2,0,TRUE,TRUE,TRUE,1.80003451103438e-200,7.876095906445e-201
"321902 6 leaf 1","EMS","EMS hem 321902","hem","leaf",6,0.000166891463260548,TRUE,0.000169858951841287,2079.07110111462,2079.08139042377,5.41542586694605e-05,1.05331143202179,1.30852014956728,654.256443595832,0.00541343438557072,3187.01742056487,-0.00525794888682607,0.975001580962186,0.000166891463260548,2079.07119695223,2081.89190092506,5.32081669712722e-05,1.05331081835613,1.30851974513977,656.342569080855,0.00573877397810275,3438.62643779657,-0.00525729396021557,1.88634353280826e-05,2078.16,2079.2,0.0471448529135014,2.87085876605093,3.1365760701859,192,1.88634353280826e-05,1,0.982529689789256,"MDF (HM)","MDF (LM)",0.000166891463260548,"HM","AICc | MDF",1,1,2.87085876605093,2,0.5,0.047,"LGR3","leaf",0.00573877397810275,189,0.0113202773092707,-0.0111533858460102,0.0114871687725313,0.976830371703324,FALSE,FALSE,TRUE,FALSE,0.000169858951841287,0.00541343450670496,0.975001580962186,-0.0105082931740526,0.0108480110777352,0.00690090174594327,6,6,-0.0134423642232539,0.0137820821269365,0.00784747553464159,12,-0.0153095076978051,0.0156492256014877,0.116815155445308,1,0,FALSE,FALSE,FALSE,0.976830371703324,0.975001580962186
"YMF_0.5m","Yale Myers","YMF black oak","qv","stem",0.5,-0.00437387748466349,TRUE,-0.00389395255460912,1940.80910604831,1940.40369916338,-0.00173250805529222,1.32888908225557,1.65939118535001,191.382828544352,0.00798004183087438,-204.934233762779,-0.016477614613488,0.627895065283225,-0.00437387748466349,1940.82084652088,1938.3023913532,-0.00194603757204778,1.32887634752365,1.65915297218831,193.753824330568,0.0338390513753052,-773.662533849154,-0.0161857955795053,0.000772710825677044,1940.47,1940.83,0.0210851045068941,2.2421169701799,2.24758121193978,48,0.000772710825677044,1,1.12324878727305,"MDF (HM)","MDF (LM)",-0.00437387748466349,"HM","AICc | MDF",1,1,2.2421169701799,2,0.5,0.021,"YMF","stem_lo",0.0338390513753052,45,0.0681553480515153,-0.0725292255361787,0.0637814705668518,0.897731631107949,FALSE,FALSE,TRUE,FALSE,-0.00389395255460912,0.00798004258336708,0.627895065283225,-0.0199569451498584,0.0121690400406401,0.00546161598263551,17,85,-0.0148876153290441,0.0070997102198259,0.00369520094032529,34,-0.0113320062645128,0.00354410115529458,0.0312740619457725,0,0,FALSE,FALSE,FALSE,0.92394277362205,0.646227767919231
"YMF_1.25m","Yale Myers","YMF black oak","qv","stem",1.25,0.0443912653180071,FALSE,0.037406739592681,1937.40836522261,1943.69873302075,0.0166411846511748,0.997503871233738,1.20999491759047,254.20018976306,0.00284310155799923,7.60050618941276,0.693680686527493,3.58541741421322e-21,0.0443912653180071,1937.22162373941,1958.64411881385,0.0197483996493719,0.9881883294005,1.20687400068568,256.029255781137,0.0128340533634279,28.9112132116266,0.695258815852541,0.000921853387327339,1939.11,1942.4,0.0131590673154446,2.2421169701799,2.24784114693663,77,0.00742208585569002,1,1.18671837752715,"","",0.0443912653180071,"HM","AICc",1,1,2.2421169701799,2,0.5,0.013,"YMF","stem_lo",0.0128340533634279,74,0.0255724095461031,0.018818855771904,0.0699636748641102,0.000903314421229584,TRUE,TRUE,FALSE,FALSE,0.037406739592681,0.0028431017438468,3.58541741421322e-21,0.0317429904847163,0.0430704887006457,0.00157652826381811,14,70,0.0342661342424835,0.0405473449428785,0.00137790745163046,28,0.0346618071902722,0.0401516719950898,0.115053957004594,0,0,TRUE,TRUE,TRUE,0.00138442753688447,6.39928930891221e-21
"YMF_10m","Yale Myers","YMF black oak","qv","stem",10,0.0306840393066931,FALSE,0.0265423992919272,1943.57896641938,1952.1615054118,0.0116610584136225,1.41578759397686,1.76089172033418,597.623661463038,0.00154565025168617,5.82332529431986,0.665073921237439,5.90562629747041e-37,0.0306840393066931,1943.3638234807,1977.0611921307,0.0134806341652038,1.40623830444698,1.75863641061905,599.354005809485,0.00686761832939888,22.3817283661896,0.665931303103025,0.000400050054507859,1947,1953.57,0.00688719318649359,2.2421169701799,2.2761569619547,149,0.00520091438971038,1,1.15603864478166,"","",0.0306840393066931,"HM","AICc",1,1,2.2421169701799,2,0.5,0.0069,"YMF","stem_up",0.00686761832939888,146,0.0135727876427163,0.0171112516639768,0.0442568269494094,1.5727033929605e-05,TRUE,TRUE,FALSE,FALSE,0.0265423992919272,0.00154565022585108,5.90562629747041e-37,0.0234878338316987,0.0295969647521557,0.00243760756176048,8,40,0.021725118034361,0.0313596805494933,0.00247552837684208,16,0.0216501776564963,0.0314346209273581,0.41299253601238,0,0,TRUE,TRUE,TRUE,2.77188973009288e-05,1.51398783262423e-36
"YMF_2m","Yale Myers","YMF black oak","qv","stem",2,0.0371349095748844,FALSE,0.0371043179696165,1934.80539572394,1940.37325606526,0.0164729595896874,1.22489520082852,1.61652391538232,268.461127892914,0.0044921451703506,12.1067989284403,0.497133148131768,8.18447996951748e-12,0.0371349095748844,1934.8042863122,3215.18349041048,0.0164865411431275,1.22524466083181,1.61678069534197,270.738816267576,0.017942990029262,48.3183889086333,0.496975719496566,1.28762956242626e-05,1936.06,1940.05,0.0147237001953311,2.2421169701799,2.25243786750044,69,0.0073470562904511,1,1.00082447561206,"","",0.0371349095748844,"HM","AICc",1,1,2.2421169701799,2,0.5,0.015,"YMF","stem_up",0.017942990029262,66,0.0358243354620406,0.00131057411284382,0.072959245036925,0.0424076654649546,TRUE,TRUE,FALSE,FALSE,0.0371043179696165,0.00449214490610038,8.18447996951748e-12,0.0281379592095479,0.046070676729685,0.00475304623690177,4,20,0.027617197973692,0.0465914379655409,0.00523673232258266,8,0.0266517565059472,0.0475568794332857,0.395317397047621,0,0,TRUE,TRUE,TRUE,0.055365563245913,1.12039968514754e-11
"YMF_4m","Yale Myers","YMF black oak","qv","stem",4,0.343466368449842,FALSE,0.320860486165164,1967.46703869648,2010.36064307493,0.141563050753972,1.04205435160588,1.25113422504825,210.144435692446,0.00411295551933168,1.28185167593822,0.99007467292149,5.01306748403574e-62,0.343466368449842,1966.9817108955,2300.94909551812,0.1515367240456,1.0037508175202,1.22995859003021,210.315714773105,0.0168530534619548,4.90675507416264,0.990407805013714,0.00045374707538233,1967.38,2010,0.0164996173784996,2.2421169701799,2.26655532256648,62,0.063138120194779,1,1.07045393016403,"","",0.343466368449842,"HM","AICc",1,1,2.2421169701799,2,0.5,0.016,"YMF","stem_up",0.0168530534619548,59,0.0337228820840459,0.309743486365796,0.377189250533888,2.17672825255831e-28,TRUE,TRUE,FALSE,FALSE,0.320860486165164,0.00411295610467003,5.01306748403574e-62,0.312633349026952,0.329087623303376,0.00452216680936458,2,10,0.311814805745607,0.329906166584721,0.00454947158058908,4,0.311760188071196,0.329960784259132,0.0438932389274207,0,0,TRUE,TRUE,TRUE,8.29509955704653e-28,1.86011188223431e-61
"YMF_4m_restart","Yale Myers","YMF black oak","qv","stem",4,0.384363569211378,FALSE,0.358270947361978,1966.14972056748,2057.57960062825,0.15845733112786,1.01263234552551,1.24952730832149,390.37109254052,0.00156872834189404,0.437860885300609,0.997780915269485,1.14790757577001e-154,0.384363569211378,1965.06581638193,2657.35372017653,0.16999766743151,0.926390189534795,1.14932531698564,372.955730529914,0.00606164748271379,1.57706087888372,0.998122550225431,0.000245559205208858,1963.92,2055.53,0.00871032854251671,2.2421169701799,2.26099319489918,117,0.0706730885298754,1,1.07282929872356,"","",0.384363569211378,"HM","",0,2,2.2421169701799,2,0.5,0.0087,"YMF","stem_up",0.00606164748271379,114,0.0120080769763008,0.372355492235077,0.396371646187679,9.6536219758762e-91,TRUE,TRUE,FALSE,FALSE,0.358270947361978,0.00156872847711952,1.14790757577001e-154,0.355163598164555,0.361378296559401,0.00247367553649066,6,30,0.353371072205053,0.363170822518903,0.0026716488690251,12,0.352978925135031,0.363562969588925,0.211129702412757,0,0,TRUE,TRUE,TRUE,7.56200388110303e-90,6.74395700764879e-154
"YMF_6m","Yale Myers","YMF black oak","qv","stem",6,0.0327494414017846,FALSE,0.0326813688912162,1947.05438749854,1958.88733826717,0.0144128511189164,1.10193103747911,1.38250632850401,584.769887790663,0.00102719188740148,3.1430503747276,0.859726359528916,4.58762835603426e-72,0.0327494414017846,1947.04959314447,3751.7026589262,0.0144428718614189,1.10287145993077,1.38367415839523,587.150515299484,0.00411352878541541,12.5606074770828,0.859492457974167,8.00312931902105e-06,1948.34,1959.58,0.00615500708319985,2.2421169701799,2.26751588714622,166,0.00642823336632611,1,1.00208291491079,"","",0.0327494414017846,"HM","AICc",1,1,2.2421169701799,2,0.5,0.0062,"YMF","stem_up",0.00411352878541541,163,0.0081226752187351,0.0246267661830495,0.0408721166205197,2.74455019288045e-13,TRUE,TRUE,FALSE,FALSE,0.0326813688912162,0.00102719183627836,4.58762835603426e-72,0.030653143094445,0.0347095946879874,0.00163643412783379,8,40,0.0294501731246936,0.0359125646577388,0.00193546732402103,16,0.0288597217394924,0.03650301604294,0.119394501039044,0,0,TRUE,TRUE,TRUE,7.89758320808455e-13,1.79682110611342e-71
"YMF_8m","Yale Myers","YMF black oak","qv","stem",8,0.0744366757599961,FALSE,0.0739757902704793,1942.01519797732,1972.92778681308,0.032573855464445,1.21426710908376,1.55605584008292,720.787312154195,0.000929965167568801,1.25712096372144,0.970695174412968,8.14683212799519e-148,0.0744366757599961,1941.98429200858,4313.14595308366,0.0327767977684919,1.21903925507325,1.56049523863239,723.967541406523,0.00373605392625383,5.01910367182419,0.97052787072339,1.38230970526198e-05,1940.62,1975.14,0.0053374072280561,2.2421169701799,2.27101733017835,192,0.0145281695369495,1,1.00623022056043,"","",0.0744366757599961,"HM","AICc",1,1,2.2421169701799,2,0.5,0.0053,"YMF","stem_up",0.00373605392625383,189,0.0073697215901793,0.0670669541698168,0.0818063973501754,2.56258055170609e-48,TRUE,TRUE,FALSE,FALSE,0.0739757902704793,0.000929965302774465,8.14683212799519e-148,0.0721414075024732,0.0758101730384853,0.00194215407344461,10,50,0.0701448366268211,0.0778067439141374,0.00231079248139504,20,0.0694176869781708,0.0785338935627877,0.451348236020701,0,0,TRUE,TRUE,TRUE,1.24594433720882e-47,4.41808973095124e-147
