SN:3K60180500001584 BD:Jul 23 2018 VC:834b9c1 MD5:48f99e4865ed8b810be1bb0eaaabf929
SysTime,                      Time,         Batt_v,      Batt_v_sd,   BATT_PERCENT,BATT_PERCENT_sd,      [CH4]_ppm,   [CH4]_ppm_sd,      [H2O]_ppm,   [H2O]_ppm_sd,      [CO2]_ppm,   [CO2]_ppm_sd,     [CH4]d_ppm,  [CH4]d_ppm_sd,     [CO2]d_ppm,  [CO2]d_ppm_sd,      GasP_torr,   GasP_torr_sd,         GasT_C,      GasT_C_sd,         AmbT_C,      AmbT_C_sd,         RD0_us,      RD0_us_sd,         RD1_us,      RD1_us_sd, Temp_Status_mA,Temp_Status_mA_sd,Analyzer_Status_mA,Analyzer_Status_mA_sd,       Fit_Flag,      MIU_VALVE,       MIU_DESC
08/28/2024 14:23:59.628, 08/28/2024 14:23:59.577, 4.14156e+0, 0.00000e+0, 9.54705e+1, 0.00000e+0, 2.17989e+0, 0.00000e+0, 2.52884e+4, 0.00000e+0, 5.10226e+2, 0.00000e+0, 2.23644e+0, 0.00000e+0, 5.23463e+2, 0.00000e+0, 4.48556e+2, 0.00000e+0, 2.95822e+1, 0.00000e+0, 2.98218e+1, 0.00000e+0, 3.24197e+0, 0.00000e+0, 2.88063e+0, 0.00000e+0, 2.00000e+1, 0.00000e+0, 1.50000e+1, 0.00000e+0, 2, 4, 
08/28/2024 14:24:00.621, 08/28/2024 14:24:00.572, 4.14133e+0, 0.00000e+0, 9.54363e+1, 0.00000e+0, 2.20111e+0, 0.00000e+0, 2.87488e+4, 0.00000e+0, 5.23484e+2, 0.00000e+0, 2.26627e+0, 0.00000e+0, 5.38979e+2, 0.00000e+0, 4.48643e+2, 0.00000e+0, 2.95950e+1, 0.00000e+0, 2.98195e+1, 0.00000e+0, 3.24223e+0, 0.00000e+0, 2.88048e+0, 0.00000e+0, 2.00000e+1, 0.00000e+0, 1.50000e+1, 0.00000e+0, 2, 4, 
08/28/2024 14:24:01.613, 08/28/2024 14:24:01.566, 4.14200e+0, 0.00000e+0, 9.55351e+1, 0.00000e+0, 2.20487e+0, 0.00000e+0, 2.95076e+4, 0.00000e+0, 5.27134e+2, 0.00000e+0, 2.27191e+0, 0.00000e+0, 5.43161e+2, 0.00000e+0, 4.48806e+2, 0.00000e+0, 2.95746e+1, 0.00000e+0, 2.98201e+1, 0.00000e+0, 3.24132e+0, 0.00000e+0, 2.88172e+0, 0.00000e+0, 2.00000e+1, 0.00000e+0, 1.50000e+1, 0.00000e+0, 2, 5, 
08/28/2024 14:24:02.610, 08/28/2024 14:24:02.560, 4.14186e+0, 0.00000e+0, 9.55149e+1, 0.00000e+0, 2.20787e+0, 0.00000e+0, 2.93193e+4, 0.00000e+0, 5.26969e+2, 0.00000e+0, 2.27456e+0, 0.00000e+0, 5.42887e+2, 0.00000e+0, 4.48812e+2, 0.00000e+0, 2.95822e+1, 0.00000e+0, 2.98214e+1, 0.00000e+0, 3.24060e+0, 0.00000e+0, 2.88059e+0, 0.00000e+0, 2.00000e+1, 0.00000e+0, 1.50000e+1, 0.00000e+0, 2, 5, 
08/28/2024 14:24:03.604, 08/28/2024 14:24:03.555, 4.14220e+0, 0.00000e+0, 9.55660e+1, 0.00000e+0, 2.20962e+0, 0.00000e+0, 2.96002e+4, 0.00000e+0, 5.28167e+2, 0.00000e+0, 2.27702e+0, 0.00000e+0, 5.44277e+2, 0.00000e+0, 4.49174e+2, 0.00000e+0, 2.95742e+1, 0.00000e+0, 2.98191e+1, 0.00000e+0, 3.24121e+0, 0.00000e+0, 2.88090e+0, 0.00000e+0, 2.00000e+1, 0.00000e+0, 1.50000e+1, 0.00000e+0, 2, 5, 
08/28/2024 14:24:04.596, 08/28/2024 14:24:04.550, 4.14236e+0, 0.00000e+0, 9.55886e+1, 0.00000e+0, 2.22031e+0, 0.00000e+0, 2.95611e+4, 0.00000e+0, 5.30741e+2, 0.00000e+0, 2.28794e+0, 0.00000e+0, 5.46908e+2, 0.00000e+0, 4.49123e+2, 0.00000e+0, 2.95757e+1, 0.00000e+0, 2.98280e+1, 0.00000e+0, 3.24102e+0, 0.00000e+0, 2.87977e+0, 0.00000e+0, 2.00000e+1, 0.00000e+0, 1.50000e+1, 0.00000e+0, 2, 6, 
08/28/2024 14:24:05.592, 08/28/2024 14:24:05.544, 4.14218e+0, 0.00000e+0, 9.55618e+1, 0.00000e+0, 2.22207e+0, 0.00000e+0, 2.98996e+4, 0.00000e+0, 5.31078e+2, 0.00000e+0, 2.29055e+0, 0.00000e+0, 5.47446e+2, 0.00000e+0, 4.49228e+2, 0.00000e+0, 2.95752e+1, 0.00000e+0, 2.98193e+1, 0.00000e+0, 3.24053e+0, 0.00000e+0, 2.88077e+0, 0.00000e+0, 2.00000e+1, 0.00000e+0, 1.50000e+1, 0.00000e+0, 2, 6, 
08/28/2024 14:24:06.584, 08/28/2024 14:24:06.539, 4.14226e+0, 0.00000e+0, 9.55743e+1, 0.00000e+0, 2.22361e+0, 0.00000e+0, 2.98384e+4, 0.00000e+0, 5.30330e+2, 0.00000e+0, 2.29200e+0, 0.00000e+0, 5.46641e+2, 0.00000e+0, 4.49334e+2, 0.00000e+0, 2.95805e+1, 0.00000e+0, 2.98239e+1, 0.00000e+0, 3.24151e+0, 0.00000e+0, 2.88014e+0, 0.00000e+0, 2.00000e+1, 0.00000e+0, 1.50000e+1, 0.00000e+0, 2, 6, 
08/28/2024 14:24:07.581, 08/28/2024 14:24:07.533, 4.14213e+0, 0.00000e+0, 9.55550e+1, 0.00000e+0, 2.22524e+0, 0.00000e+0, 3.00284e+4, 0.00000e+0, 5.32402e+2, 0.00000e+0, 2.29413e+0, 0.00000e+0, 5.48884e+2, 0.00000e+0, 4.49434e+2, 0.00000e+0, 2.95715e+1, 0.00000e+0, 2.98234e+1, 0.00000e+0, 3.23986e+0, 0.00000e+0, 2.87924e+0, 0.00000e+0, 2.00000e+1, 0.00000e+0, 1.50000e+1, 0.00000e+0, 2, 7, 
08/28/2024 14:24:08.576, 08/28/2024 14:24:08.528, 4.14252e+0, 0.00000e+0, 9.56138e+1, 0.00000e+0, 2.23244e+0, 0.00000e+0, 2.98656e+4, 0.00000e+0, 5.32724e+2, 0.00000e+0, 2.30117e+0, 0.00000e+0, 5.49123e+2, 0.00000e+0, 4.49567e+2, 0.00000e+0, 2.95761e+1, 0.00000e+0, 2.98266e+1, 0.00000e+0, 3.24059e+0, 0.00000e+0, 2.88089e+0, 0.00000e+0, 2.00000e+1, 0.00000e+0, 1.50000e+1, 0.00000e+0, 2, 7, 
08/28/2024 14:24:09.571, 08/28/2024 14:24:09.522, 4.14236e+0, 0.00000e+0, 9.55892e+1, 0.00000e+0, 2.23766e+0, 0.00000e+0, 3.03339e+4, 0.00000e+0, 5.34312e+2, 0.00000e+0, 2.30766e+0, 0.00000e+0, 5.51027e+2, 0.00000e+0, 4.49482e+2, 0.00000e+0, 2.95723e+1, 0.00000e+0, 2.98297e+1, 0.00000e+0, 3.23965e+0, 0.00000e+0, 2.88087e+0, 0.00000e+0, 2.00000e+1, 0.00000e+0, 1.50000e+1, 0.00000e+0, 2, 7, 
08/28/2024 14:24:10.561, 08/28/2024 14:24:10.517, 4.14229e+0, 0.00000e+0, 9.55784e+1, 0.00000e+0, 2.23692e+0, 0.00000e+0, 3.01802e+4, 0.00000e+0, 5.35005e+2, 0.00000e+0, 2.30653e+0, 0.00000e+0, 5.51654e+2, 0.00000e+0, 4.49740e+2, 0.00000e+0, 2.95751e+1, 0.00000e+0, 2.98313e+1, 0.00000e+0, 3.24117e+0, 0.00000e+0, 2.88078e+0, 0.00000e+0, 2.00000e+1, 0.00000e+0, 1.50000e+1, 0.00000e+0, 2, 8, 
08/28/2024 14:24:11.581, 08/28/2024 14:24:11.511, 4.14233e+0, 0.00000e+0, 9.55855e+1, 0.00000e+0, 2.22194e+0, 0.00000e+0, 3.04063e+4, 0.00000e+0, 5.26879e+2, 0.00000e+0, 2.29161e+0, 0.00000e+0, 5.43402e+2, 0.00000e+0, 4.49744e+2, 0.00000e+0, 2.95732e+1, 0.00000e+0, 2.98332e+1, 0.00000e+0, 3.24194e+0, 0.00000e+0, 2.88052e+0, 0.00000e+0, 2.00000e+1, 0.00000e+0, 1.50000e+1, 0.00000e+0, 3, 8, 
08/28/2024 14:24:12.559, 08/28/2024 14:24:12.506, 4.14233e+0, 0.00000e+0, 9.55845e+1, 0.00000e+0, 2.21386e+0, 0.00000e+0, 3.02814e+4, 0.00000e+0, 5.18950e+2, 0.00000e+0, 2.28299e+0, 0.00000e+0, 5.35156e+2, 0.00000e+0, 4.49647e+2, 0.00000e+0, 2.95771e+1, 0.00000e+0, 2.98378e+1, 0.00000e+0, 3.24005e+0, 0.00000e+0, 2.88042e+0, 0.00000e+0, 2.00000e+1, 0.00000e+0, 1.50000e+1, 0.00000e+0, 3, 8, 
08/28/2024 14:24:13.555, 08/28/2024 14:24:13.500, 4.14235e+0, 0.00000e+0, 9.55871e+1, 0.00000e+0, 2.22533e+0, 0.00000e+0, 3.04568e+4, 0.00000e+0, 5.25465e+2, 0.00000e+0, 2.29523e+0, 0.00000e+0, 5.41972e+2, 0.00000e+0, 4.49860e+2, 0.00000e+0, 2.95770e+1, 0.00000e+0, 2.98367e+1, 0.00000e+0, 3.24095e+0, 0.00000e+0, 2.87954e+0, 0.00000e+0, 2.00000e+1, 0.00000e+0, 1.50000e+1, 0.00000e+0, 3, 1, 
08/28/2024 14:24:14.549, 08/28/2024 14:24:14.495, 4.14240e+0, 0.00000e+0, 9.55950e+1, 0.00000e+0, 2.22989e+0, 0.00000e+0, 3.00517e+4, 0.00000e+0, 5.27842e+2, 0.00000e+0, 2.29898e+0, 0.00000e+0, 5.44196e+2, 0.00000e+0, 4.49846e+2, 0.00000e+0, 2.95766e+1, 0.00000e+0, 2.98353e+1, 0.00000e+0, 3.23995e+0, 0.00000e+0, 2.88065e+0, 0.00000e+0, 2.00000e+1, 0.00000e+0, 1.50000e+1, 0.00000e+0, 3, 1, 
08/28/2024 14:24:15.544, 08/28/2024 14:24:15.489, 4.14243e+0, 0.00000e+0, 9.55999e+1, 0.00000e+0, 2.23419e+0, 0.00000e+0, 3.04907e+4, 0.00000e+0, 5.28190e+2, 0.00000e+0, 2.30446e+0, 0.00000e+0, 5.44801e+2, 0.00000e+0, 4.49953e+2, 0.00000e+0, 2.95812e+1, 0.00000e+0, 2.98406e+1, 0.00000e+0, 3.24144e+0, 0.00000e+0, 2.88056e+0, 0.00000e+0, 2.00000e+1, 0.00000e+0, 1.50000e+1, 0.00000e+0, 3, 1, 
08/28/2024 14:24:16.540, 08/28/2024 14:24:16.485, 4.14250e+0, 0.00000e+0, 9.56104e+1, 0.00000e+0, 2.23302e+0, 0.00000e+0, 3.07388e+4, 0.00000e+0, 5.27805e+2, 0.00000e+0, 2.30384e+0, 0.00000e+0, 5.44543e+2, 0.00000e+0, 4.49951e+2, 0.00000e+0, 2.95747e+1, 0.00000e+0, 2.98419e+1, 0.00000e+0, 3.24081e+0, 0.00000e+0, 2.88048e+0, 0.00000e+0, 2.00000e+1, 0.00000e+0, 1.50000e+1, 0.00000e+0, 3, 2, 
08/28/2024 14:24:17.535, 08/28/2024 14:24:17.480, 4.14274e+0, 0.00000e+0, 9.56463e+1, 0.00000e+0, 2.13687e+0, 0.00000e+0, 3.05689e+4, 0.00000e+0, 4.82795e+2, 0.00000e+0, 2.20425e+0, 0.00000e+0, 4.98019e+2, 0.00000e+0, 4.50037e+2, 0.00000e+0, 2.95760e+1, 0.00000e+0, 2.98528e+1, 0.00000e+0, 3.24199e+0, 0.00000e+0, 2.87985e+0, 0.00000e+0, 2.00000e+1, 0.00000e+0, 1.50000e+1, 0.00000e+0, 3, 2, 
08/28/2024 14:24:18.543, 08/28/2024 14:24:18.475, 4.14242e+0, 0.00000e+0, 9.55976e+1, 0.00000e+0, 1.96110e+0, 0.00000e+0, 2.95431e+4, 0.00000e+0, 6.33345e+2, 0.00000e+0, 2.02080e+0, 0.00000e+0, 6.52625e+2, 0.00000e+0, 4.50136e+2, 0.00000e+0, 2.95709e+1, 0.00000e+0, 2.98548e+1, 0.00000e+0, 3.24068e+0, 0.00000e+0, 2.88086e+0, 0.00000e+0, 2.00000e+1, 0.00000e+0, 1.50000e+1, 0.00000e+0, 3, 2, 
08/28/2024 14:24:19.521, 08/28/2024 14:24:19.468, 4.14281e+0, 0.00000e+0, 9.56561e+1, 0.00000e+0, 1.98419e+0, 0.00000e+0, 2.83432e+4, 0.00000e+0, 8.56046e+2, 0.00000e+0, 2.04206e+0, 0.00000e+0, 8.81017e+2, 0.00000e+0, 4.50087e+2, 0.00000e+0, 2.95662e+1, 0.00000e+0, 2.98556e+1, 0.00000e+0, 3.24028e+0, 0.00000e+0, 2.87994e+0, 0.00000e+0, 2.00000e+1, 0.00000e+0, 1.50000e+1, 0.00000e+0, 3, 3, 
08/28/2024 14:24:20.519, 08/28/2024 14:24:20.463, 4.14290e+0, 0.00000e+0, 9.56690e+1, 0.00000e+0, 1.98295e+0, 0.00000e+0, 2.79486e+4, 0.00000e+0, 4.75715e+2, 0.00000e+0, 2.03996e+0, 0.00000e+0, 4.89393e+2, 0.00000e+0, 4.50438e+2, 0.00000e+0, 2.95669e+1, 0.00000e+0, 2.98597e+1, 0.00000e+0, 3.24223e+0, 0.00000e+0, 2.87983e+0, 0.00000e+0, 2.00000e+1, 0.00000e+0, 1.50000e+1, 0.00000e+0, 3, 3, 
08/28/2024 14:24:21.508, 08/28/2024 14:24:21.458, 4.14287e+0, 0.00000e+0, 9.56648e+1, 0.00000e+0, 1.98210e+0, 0.00000e+0, 2.80557e+4, 0.00000e+0, 5.89050e+2, 0.00000e+0, 2.03932e+0, 0.00000e+0, 6.06053e+2, 0.00000e+0, 4.50503e+2, 0.00000e+0, 2.95690e+1, 0.00000e+0, 2.98640e+1, 0.00000e+0, 3.24143e+0, 0.00000e+0, 2.88125e+0, 0.00000e+0, 2.00000e+1, 0.00000e+0, 1.50000e+1, 0.00000e+0, 3, 3, 
08/28/2024 14:24:22.504, 08/28/2024 14:24:22.451, 4.14308e+0, 0.00000e+0, 9.56970e+1, 0.00000e+0, 1.98406e+0, 0.00000e+0, 2.76938e+4, 0.00000e+0, 4.39361e+2, 0.00000e+0, 2.04057e+0, 0.00000e+0, 4.51876e+2, 0.00000e+0, 4.50349e+2, 0.00000e+0, 2.95656e+1, 0.00000e+0, 2.98659e+1, 0.00000e+0, 3.24219e+0, 0.00000e+0, 2.88080e+0, 0.00000e+0, 2.00000e+1, 0.00000e+0, 1.50000e+1, 0.00000e+0, 3, 4, 
08/28/2024 14:24:23.499, 08/28/2024 14:24:23.446, 4.14293e+0, 0.00000e+0, 9.56747e+1, 0.00000e+0, 1.98483e+0, 0.00000e+0, 2.78100e+4, 0.00000e+0, 4.44135e+2, 0.00000e+0, 2.04160e+0, 0.00000e+0, 4.56839e+2, 0.00000e+0, 4.50435e+2, 0.00000e+0, 2.95661e+1, 0.00000e+0, 2.98690e+1, 0.00000e+0, 3.24246e+0, 0.00000e+0, 2.88102e+0, 0.00000e+0, 2.00000e+1, 0.00000e+0, 1.50000e+1, 0.00000e+0, 3, 4, 
08/28/2024 14:24:24.491, 08/28/2024 14:24:24.441, 4.14271e+0, 0.00000e+0, 9.56409e+1, 0.00000e+0, 1.98497e+0, 0.00000e+0, 2.76073e+4, 0.00000e+0, 4.03798e+2, 0.00000e+0, 2.04132e+0, 0.00000e+0, 4.15262e+2, 0.00000e+0, 4.50669e+2, 0.00000e+0, 2.95708e+1, 0.00000e+0, 2.98657e+1, 0.00000e+0, 3.24303e+0, 0.00000e+0, 2.88125e+0, 0.00000e+0, 2.00000e+1, 0.00000e+0, 1.50000e+1, 0.00000e+0, 3, 4, 
08/28/2024 14:24:25.498, 08/28/2024 14:24:25.443, 4.14282e+0, 0.00000e+0, 9.56578e+1, 0.00000e+0, 1.98712e+0, 0.00000e+0, 2.69072e+4, 0.00000e+0, 4.11551e+2, 0.00000e+0, 2.04207e+0, 0.00000e+0, 4.22931e+2, 0.00000e+0, 4.50800e+2, 0.00000e+0, 2.95619e+1, 0.00000e+0, 2.98738e+1, 0.00000e+0, 3.24203e+0, 0.00000e+0, 2.88219e+0, 0.00000e+0, 2.00000e+1, 0.00000e+0, 1.50000e+1, 0.00000e+0, 3, 5, 
08/28/2024 14:24:26.488, 08/28/2024 14:24:26.437, 4.14280e+0, 0.00000e+0, 9.56553e+1, 0.00000e+0, 1.98373e+0, 0.00000e+0, 2.72372e+4, 0.00000e+0, 6.06486e+2, 0.00000e+0, 2.03927e+0, 0.00000e+0, 6.23467e+2, 0.00000e+0, 4.50926e+2, 0.00000e+0, 2.95635e+1, 0.00000e+0, 2.98780e+1, 0.00000e+0, 3.24356e+0, 0.00000e+0, 2.88152e+0, 0.00000e+0, 2.00000e+1, 0.00000e+0, 1.50000e+1, 0.00000e+0, 3, 5, 
08/28/2024 14:24:27.484, 08/28/2024 14:24:27.432, 4.14302e+0, 0.00000e+0, 9.56872e+1, 0.00000e+0, 1.99123e+0, 0.00000e+0, 2.70716e+4, 0.00000e+0, 6.25385e+2, 0.00000e+0, 2.04663e+0, 0.00000e+0, 6.42787e+2, 0.00000e+0, 4.50957e+2, 0.00000e+0, 2.95624e+1, 0.00000e+0, 2.98771e+1, 0.00000e+0, 3.24146e+0, 0.00000e+0, 2.88072e+0, 0.00000e+0, 2.00000e+1, 0.00000e+0, 1.50000e+1, 0.00000e+0, 3, 5, 
08/28/2024 14:24:28.478, 08/28/2024 14:24:28.425, 4.14284e+0, 0.00000e+0, 9.56606e+1, 0.00000e+0, 1.98900e+0, 0.00000e+0, 2.66001e+4, 0.00000e+0, 5.58248e+2, 0.00000e+0, 2.04335e+0, 0.00000e+0, 5.73503e+2, 0.00000e+0, 4.50912e+2, 0.00000e+0, 2.95616e+1, 0.00000e+0, 2.98831e+1, 0.00000e+0, 3.24206e+0, 0.00000e+0, 2.88112e+0, 0.00000e+0, 2.00000e+1, 0.00000e+0, 1.50000e+1, 0.00000e+0, 3, 6, 
08/28/2024 14:24:29.469, 08/28/2024 14:24:29.421, 4.14303e+0, 0.00000e+0, 9.56888e+1, 0.00000e+0, 1.98593e+0, 0.00000e+0, 2.63987e+4, 0.00000e+0, 5.40685e+2, 0.00000e+0, 2.03977e+0, 0.00000e+0, 5.55346e+2, 0.00000e+0, 4.50945e+2, 0.00000e+0, 2.95597e+1, 0.00000e+0, 2.98801e+1, 0.00000e+0, 3.24251e+0, 0.00000e+0, 2.88207e+0, 0.00000e+0, 2.00000e+1, 0.00000e+0, 1.50000e+1, 0.00000e+0, 3, 6, 
08/28/2024 14:24:30.472, 08/28/2024 14:24:30.415, 4.14286e+0, 0.00000e+0, 9.56641e+1, 0.00000e+0, 1.99076e+0, 0.00000e+0, 2.64034e+4, 0.00000e+0, 5.01602e+2, 0.00000e+0, 2.04474e+0, 0.00000e+0, 5.15205e+2, 0.00000e+0, 4.50883e+2, 0.00000e+0, 2.95708e+1, 0.00000e+0, 2.98859e+1, 0.00000e+0, 3.24198e+0, 0.00000e+0, 2.88135e+0, 0.00000e+0, 2.00000e+1, 0.00000e+0, 1.50000e+1, 0.00000e+0, 3, 6, 
08/28/2024 14:24:31.461, 08/28/2024 14:24:31.410, 4.14306e+0, 0.00000e+0, 9.56931e+1, 0.00000e+0, 1.99162e+0, 0.00000e+0, 2.63236e+4, 0.00000e+0, 4.53115e+2, 0.00000e+0, 2.04546e+0, 0.00000e+0, 4.65365e+2, 0.00000e+0, 4.51069e+2, 0.00000e+0, 2.95574e+1, 0.00000e+0, 2.98908e+1, 0.00000e+0, 3.24283e+0, 0.00000e+0, 2.88152e+0, 0.00000e+0, 2.00000e+1, 0.00000e+0, 1.50000e+1, 0.00000e+0, 3, 7, 
08/28/2024 14:24:32.458, 08/28/2024 14:24:32.404, 4.14324e+0, 0.00000e+0, 9.57204e+1, 0.00000e+0, 1.98805e+0, 0.00000e+0, 2.62205e+4, 0.00000e+0, 4.25227e+2, 0.00000e+0, 2.04158e+0, 0.00000e+0, 4.36677e+2, 0.00000e+0, 4.51190e+2, 0.00000e+0, 2.95575e+1, 0.00000e+0, 2.98918e+1, 0.00000e+0, 3.24346e+0, 0.00000e+0, 2.88169e+0, 0.00000e+0, 2.00000e+1, 0.00000e+0, 1.50000e+1, 0.00000e+0, 3, 7, 
08/28/2024 14:24:33.450, 08/28/2024 14:24:33.398, 4.14317e+0, 0.00000e+0, 9.57101e+1, 0.00000e+0, 1.98594e+0, 0.00000e+0, 2.60883e+4, 0.00000e+0, 3.99769e+2, 0.00000e+0, 2.03914e+0, 0.00000e+0, 4.10478e+2, 0.00000e+0, 4.51341e+2, 0.00000e+0, 2.95591e+1, 0.00000e+0, 2.98948e+1, 0.00000e+0, 3.24407e+0, 0.00000e+0, 2.88154e+0, 0.00000e+0, 2.00000e+1, 0.00000e+0, 1.50000e+1, 0.00000e+0, 3, 7, 
08/28/2024 14:24:34.450, 08/28/2024 14:24:34.393, 4.14299e+0, 0.00000e+0, 9.56830e+1, 0.00000e+0, 1.99010e+0, 0.00000e+0, 2.63254e+4, 0.00000e+0, 3.90259e+2, 0.00000e+0, 2.04390e+0, 0.00000e+0, 4.00810e+2, 0.00000e+0, 4.51308e+2, 0.00000e+0, 2.95589e+1, 0.00000e+0, 2.98954e+1, 0.00000e+0, 3.24363e+0, 0.00000e+0, 2.88094e+0, 0.00000e+0, 2.00000e+1, 0.00000e+0, 1.50000e+1, 0.00000e+0, 3, 8, 
08/28/2024 14:24:35.438, 08/28/2024 14:24:35.388, 4.14323e+0, 0.00000e+0, 9.57184e+1, 0.00000e+0, 1.98618e+0, 0.00000e+0, 2.64740e+4, 0.00000e+0, 3.87935e+2, 0.00000e+0, 2.04019e+0, 0.00000e+0, 3.98485e+2, 0.00000e+0, 4.51466e+2, 0.00000e+0, 2.95577e+1, 0.00000e+0, 2.98986e+1, 0.00000e+0, 3.24284e+0, 0.00000e+0, 2.88237e+0, 0.00000e+0, 2.00000e+1, 0.00000e+0, 1.50000e+1, 0.00000e+0, 3, 8, 
08/28/2024 14:24:36.436, 08/28/2024 14:24:36.381, 4.14296e+0, 0.00000e+0, 9.56784e+1, 0.00000e+0, 1.98129e+0, 0.00000e+0, 2.60566e+4, 0.00000e+0, 3.97714e+2, 0.00000e+0, 2.03430e+0, 0.00000e+0, 4.08355e+2, 0.00000e+0, 4.51513e+2, 0.00000e+0, 2.95551e+1, 0.00000e+0, 2.99068e+1, 0.00000e+0, 3.24557e+0, 0.00000e+0, 2.88172e+0, 0.00000e+0, 2.00000e+1, 0.00000e+0, 1.50000e+1, 0.00000e+0, 3, 8, 
08/28/2024 14:24:37.430, 08/28/2024 14:24:37.377, 4.14316e+0, 0.00000e+0, 9.57079e+1, 0.00000e+0, 1.98303e+0, 0.00000e+0, 2.56719e+4, 0.00000e+0, 3.94181e+2, 0.00000e+0, 2.03528e+0, 0.00000e+0, 4.04568e+2, 0.00000e+0, 4.51443e+2, 0.00000e+0, 2.95639e+1, 0.00000e+0, 2.99063e+1, 0.00000e+0, 3.24361e+0, 0.00000e+0, 2.88086e+0, 0.00000e+0, 2.00000e+1, 0.00000e+0, 1.50000e+1, 0.00000e+0, 3, 1, 
08/28/2024 14:24:38.426, 08/28/2024 14:24:38.371, 4.14301e+0, 0.00000e+0, 9.56858e+1, 0.00000e+0, 1.99887e+0, 0.00000e+0, 2.63321e+4, 0.00000e+0, 4.32705e+2, 0.00000e+0, 2.05293e+0, 0.00000e+0, 4.44407e+2, 0.00000e+0, 4.51485e+2, 0.00000e+0, 2.95602e+1, 0.00000e+0, 2.99077e+1, 0.00000e+0, 3.24430e+0, 0.00000e+0, 2.88207e+0, 0.00000e+0, 2.00000e+1, 0.00000e+0, 1.50000e+1, 0.00000e+0, 3, 1, 
08/28/2024 14:24:39.416, 08/28/2024 14:24:39.365, 4.14310e+0, 0.00000e+0, 9.56995e+1, 0.00000e+0, 2.00944e+0, 0.00000e+0, 2.62019e+4, 0.00000e+0, 4.33695e+2, 0.00000e+0, 2.06350e+0, 0.00000e+0, 4.45365e+2, 0.00000e+0, 4.51541e+2, 0.00000e+0, 2.95604e+1, 0.00000e+0, 2.99053e+1, 0.00000e+0, 3.24369e+0, 0.00000e+0, 2.88124e+0, 0.00000e+0, 2.00000e+1, 0.00000e+0, 1.50000e+1, 0.00000e+0, 3, 1, 
08/28/2024 14:24:40.411, 08/28/2024 14:24:40.363, 4.14285e+0, 0.00000e+0, 9.56623e+1, 0.00000e+0, 2.00049e+0, 0.00000e+0, 2.61142e+4, 0.00000e+0, 3.89796e+2, 0.00000e+0, 2.05413e+0, 0.00000e+0, 4.00248e+2, 0.00000e+0, 4.51537e+2, 0.00000e+0, 2.95613e+1, 0.00000e+0, 2.99088e+1, 0.00000e+0, 3.24383e+0, 0.00000e+0, 2.88214e+0, 0.00000e+0, 2.00000e+1, 0.00000e+0, 1.50000e+1, 0.00000e+0, 3, 2, 
08/28/2024 14:24:41.407, 08/28/2024 14:24:41.355, 4.14292e+0, 0.00000e+0, 9.56731e+1, 0.00000e+0, 1.98167e+0, 0.00000e+0, 2.60112e+4, 0.00000e+0, 3.84223e+2, 0.00000e+0, 2.03459e+0, 0.00000e+0, 3.94484e+2, 0.00000e+0, 4.51797e+2, 0.00000e+0, 2.95688e+1, 0.00000e+0, 2.99208e+1, 0.00000e+0, 3.24448e+0, 0.00000e+0, 2.88217e+0, 0.00000e+0, 2.00000e+1, 0.00000e+0, 1.50000e+1, 0.00000e+0, 3, 2, 
08/28/2024 14:24:42.431, 08/28/2024 14:24:42.350, 4.14314e+0, 0.00000e+0, 9.57049e+1, 0.00000e+0, 1.98205e+0, 0.00000e+0, 2.56101e+4, 0.00000e+0, 3.80721e+2, 0.00000e+0, 2.03414e+0, 0.00000e+0, 3.90728e+2, 0.00000e+0, 4.51744e+2, 0.00000e+0, 2.95702e+1, 0.00000e+0, 2.99227e+1, 0.00000e+0, 3.24254e+0, 0.00000e+0, 2.88336e+0, 0.00000e+0, 2.00000e+1, 0.00000e+0, 1.50000e+1, 0.00000e+0, 3, 2, 
08/28/2024 14:24:43.393, 08/28/2024 14:24:43.344, 4.14306e+0, 0.00000e+0, 9.56929e+1, 0.00000e+0, 1.97801e+0, 0.00000e+0, 2.60034e+4, 0.00000e+0, 3.81418e+2, 0.00000e+0, 2.03082e+0, 0.00000e+0, 3.91601e+2, 0.00000e+0, 4.51798e+2, 0.00000e+0, 2.95613e+1, 0.00000e+0, 2.99263e+1, 0.00000e+0, 3.24448e+0, 0.00000e+0, 2.88181e+0, 0.00000e+0, 2.00000e+1, 0.00000e+0, 1.50000e+1, 0.00000e+0, 3, 3, 
08/28/2024 14:24:44.393, 08/28/2024 14:24:44.338, 4.14296e+0, 0.00000e+0, 9.56793e+1, 0.00000e+0, 1.98241e+0, 0.00000e+0, 2.57859e+4, 0.00000e+0, 3.79807e+2, 0.00000e+0, 2.03488e+0, 0.00000e+0, 3.89860e+2, 0.00000e+0, 4.52020e+2, 0.00000e+0, 2.95628e+1, 0.00000e+0, 2.99304e+1, 0.00000e+0, 3.24411e+0, 0.00000e+0, 2.88261e+0, 0.00000e+0, 2.00000e+1, 0.00000e+0, 1.50000e+1, 0.00000e+0, 3, 3, 
08/28/2024 14:24:45.387, 08/28/2024 14:24:45.333, 4.14308e+0, 0.00000e+0, 9.56972e+1, 0.00000e+0, 1.98159e+0, 0.00000e+0, 2.58460e+4, 0.00000e+0, 3.80433e+2, 0.00000e+0, 2.03416e+0, 0.00000e+0, 3.90527e+2, 0.00000e+0, 4.52036e+2, 0.00000e+0, 2.95613e+1, 0.00000e+0, 2.99377e+1, 0.00000e+0, 3.24247e+0, 0.00000e+0, 2.88223e+0, 0.00000e+0, 2.00000e+1, 0.00000e+0, 1.50000e+1, 0.00000e+0, 3, 3, 
08/28/2024 14:24:46.406, 08/28/2024 14:24:46.327, 4.14294e+0, 0.00000e+0, 9.56754e+1, 0.00000e+0, 1.98452e+0, 0.00000e+0, 2.58713e+4, 0.00000e+0, 3.82909e+2, 0.00000e+0, 2.03722e+0, 0.00000e+0, 3.93079e+2, 0.00000e+0, 4.52129e+2, 0.00000e+0, 2.95608e+1, 0.00000e+0, 2.99310e+1, 0.00000e+0, 3.24359e+0, 0.00000e+0, 2.88146e+0, 0.00000e+0, 2.00000e+1, 0.00000e+0, 1.50000e+1, 0.00000e+0, 3, 4, 
08/28/2024 14:24:47.381, 08/28/2024 14:24:47.323, 4.14339e+0, 0.00000e+0, 9.57419e+1, 0.00000e+0, 1.98573e+0, 0.00000e+0, 2.57076e+4, 0.00000e+0, 3.82062e+2, 0.00000e+0, 2.03813e+0, 0.00000e+0, 3.92143e+2, 0.00000e+0, 4.52186e+2, 0.00000e+0, 2.95562e+1, 0.00000e+0, 2.99482e+1, 0.00000e+0, 3.24422e+0, 0.00000e+0, 2.88299e+0, 0.00000e+0, 2.00000e+1, 0.00000e+0, 1.50000e+1, 0.00000e+0, 3, 4, 
08/28/2024 14:24:48.367, 08/28/2024 14:24:48.316, 4.14351e+0, 0.00000e+0, 9.57611e+1, 0.00000e+0, 1.98288e+0, 0.00000e+0, 2.55829e+4, 0.00000e+0, 3.81296e+2, 0.00000e+0, 2.03494e+0, 0.00000e+0, 3.91307e+2, 0.00000e+0, 4.52358e+2, 0.00000e+0, 2.95574e+1, 0.00000e+0, 2.99449e+1, 0.00000e+0, 3.24394e+0, 0.00000e+0, 2.88253e+0, 0.00000e+0, 2.00000e+1, 0.00000e+0, 1.50000e+1, 0.00000e+0, 3, 4, 
08/28/2024 14:24:49.362, 08/28/2024 14:24:49.312, 4.14333e+0, 0.00000e+0, 9.57335e+1, 0.00000e+0, 1.98212e+0, 0.00000e+0, 2.55488e+4, 0.00000e+0, 3.80890e+2, 0.00000e+0, 2.03409e+0, 0.00000e+0, 3.90876e+2, 0.00000e+0, 4.52358e+2, 0.00000e+0, 2.95611e+1, 0.00000e+0, 2.99450e+1, 0.00000e+0, 3.24602e+0, 0.00000e+0, 2.88338e+0, 0.00000e+0, 2.00000e+1, 0.00000e+0, 1.50000e+1, 0.00000e+0, 3, 5, 
08/28/2024 14:24:50.356, 08/28/2024 14:24:50.306, 4.14351e+0, 0.00000e+0, 9.57605e+1, 0.00000e+0, 1.98597e+0, 0.00000e+0, 2.56984e+4, 0.00000e+0, 3.80670e+2, 0.00000e+0, 2.03835e+0, 0.00000e+0, 3.90710e+2, 0.00000e+0, 4.52358e+2, 0.00000e+0, 2.95603e+1, 0.00000e+0, 2.99548e+1, 0.00000e+0, 3.24312e+0, 0.00000e+0, 2.88370e+0, 0.00000e+0, 2.00000e+1, 0.00000e+0, 5.00000e+0, 0.00000e+0, 3, 5, 
08/28/2024 14:24:51.363, 08/28/2024 14:24:51.299, 4.14365e+0, 0.00000e+0, 9.57814e+1, 0.00000e+0, 1.98223e+0, 0.00000e+0, 2.58396e+4, 0.00000e+0, 3.80020e+2, 0.00000e+0, 2.03481e+0, 0.00000e+0, 3.90100e+2, 0.00000e+0, 4.52267e+2, 0.00000e+0, 2.95611e+1, 0.00000e+0, 2.99531e+1, 0.00000e+0, 3.24397e+0, 0.00000e+0, 2.88308e+0, 0.00000e+0, 2.00000e+1, 0.00000e+0, 5.00000e+0, 0.00000e+0, 3, 5, 
08/28/2024 14:24:52.346, 08/28/2024 14:24:52.294, 4.14345e+0, 0.00000e+0, 9.57520e+1, 0.00000e+0, 1.98022e+0, 0.00000e+0, 2.56131e+4, 0.00000e+0, 3.81239e+2, 0.00000e+0, 2.03227e+0, 0.00000e+0, 3.91261e+2, 0.00000e+0, 4.52574e+2, 0.00000e+0, 2.95600e+1, 0.00000e+0, 2.99726e+1, 0.00000e+0, 3.24437e+0, 0.00000e+0, 2.88233e+0, 0.00000e+0, 2.00000e+1, 0.00000e+0, 5.00000e+0, 0.00000e+0, 3, 6, 
08/28/2024 14:24:53.338, 08/28/2024 14:24:53.289, 4.14328e+0, 0.00000e+0, 9.57256e+1, 0.00000e+0, 1.98256e+0, 0.00000e+0, 2.55268e+4, 0.00000e+0, 3.80446e+2, 0.00000e+0, 2.03449e+0, 0.00000e+0, 3.90412e+2, 0.00000e+0, 4.52816e+2, 0.00000e+0, 2.95570e+1, 0.00000e+0, 2.99602e+1, 0.00000e+0, 3.24498e+0, 0.00000e+0, 2.88347e+0, 0.00000e+0, 2.00000e+1, 0.00000e+0, 5.00000e+0, 0.00000e+0, 3, 6, 
08/28/2024 14:24:54.341, 08/28/2024 14:24:54.284, 4.14344e+0, 0.00000e+0, 9.57493e+1, 0.00000e+0, 1.98731e+0, 0.00000e+0, 2.55667e+4, 0.00000e+0, 3.80343e+2, 0.00000e+0, 2.03945e+0, 0.00000e+0, 3.90322e+2, 0.00000e+0, 4.52897e+2, 0.00000e+0, 2.95623e+1, 0.00000e+0, 2.99710e+1, 0.00000e+0, 3.24412e+0, 0.00000e+0, 2.88331e+0, 0.00000e+0, 2.00000e+1, 0.00000e+0, 5.00000e+0, 0.00000e+0, 3, 6, 
08/28/2024 14:24:55.343, 08/28/2024 14:24:55.278, 4.14359e+0, 0.00000e+0, 9.57730e+1, 0.00000e+0, 1.99480e+0, 0.00000e+0, 2.56197e+4, 0.00000e+0, 3.85505e+2, 0.00000e+0, 2.04725e+0, 0.00000e+0, 3.95641e+2, 0.00000e+0, 4.52877e+2, 0.00000e+0, 2.95636e+1, 0.00000e+0, 2.99707e+1, 0.00000e+0, 3.24473e+0, 0.00000e+0, 2.88264e+0, 0.00000e+0, 2.00000e+1, 0.00000e+0, 5.00000e+0, 0.00000e+0, 3, 7, 
08/28/2024 14:24:56.337, 08/28/2024 14:24:56.273, 4.14323e+0, 0.00000e+0, 9.57184e+1, 0.00000e+0, 2.02272e+0, 0.00000e+0, 2.63966e+4, 0.00000e+0, 4.03999e+2, 0.00000e+0, 2.07756e+0, 0.00000e+0, 4.14952e+2, 0.00000e+0, 4.52864e+2, 0.00000e+0, 2.95690e+1, 0.00000e+0, 2.99726e+1, 0.00000e+0, 3.24617e+0, 0.00000e+0, 2.88267e+0, 0.00000e+0, 2.00000e+1, 0.00000e+0, 5.00000e+0, 0.00000e+0, 3, 7, 
08/28/2024 14:24:57.337, 08/28/2024 14:24:57.267, 4.14316e+0, 0.00000e+0, 9.57084e+1, 0.00000e+0, 2.02735e+0, 0.00000e+0, 2.69709e+4, 0.00000e+0, 4.08911e+2, 0.00000e+0, 2.08354e+0, 0.00000e+0, 4.20245e+2, 0.00000e+0, 4.52960e+2, 0.00000e+0, 2.95794e+1, 0.00000e+0, 2.99842e+1, 0.00000e+0, 3.24369e+0, 0.00000e+0, 2.88246e+0, 0.00000e+0, 2.00000e+1, 0.00000e+0, 5.00000e+0, 0.00000e+0, 3, 7, 
08/28/2024 14:24:58.322, 08/28/2024 14:24:58.262, 4.14306e+0, 0.00000e+0, 9.56938e+1, 0.00000e+0, 2.02806e+0, 0.00000e+0, 2.69818e+4, 0.00000e+0, 4.07835e+2, 0.00000e+0, 2.08430e+0, 0.00000e+0, 4.19144e+2, 0.00000e+0, 4.52989e+2, 0.00000e+0, 2.95723e+1, 0.00000e+0, 2.99822e+1, 0.00000e+0, 3.24372e+0, 0.00000e+0, 2.88243e+0, 0.00000e+0, 2.00000e+1, 0.00000e+0, 5.00000e+0, 0.00000e+0, 3, 8, 
08/28/2024 14:24:59.309, 08/28/2024 14:24:59.256, 4.14338e+0, 0.00000e+0, 9.57405e+1, 0.00000e+0, 2.02896e+0, 0.00000e+0, 2.71325e+4, 0.00000e+0, 4.06499e+2, 0.00000e+0, 2.08555e+0, 0.00000e+0, 4.17836e+2, 0.00000e+0, 4.53074e+2, 0.00000e+0, 2.95658e+1, 0.00000e+0, 2.99909e+1, 0.00000e+0, 3.24323e+0, 0.00000e+0, 2.88182e+0, 0.00000e+0, 2.00000e+1, 0.00000e+0, 5.00000e+0, 0.00000e+0, 3, 8, 
08/28/2024 14:25:00.300, 08/28/2024 14:25:00.250, 4.14361e+0, 0.00000e+0, 9.57755e+1, 0.00000e+0, 2.03117e+0, 0.00000e+0, 2.73107e+4, 0.00000e+0, 4.08740e+2, 0.00000e+0, 2.08820e+0, 0.00000e+0, 4.20216e+2, 0.00000e+0, 4.53164e+2, 0.00000e+0, 2.95673e+1, 0.00000e+0, 2.99925e+1, 0.00000e+0, 3.24429e+0, 0.00000e+0, 2.88125e+0, 0.00000e+0, 2.00000e+1, 0.00000e+0, 5.00000e+0, 0.00000e+0, 3, 8, 
08/28/2024 14:25:01.299, 08/28/2024 14:25:01.245, 4.14360e+0, 0.00000e+0, 9.57732e+1, 0.00000e+0, 2.04012e+0, 0.00000e+0, 2.73129e+4, 0.00000e+0, 4.09743e+2, 0.00000e+0, 2.09741e+0, 0.00000e+0, 4.21249e+2, 0.00000e+0, 4.53072e+2, 0.00000e+0, 2.95658e+1, 0.00000e+0, 2.99940e+1, 0.00000e+0, 3.24307e+0, 0.00000e+0, 2.88066e+0, 0.00000e+0, 2.00000e+1, 0.00000e+0, 5.00000e+0, 0.00000e+0, 3, 1, 
08/28/2024 14:25:02.300, 08/28/2024 14:25:02.240, 4.14359e+0, 0.00000e+0, 9.57731e+1, 0.00000e+0, 2.04467e+0, 0.00000e+0, 2.73932e+4, 0.00000e+0, 4.12546e+2, 0.00000e+0, 2.10226e+0, 0.00000e+0, 4.24165e+2, 0.00000e+0, 4.53078e+2, 0.00000e+0, 2.95711e+1, 0.00000e+0, 3.00064e+1, 0.00000e+0, 3.24350e+0, 0.00000e+0, 2.88060e+0, 0.00000e+0, 2.00000e+1, 0.00000e+0, 5.00000e+0, 0.00000e+0, 3, 1, 
08/28/2024 14:25:03.303, 08/28/2024 14:25:03.234, 4.14352e+0, 0.00000e+0, 9.57622e+1, 0.00000e+0, 2.04513e+0, 0.00000e+0, 2.74042e+4, 0.00000e+0, 4.16408e+2, 0.00000e+0, 2.10275e+0, 0.00000e+0, 4.28141e+2, 0.00000e+0, 4.53101e+2, 0.00000e+0, 2.95668e+1, 0.00000e+0, 3.00056e+1, 0.00000e+0, 3.24351e+0, 0.00000e+0, 2.88107e+0, 0.00000e+0, 2.00000e+1, 0.00000e+0, 5.00000e+0, 0.00000e+0, 3, 1, 
08/28/2024 14:25:04.287, 08/28/2024 14:25:04.229, 4.14339e+0, 0.00000e+0, 9.57428e+1, 0.00000e+0, 2.05328e+0, 0.00000e+0, 2.77279e+4, 0.00000e+0, 4.18313e+2, 0.00000e+0, 2.11183e+0, 0.00000e+0, 4.30243e+2, 0.00000e+0, 4.53261e+2, 0.00000e+0, 2.95795e+1, 0.00000e+0, 3.00044e+1, 0.00000e+0, 3.24366e+0, 0.00000e+0, 2.88102e+0, 0.00000e+0, 2.00000e+1, 0.00000e+0, 5.00000e+0, 0.00000e+0, 3, 2, 
08/28/2024 14:25:05.291, 08/28/2024 14:25:05.224, 4.14362e+0, 0.00000e+0, 9.57771e+1, 0.00000e+0, 2.05601e+0, 0.00000e+0, 2.75937e+4, 0.00000e+0, 4.21225e+2, 0.00000e+0, 2.11435e+0, 0.00000e+0, 4.33178e+2, 0.00000e+0, 4.53261e+2, 0.00000e+0, 2.95701e+1, 0.00000e+0, 3.00139e+1, 0.00000e+0, 3.24328e+0, 0.00000e+0, 2.88112e+0, 0.00000e+0, 2.00000e+1, 0.00000e+0, 5.00000e+0, 0.00000e+0, 3, 2, 
08/28/2024 14:25:06.286, 08/28/2024 14:25:06.218, 4.14322e+0, 0.00000e+0, 9.57174e+1, 0.00000e+0, 2.06064e+0, 0.00000e+0, 2.77427e+4, 0.00000e+0, 4.25030e+2, 0.00000e+0, 2.11944e+0, 0.00000e+0, 4.37158e+2, 0.00000e+0, 4.53309e+2, 0.00000e+0, 2.95708e+1, 0.00000e+0, 3.00168e+1, 0.00000e+0, 3.24308e+0, 0.00000e+0, 2.88083e+0, 0.00000e+0, 2.00000e+1, 0.00000e+0, 5.00000e+0, 0.00000e+0, 3, 2, 
08/28/2024 14:25:07.262, 08/28/2024 14:25:07.213, 4.14330e+0, 0.00000e+0, 9.57289e+1, 0.00000e+0, 2.06640e+0, 0.00000e+0, 2.78807e+4, 0.00000e+0, 4.26195e+2, 0.00000e+0, 2.12567e+0, 0.00000e+0, 4.38418e+2, 0.00000e+0, 4.53413e+2, 0.00000e+0, 2.95694e+1, 0.00000e+0, 3.00268e+1, 0.00000e+0, 3.24200e+0, 0.00000e+0, 2.88138e+0, 0.00000e+0, 2.00000e+1, 0.00000e+0, 5.00000e+0, 0.00000e+0, 3, 3, 
08/28/2024 14:25:08.264, 08/28/2024 14:25:08.208, 4.14363e+0, 0.00000e+0, 9.57777e+1, 0.00000e+0, 2.06930e+0, 0.00000e+0, 2.79126e+4, 0.00000e+0, 4.30096e+2, 0.00000e+0, 2.12872e+0, 0.00000e+0, 4.42446e+2, 0.00000e+0, 4.53464e+2, 0.00000e+0, 2.95699e+1, 0.00000e+0, 3.00320e+1, 0.00000e+0, 3.24427e+0, 0.00000e+0, 2.88034e+0, 0.00000e+0, 2.00000e+1, 0.00000e+0, 5.00000e+0, 0.00000e+0, 3, 3, 
08/28/2024 14:25:09.254, 08/28/2024 14:25:09.202, 4.14357e+0, 0.00000e+0, 9.57687e+1, 0.00000e+0, 2.07195e+0, 0.00000e+0, 2.79191e+4, 0.00000e+0, 4.30291e+2, 0.00000e+0, 2.13146e+0, 0.00000e+0, 4.42650e+2, 0.00000e+0, 4.53403e+2, 0.00000e+0, 2.95656e+1, 0.00000e+0, 3.00440e+1, 0.00000e+0, 3.24159e+0, 0.00000e+0, 2.88144e+0, 0.00000e+0, 2.00000e+1, 0.00000e+0, 5.00000e+0, 0.00000e+0, 3, 3, 
08/28/2024 14:25:10.251, 08/28/2024 14:25:10.196, 4.14336e+0, 0.00000e+0, 9.57379e+1, 0.00000e+0, 2.07816e+0, 0.00000e+0, 2.81077e+4, 0.00000e+0, 4.31482e+2, 0.00000e+0, 2.13826e+0, 0.00000e+0, 4.43960e+2, 0.00000e+0, 4.53232e+2, 0.00000e+0, 2.95728e+1, 0.00000e+0, 3.00405e+1, 0.00000e+0, 3.24295e+0, 0.00000e+0, 2.88101e+0, 0.00000e+0, 2.00000e+1, 0.00000e+0, 5.00000e+0, 0.00000e+0, 3, 4, 
08/28/2024 14:25:11.265, 08/28/2024 14:25:11.192, 4.14325e+0, 0.00000e+0, 9.57210e+1, 0.00000e+0, 2.03791e+0, 0.00000e+0, 2.78196e+4, 0.00000e+0, 4.33625e+2, 0.00000e+0, 2.09623e+0, 0.00000e+0, 4.46033e+2, 0.00000e+0, 4.53403e+2, 0.00000e+0, 2.95697e+1, 0.00000e+0, 3.00414e+1, 0.00000e+0, 3.24168e+0, 0.00000e+0, 2.88141e+0, 0.00000e+0, 2.00000e+1, 0.00000e+0, 5.00000e+0, 0.00000e+0, 3, 4, 
08/28/2024 14:25:12.237, 08/28/2024 14:25:12.186, 4.14366e+0, 0.00000e+0, 9.57822e+1, 0.00000e+0, 2.04584e+0, 0.00000e+0, 2.81371e+4, 0.00000e+0, 4.35489e+2, 0.00000e+0, 2.10507e+0, 0.00000e+0, 4.48097e+2, 0.00000e+0, 4.53385e+2, 0.00000e+0, 2.95654e+1, 0.00000e+0, 3.00536e+1, 0.00000e+0, 3.24378e+0, 0.00000e+0, 2.88025e+0, 0.00000e+0, 2.00000e+1, 0.00000e+0, 5.00000e+0, 0.00000e+0, 3, 4, 
08/28/2024 14:25:13.228, 08/28/2024 14:25:13.180, 4.14390e+0, 0.00000e+0, 9.58180e+1, 0.00000e+0, 2.05173e+0, 0.00000e+0, 2.82347e+4, 0.00000e+0, 4.35664e+2, 0.00000e+0, 2.11135e+0, 0.00000e+0, 4.48322e+2, 0.00000e+0, 4.53461e+2, 0.00000e+0, 2.95645e+1, 0.00000e+0, 3.00494e+1, 0.00000e+0, 3.24194e+0, 0.00000e+0, 2.88105e+0, 0.00000e+0, 2.00000e+1, 0.00000e+0, 5.00000e+0, 0.00000e+0, 3, 5, 
08/28/2024 14:25:14.226, 08/28/2024 14:25:14.174, 4.14368e+0, 0.00000e+0, 9.57853e+1, 0.00000e+0, 2.05359e+0, 0.00000e+0, 2.81447e+4, 0.00000e+0, 4.37813e+2, 0.00000e+0, 2.11306e+0, 0.00000e+0, 4.50492e+2, 0.00000e+0, 4.53413e+2, 0.00000e+0, 2.95654e+1, 0.00000e+0, 3.00525e+1, 0.00000e+0, 3.24286e+0, 0.00000e+0, 2.88103e+0, 0.00000e+0, 2.00000e+1, 0.00000e+0, 5.00000e+0, 0.00000e+0, 3, 5, 
08/28/2024 14:25:15.224, 08/28/2024 14:25:15.170, 4.14398e+0, 0.00000e+0, 9.58297e+1, 0.00000e+0, 2.05705e+0, 0.00000e+0, 2.85325e+4, 0.00000e+0, 4.39869e+2, 0.00000e+0, 2.11747e+0, 0.00000e+0, 4.52789e+2, 0.00000e+0, 4.53515e+2, 0.00000e+0, 2.95649e+1, 0.00000e+0, 3.00478e+1, 0.00000e+0, 3.24100e+0, 0.00000e+0, 2.88110e+0, 0.00000e+0, 2.00000e+1, 0.00000e+0, 5.00000e+0, 0.00000e+0, 3, 5, 
08/28/2024 14:25:16.222, 08/28/2024 14:25:16.163, 4.14351e+0, 0.00000e+0, 9.57611e+1, 0.00000e+0, 2.06210e+0, 0.00000e+0, 2.84007e+4, 0.00000e+0, 4.40634e+2, 0.00000e+0, 2.12238e+0, 0.00000e+0, 4.53514e+2, 0.00000e+0, 4.53744e+2, 0.00000e+0, 2.95696e+1, 0.00000e+0, 3.00604e+1, 0.00000e+0, 3.24220e+0, 0.00000e+0, 2.88074e+0, 0.00000e+0, 2.00000e+1, 0.00000e+0, 5.00000e+0, 0.00000e+0, 3, 6, 
08/28/2024 14:25:17.211, 08/28/2024 14:25:17.158, 4.14392e+0, 0.00000e+0, 9.58207e+1, 0.00000e+0, 2.06550e+0, 0.00000e+0, 2.83807e+4, 0.00000e+0, 4.41347e+2, 0.00000e+0, 2.12583e+0, 0.00000e+0, 4.54239e+2, 0.00000e+0, 4.53636e+2, 0.00000e+0, 2.95664e+1, 0.00000e+0, 3.00631e+1, 0.00000e+0, 3.24226e+0, 0.00000e+0, 2.88116e+0, 0.00000e+0, 2.00000e+1, 0.00000e+0, 5.00000e+0, 0.00000e+0, 3, 6, 
08/28/2024 14:25:18.202, 08/28/2024 14:25:18.152, 4.14363e+0, 0.00000e+0, 9.57783e+1, 0.00000e+0, 2.07185e+0, 0.00000e+0, 2.84569e+4, 0.00000e+0, 4.44064e+2, 0.00000e+0, 2.13253e+0, 0.00000e+0, 4.57071e+2, 0.00000e+0, 4.53747e+2, 0.00000e+0, 2.95697e+1, 0.00000e+0, 3.00628e+1, 0.00000e+0, 3.24230e+0, 0.00000e+0, 2.87944e+0, 0.00000e+0, 2.00000e+1, 0.00000e+0, 5.00000e+0, 0.00000e+0, 3, 6, 
08/28/2024 14:25:19.209, 08/28/2024 14:25:19.153, 4.14387e+0, 0.00000e+0, 9.58145e+1, 0.00000e+0, 2.07783e+0, 0.00000e+0, 2.83455e+4, 0.00000e+0, 4.45011e+2, 0.00000e+0, 2.13844e+0, 0.00000e+0, 4.57993e+2, 0.00000e+0, 4.53767e+2, 0.00000e+0, 2.95668e+1, 0.00000e+0, 3.00680e+1, 0.00000e+0, 3.24303e+0, 0.00000e+0, 2.88096e+0, 0.00000e+0, 2.00000e+1, 0.00000e+0, 5.00000e+0, 0.00000e+0, 3, 7, 
08/28/2024 14:25:20.200, 08/28/2024 14:25:20.149, 4.14361e+0, 0.00000e+0, 9.57748e+1, 0.00000e+0, 2.08025e+0, 0.00000e+0, 2.84730e+4, 0.00000e+0, 4.45720e+2, 0.00000e+0, 2.14122e+0, 0.00000e+0, 4.58783e+2, 0.00000e+0, 4.53857e+2, 0.00000e+0, 2.95740e+1, 0.00000e+0, 3.00693e+1, 0.00000e+0, 3.24114e+0, 0.00000e+0, 2.88039e+0, 0.00000e+0, 2.00000e+1, 0.00000e+0, 5.00000e+0, 0.00000e+0, 3, 7, 
08/28/2024 14:25:21.195, 08/28/2024 14:25:21.142, 4.14353e+0, 0.00000e+0, 9.57630e+1, 0.00000e+0, 2.08305e+0, 0.00000e+0, 2.83322e+4, 0.00000e+0, 4.47119e+2, 0.00000e+0, 2.14379e+0, 0.00000e+0, 4.60156e+2, 0.00000e+0, 4.53857e+2, 0.00000e+0, 2.95745e+1, 0.00000e+0, 3.00737e+1, 0.00000e+0, 3.24262e+0, 0.00000e+0, 2.88020e+0, 0.00000e+0, 2.00000e+1, 0.00000e+0, 5.00000e+0, 0.00000e+0, 3, 7, 
08/28/2024 14:25:22.194, 08/28/2024 14:25:22.137, 4.14340e+0, 0.00000e+0, 9.57441e+1, 0.00000e+0, 2.09026e+0, 0.00000e+0, 2.87042e+4, 0.00000e+0, 4.48077e+2, 0.00000e+0, 2.15204e+0, 0.00000e+0, 4.61318e+2, 0.00000e+0, 4.53842e+2, 0.00000e+0, 2.95744e+1, 0.00000e+0, 3.00763e+1, 0.00000e+0, 3.24109e+0, 0.00000e+0, 2.88104e+0, 0.00000e+0, 2.00000e+1, 0.00000e+0, 5.00000e+0, 0.00000e+0, 3, 8, 
08/28/2024 14:25:23.189, 08/28/2024 14:25:23.133, 4.14364e+0, 0.00000e+0, 9.57804e+1, 0.00000e+0, 2.09286e+0, 0.00000e+0, 2.87190e+4, 0.00000e+0, 4.50555e+2, 0.00000e+0, 2.15474e+0, 0.00000e+0, 4.63877e+2, 0.00000e+0, 4.53869e+2, 0.00000e+0, 2.95661e+1, 0.00000e+0, 3.00749e+1, 0.00000e+0, 3.24288e+0, 0.00000e+0, 2.88082e+0, 0.00000e+0, 2.00000e+1, 0.00000e+0, 5.00000e+0, 0.00000e+0, 3, 8, 
08/28/2024 14:25:24.188, 08/28/2024 14:25:24.126, 4.14353e+0, 0.00000e+0, 9.57637e+1, 0.00000e+0, 2.09853e+0, 0.00000e+0, 2.87038e+4, 0.00000e+0, 4.52823e+2, 0.00000e+0, 2.16054e+0, 0.00000e+0, 4.66205e+2, 0.00000e+0, 4.53870e+2, 0.00000e+0, 2.95664e+1, 0.00000e+0, 3.00836e+1, 0.00000e+0, 3.24168e+0, 0.00000e+0, 2.88049e+0, 0.00000e+0, 2.00000e+1, 0.00000e+0, 5.00000e+0, 0.00000e+0, 3, 8, 
08/28/2024 14:25:25.175, 08/28/2024 14:25:25.121, 4.14345e+0, 0.00000e+0, 9.57510e+1, 0.00000e+0, 2.10133e+0, 0.00000e+0, 2.86405e+4, 0.00000e+0, 4.52497e+2, 0.00000e+0, 2.16329e+0, 0.00000e+0, 4.65839e+2, 0.00000e+0, 4.53882e+2, 0.00000e+0, 2.95664e+1, 0.00000e+0, 3.00904e+1, 0.00000e+0, 3.24191e+0, 0.00000e+0, 2.88060e+0, 0.00000e+0, 2.00000e+1, 0.00000e+0, 5.00000e+0, 0.00000e+0, 3, 1, 
08/28/2024 14:25:26.167, 08/28/2024 14:25:26.116, 4.14352e+0, 0.00000e+0, 9.57620e+1, 0.00000e+0, 2.10324e+0, 0.00000e+0, 2.89047e+4, 0.00000e+0, 4.54286e+2, 0.00000e+0, 2.16584e+0, 0.00000e+0, 4.67808e+2, 0.00000e+0, 4.54011e+2, 0.00000e+0, 2.95660e+1, 0.00000e+0, 3.00921e+1, 0.00000e+0, 3.24266e+0, 0.00000e+0, 2.88044e+0, 0.00000e+0, 2.00000e+1, 0.00000e+0, 5.00000e+0, 0.00000e+0, 3, 1, 
08/28/2024 14:25:27.180, 08/28/2024 14:25:27.118, 4.14400e+0, 0.00000e+0, 9.58330e+1, 0.00000e+0, 2.11416e+0, 0.00000e+0, 2.86436e+4, 0.00000e+0, 4.55039e+2, 0.00000e+0, 2.17651e+0, 0.00000e+0, 4.68457e+2, 0.00000e+0, 4.54113e+2, 0.00000e+0, 2.95648e+1, 0.00000e+0, 3.00938e+1, 0.00000e+0, 3.24089e+0, 0.00000e+0, 2.87970e+0, 0.00000e+0, 2.00000e+1, 0.00000e+0, 5.00000e+0, 0.00000e+0, 3, 1, 
08/28/2024 14:25:28.166, 08/28/2024 14:25:28.111, 4.14362e+0, 0.00000e+0, 9.57763e+1, 0.00000e+0, 2.11598e+0, 0.00000e+0, 2.86745e+4, 0.00000e+0, 4.58282e+2, 0.00000e+0, 2.17845e+0, 0.00000e+0, 4.71811e+2, 0.00000e+0, 4.54006e+2, 0.00000e+0, 2.95641e+1, 0.00000e+0, 3.01009e+1, 0.00000e+0, 3.24134e+0, 0.00000e+0, 2.88016e+0, 0.00000e+0, 2.00000e+1, 0.00000e+0, 5.00000e+0, 0.00000e+0, 3, 2, 
08/28/2024 14:25:29.168, 08/28/2024 14:25:29.105, 4.14379e+0, 0.00000e+0, 9.58023e+1, 0.00000e+0, 2.12204e+0, 0.00000e+0, 2.88090e+4, 0.00000e+0, 4.58505e+2, 0.00000e+0, 2.18499e+0, 0.00000e+0, 4.72106e+2, 0.00000e+0, 4.53965e+2, 0.00000e+0, 2.95644e+1, 0.00000e+0, 3.01139e+1, 0.00000e+0, 3.24205e+0, 0.00000e+0, 2.88047e+0, 0.00000e+0, 2.00000e+1, 0.00000e+0, 5.00000e+0, 0.00000e+0, 3, 2, 
08/28/2024 14:25:30.148, 08/28/2024 14:25:30.100, 4.14375e+0, 0.00000e+0, 9.57962e+1, 0.00000e+0, 2.12387e+0, 0.00000e+0, 2.88726e+4, 0.00000e+0, 4.60583e+2, 0.00000e+0, 2.18701e+0, 0.00000e+0, 4.74276e+2, 0.00000e+0, 4.54003e+2, 0.00000e+0, 2.95652e+1, 0.00000e+0, 3.01162e+1, 0.00000e+0, 3.24140e+0, 0.00000e+0, 2.87978e+0, 0.00000e+0, 2.00000e+1, 0.00000e+0, 5.00000e+0, 0.00000e+0, 3, 2, 
08/28/2024 14:25:31.153, 08/28/2024 14:25:31.094, 4.14371e+0, 0.00000e+0, 9.57898e+1, 0.00000e+0, 2.12907e+0, 0.00000e+0, 2.86681e+4, 0.00000e+0, 4.61738e+2, 0.00000e+0, 2.19190e+0, 0.00000e+0, 4.75366e+2, 0.00000e+0, 4.53976e+2, 0.00000e+0, 2.95736e+1, 0.00000e+0, 3.01285e+1, 0.00000e+0, 3.24259e+0, 0.00000e+0, 2.88058e+0, 0.00000e+0, 2.00000e+1, 0.00000e+0, 5.00000e+0, 0.00000e+0, 3, 3, 
08/28/2024 14:25:32.153, 08/28/2024 14:25:32.089, 4.14381e+0, 0.00000e+0, 9.58057e+1, 0.00000e+0, 2.13192e+0, 0.00000e+0, 2.88364e+4, 0.00000e+0, 4.61806e+2, 0.00000e+0, 2.19522e+0, 0.00000e+0, 4.75518e+2, 0.00000e+0, 4.54055e+2, 0.00000e+0, 2.95739e+1, 0.00000e+0, 3.01289e+1, 0.00000e+0, 3.24108e+0, 0.00000e+0, 2.87919e+0, 0.00000e+0, 2.00000e+1, 0.00000e+0, 5.00000e+0, 0.00000e+0, 3, 3, 
08/28/2024 14:25:33.133, 08/28/2024 14:25:33.083, 4.14366e+0, 0.00000e+0, 9.57826e+1, 0.00000e+0, 2.13605e+0, 0.00000e+0, 2.90422e+4, 0.00000e+0, 4.62853e+2, 0.00000e+0, 2.19994e+0, 0.00000e+0, 4.76697e+2, 0.00000e+0, 4.54275e+2, 0.00000e+0, 2.95736e+1, 0.00000e+0, 3.01368e+1, 0.00000e+0, 3.24156e+0, 0.00000e+0, 2.87981e+0, 0.00000e+0, 2.00000e+1, 0.00000e+0, 5.00000e+0, 0.00000e+0, 3, 3, 
08/28/2024 14:25:34.138, 08/28/2024 14:25:34.079, 4.14391e+0, 0.00000e+0, 9.58206e+1, 0.00000e+0, 2.14098e+0, 0.00000e+0, 2.88265e+4, 0.00000e+0, 4.65920e+2, 0.00000e+0, 2.20453e+0, 0.00000e+0, 4.79750e+2, 0.00000e+0, 4.54202e+2, 0.00000e+0, 2.95778e+1, 0.00000e+0, 3.01450e+1, 0.00000e+0, 3.24171e+0, 0.00000e+0, 2.88027e+0, 0.00000e+0, 2.00000e+1, 0.00000e+0, 5.00000e+0, 0.00000e+0, 3, 4, 
08/28/2024 14:25:35.128, 08/28/2024 14:25:35.074, 4.14401e+0, 0.00000e+0, 9.58347e+1, 0.00000e+0, 2.14522e+0, 0.00000e+0, 2.88260e+4, 0.00000e+0, 4.66656e+2, 0.00000e+0, 2.20889e+0, 0.00000e+0, 4.80507e+2, 0.00000e+0, 4.54133e+2, 0.00000e+0, 2.95740e+1, 0.00000e+0, 3.01458e+1, 0.00000e+0, 3.24253e+0, 0.00000e+0, 2.88027e+0, 0.00000e+0, 2.00000e+1, 0.00000e+0, 5.00000e+0, 0.00000e+0, 3, 4, 
08/28/2024 14:25:36.122, 08/28/2024 14:25:36.067, 4.14369e+0, 0.00000e+0, 9.57874e+1, 0.00000e+0, 2.14548e+0, 0.00000e+0, 2.88487e+4, 0.00000e+0, 4.66876e+2, 0.00000e+0, 2.20921e+0, 0.00000e+0, 4.80745e+2, 0.00000e+0, 4.54100e+2, 0.00000e+0, 2.95811e+1, 0.00000e+0, 3.01511e+1, 0.00000e+0, 3.24140e+0, 0.00000e+0, 2.87902e+0, 0.00000e+0, 2.00000e+1, 0.00000e+0, 5.00000e+0, 0.00000e+0, 3, 4, 
08/28/2024 14:25:37.124, 08/28/2024 14:25:37.062, 4.14350e+0, 0.00000e+0, 9.57596e+1, 0.00000e+0, 2.15043e+0, 0.00000e+0, 2.88626e+4, 0.00000e+0, 4.67525e+2, 0.00000e+0, 2.21434e+0, 0.00000e+0, 4.81420e+2, 0.00000e+0, 4.54253e+2, 0.00000e+0, 2.95778e+1, 0.00000e+0, 3.01578e+1, 0.00000e+0, 3.24112e+0, 0.00000e+0, 2.87938e+0, 0.00000e+0, 2.00000e+1, 0.00000e+0, 5.00000e+0, 0.00000e+0, 3, 5, 
08/28/2024 14:25:38.114, 08/28/2024 14:25:38.057, 4.14370e+0, 0.00000e+0, 9.57891e+1, 0.00000e+0, 2.15652e+0, 0.00000e+0, 2.90149e+4, 0.00000e+0, 4.68685e+2, 0.00000e+0, 2.22096e+0, 0.00000e+0, 4.82690e+2, 0.00000e+0, 4.54143e+2, 0.00000e+0, 2.95812e+1, 0.00000e+0, 3.01584e+1, 0.00000e+0, 3.24103e+0, 0.00000e+0, 2.87890e+0, 0.00000e+0, 2.00000e+1, 0.00000e+0, 5.00000e+0, 0.00000e+0, 3, 5, 
08/28/2024 14:25:39.118, 08/28/2024 14:25:39.050, 4.14420e+0, 0.00000e+0, 9.58627e+1, 0.00000e+0, 2.15937e+0, 0.00000e+0, 2.90659e+4, 0.00000e+0, 4.69579e+2, 0.00000e+0, 2.22401e+0, 0.00000e+0, 4.83637e+2, 0.00000e+0, 4.54268e+2, 0.00000e+0, 2.95805e+1, 0.00000e+0, 3.01644e+1, 0.00000e+0, 3.24174e+0, 0.00000e+0, 2.87983e+0, 0.00000e+0, 2.00000e+1, 0.00000e+0, 5.00000e+0, 0.00000e+0, 3, 5, 
08/28/2024 14:25:40.104, 08/28/2024 14:25:40.046, 4.14403e+0, 0.00000e+0, 9.58379e+1, 0.00000e+0, 2.16081e+0, 0.00000e+0, 2.88915e+4, 0.00000e+0, 4.71292e+2, 0.00000e+0, 2.22510e+0, 0.00000e+0, 4.85314e+2, 0.00000e+0, 4.54353e+2, 0.00000e+0, 2.95812e+1, 0.00000e+0, 3.01684e+1, 0.00000e+0, 3.24280e+0, 0.00000e+0, 2.87989e+0, 0.00000e+0, 2.00000e+1, 0.00000e+0, 5.00000e+0, 0.00000e+0, 3, 6, 
08/28/2024 14:25:41.102, 08/28/2024 14:25:41.041, 4.14397e+0, 0.00000e+0, 9.58284e+1, 0.00000e+0, 2.17038e+0, 0.00000e+0, 2.89356e+4, 0.00000e+0, 4.72662e+2, 0.00000e+0, 2.23506e+0, 0.00000e+0, 4.86746e+2, 0.00000e+0, 4.54242e+2, 0.00000e+0, 2.95849e+1, 0.00000e+0, 3.01651e+1, 0.00000e+0, 3.24176e+0, 0.00000e+0, 2.87952e+0, 0.00000e+0, 2.00000e+1, 0.00000e+0, 5.00000e+0, 0.00000e+0, 3, 6, 
08/28/2024 14:25:42.094, 08/28/2024 14:25:42.034, 4.14393e+0, 0.00000e+0, 9.58234e+1, 0.00000e+0, 2.16907e+0, 0.00000e+0, 2.89575e+4, 0.00000e+0, 4.74557e+2, 0.00000e+0, 2.23376e+0, 0.00000e+0, 4.88709e+2, 0.00000e+0, 4.54270e+2, 0.00000e+0, 2.95804e+1, 0.00000e+0, 3.01843e+1, 0.00000e+0, 3.24307e+0, 0.00000e+0, 2.88002e+0, 0.00000e+0, 2.00000e+1, 0.00000e+0, 5.00000e+0, 0.00000e+0, 3, 6, 
08/28/2024 14:25:43.084, 08/28/2024 14:25:43.029, 4.14395e+0, 0.00000e+0, 9.58264e+1, 0.00000e+0, 2.17494e+0, 0.00000e+0, 2.87761e+4, 0.00000e+0, 4.75298e+2, 0.00000e+0, 2.23938e+0, 0.00000e+0, 4.89380e+2, 0.00000e+0, 4.54432e+2, 0.00000e+0, 2.95800e+1, 0.00000e+0, 3.01849e+1, 0.00000e+0, 3.24209e+0, 0.00000e+0, 2.88025e+0, 0.00000e+0, 2.00000e+1, 0.00000e+0, 5.00000e+0, 0.00000e+0, 3, 7, 
08/28/2024 14:25:44.074, 08/28/2024 14:25:44.025, 4.14366e+0, 0.00000e+0, 9.57831e+1, 0.00000e+0, 2.17843e+0, 0.00000e+0, 2.89293e+4, 0.00000e+0, 4.77216e+2, 0.00000e+0, 2.24333e+0, 0.00000e+0, 4.91433e+2, 0.00000e+0, 4.54364e+2, 0.00000e+0, 2.95773e+1, 0.00000e+0, 3.01890e+1, 0.00000e+0, 3.24189e+0, 0.00000e+0, 2.88014e+0, 0.00000e+0, 2.00000e+1, 0.00000e+0, 5.00000e+0, 0.00000e+0, 3, 7, 
08/28/2024 14:25:45.089, 08/28/2024 14:25:45.019, 4.14402e+0, 0.00000e+0, 9.58367e+1, 0.00000e+0, 2.18422e+0, 0.00000e+0, 2.90129e+4, 0.00000e+0, 4.76830e+2, 0.00000e+0, 2.24948e+0, 0.00000e+0, 4.91077e+2, 0.00000e+0, 4.54282e+2, 0.00000e+0, 2.95733e+1, 0.00000e+0, 3.01890e+1, 0.00000e+0, 3.24117e+0, 0.00000e+0, 2.87987e+0, 0.00000e+0, 2.00000e+1, 0.00000e+0, 5.00000e+0, 0.00000e+0, 3, 7, 
08/28/2024 14:25:46.065, 08/28/2024 14:25:46.014, 4.14398e+0, 0.00000e+0, 9.58310e+1, 0.00000e+0, 2.18772e+0, 0.00000e+0, 2.89311e+4, 0.00000e+0, 4.78551e+2, 0.00000e+0, 2.25290e+0, 0.00000e+0, 4.92808e+2, 0.00000e+0, 4.54300e+2, 0.00000e+0, 2.95769e+1, 0.00000e+0, 3.02014e+1, 0.00000e+0, 3.24018e+0, 0.00000e+0, 2.87822e+0, 0.00000e+0, 2.00000e+1, 0.00000e+0, 5.00000e+0, 0.00000e+0, 3, 8, 
08/28/2024 14:25:47.062, 08/28/2024 14:25:47.007, 4.14398e+0, 0.00000e+0, 9.58301e+1, 0.00000e+0, 2.19082e+0, 0.00000e+0, 2.89727e+4, 0.00000e+0, 4.80469e+2, 0.00000e+0, 2.25619e+0, 0.00000e+0, 4.94804e+2, 0.00000e+0, 4.54442e+2, 0.00000e+0, 2.95884e+1, 0.00000e+0, 3.02048e+1, 0.00000e+0, 3.24270e+0, 0.00000e+0, 2.87953e+0, 0.00000e+0, 2.00000e+1, 0.00000e+0, 5.00000e+0, 0.00000e+0, 3, 8, 
08/28/2024 14:25:48.054, 08/28/2024 14:25:48.003, 4.14416e+0, 0.00000e+0, 9.58574e+1, 0.00000e+0, 2.19305e+0, 0.00000e+0, 2.89404e+4, 0.00000e+0, 4.81610e+2, 0.00000e+0, 2.25841e+0, 0.00000e+0, 4.95963e+2, 0.00000e+0, 4.54420e+2, 0.00000e+0, 2.95991e+1, 0.00000e+0, 3.02027e+1, 0.00000e+0, 3.24172e+0, 0.00000e+0, 2.87994e+0, 0.00000e+0, 2.00000e+1, 0.00000e+0, 5.00000e+0, 0.00000e+0, 3, 8, 
08/28/2024 14:25:49.058, 08/28/2024 14:25:48.997, 4.14415e+0, 0.00000e+0, 9.58557e+1, 0.00000e+0, 2.19876e+0, 0.00000e+0, 2.89184e+4, 0.00000e+0, 4.80821e+2, 0.00000e+0, 2.26423e+0, 0.00000e+0, 4.95140e+2, 0.00000e+0, 4.54422e+2, 0.00000e+0, 2.95881e+1, 0.00000e+0, 3.02100e+1, 0.00000e+0, 3.24059e+0, 0.00000e+0, 2.87995e+0, 0.00000e+0, 2.00000e+1, 0.00000e+0, 5.00000e+0, 0.00000e+0, 3, 1, 
08/28/2024 14:25:50.043, 08/28/2024 14:25:49.991, 4.14396e+0, 0.00000e+0, 9.58275e+1, 0.00000e+0, 2.20415e+0, 0.00000e+0, 2.89854e+4, 0.00000e+0, 4.81381e+2, 0.00000e+0, 2.26995e+0, 0.00000e+0, 4.95751e+2, 0.00000e+0, 4.54633e+2, 0.00000e+0, 2.95839e+1, 0.00000e+0, 3.02150e+1, 0.00000e+0, 3.24146e+0, 0.00000e+0, 2.88079e+0, 0.00000e+0, 2.00000e+1, 0.00000e+0, 5.00000e+0, 0.00000e+0, 3, 1, 
08/28/2024 14:25:51.045, 08/28/2024 14:25:50.985, 4.14420e+0, 0.00000e+0, 9.58632e+1, 0.00000e+0, 2.21008e+0, 0.00000e+0, 2.87582e+4, 0.00000e+0, 4.82443e+2, 0.00000e+0, 2.27552e+0, 0.00000e+0, 4.96728e+2, 0.00000e+0, 4.54437e+2, 0.00000e+0, 2.95806e+1, 0.00000e+0, 3.02221e+1, 0.00000e+0, 3.24012e+0, 0.00000e+0, 2.88069e+0, 0.00000e+0, 2.00000e+1, 0.00000e+0, 5.00000e+0, 0.00000e+0, 3, 1, 
08/28/2024 14:25:52.035, 08/28/2024 14:25:51.981, 4.14396e+0, 0.00000e+0, 9.58271e+1, 0.00000e+0, 2.21016e+0, 0.00000e+0, 2.91061e+4, 0.00000e+0, 4.84499e+2, 0.00000e+0, 2.27642e+0, 0.00000e+0, 4.99023e+2, 0.00000e+0, 4.54517e+2, 0.00000e+0, 2.95848e+1, 0.00000e+0, 3.02286e+1, 0.00000e+0, 3.24149e+0, 0.00000e+0, 2.87960e+0, 0.00000e+0, 2.00000e+1, 0.00000e+0, 5.00000e+0, 0.00000e+0, 3, 2, 
08/28/2024 14:25:53.031, 08/28/2024 14:25:52.974, 4.14393e+0, 0.00000e+0, 9.58236e+1, 0.00000e+0, 2.21258e+0, 0.00000e+0, 2.88202e+4, 0.00000e+0, 4.85575e+2, 0.00000e+0, 2.27824e+0, 0.00000e+0, 4.99984e+2, 0.00000e+0, 4.54558e+2, 0.00000e+0, 2.95961e+1, 0.00000e+0, 3.02304e+1, 0.00000e+0, 3.24067e+0, 0.00000e+0, 2.88018e+0, 0.00000e+0, 2.00000e+1, 0.00000e+0, 5.00000e+0, 0.00000e+0, 3, 2, 
08/28/2024 14:25:54.024, 08/28/2024 14:25:53.970, 4.14407e+0, 0.00000e+0, 9.58443e+1, 0.00000e+0, 2.21875e+0, 0.00000e+0, 2.90459e+4, 0.00000e+0, 4.86497e+2, 0.00000e+0, 2.28512e+0, 0.00000e+0, 5.01051e+2, 0.00000e+0, 4.54601e+2, 0.00000e+0, 2.95889e+1, 0.00000e+0, 3.02361e+1, 0.00000e+0, 3.24097e+0, 0.00000e+0, 2.88109e+0, 0.00000e+0, 2.00000e+1, 0.00000e+0, 5.00000e+0, 0.00000e+0, 3, 2, 
08/28/2024 14:25:55.029, 08/28/2024 14:25:54.964, 4.14381e+0, 0.00000e+0, 9.58050e+1, 0.00000e+0, 2.22295e+0, 0.00000e+0, 2.91410e+4, 0.00000e+0, 4.87985e+2, 0.00000e+0, 2.28967e+0, 0.00000e+0, 5.02632e+2, 0.00000e+0, 4.54458e+2, 0.00000e+0, 2.96035e+1, 0.00000e+0, 3.02399e+1, 0.00000e+0, 3.23953e+0, 0.00000e+0, 2.88073e+0, 0.00000e+0, 2.00000e+1, 0.00000e+0, 5.00000e+0, 0.00000e+0, 3, 3, 
08/28/2024 14:25:56.019, 08/28/2024 14:25:55.958, 4.14408e+0, 0.00000e+0, 9.58460e+1, 0.00000e+0, 2.22259e+0, 0.00000e+0, 2.87096e+4, 0.00000e+0, 4.87597e+2, 0.00000e+0, 2.28828e+0, 0.00000e+0, 5.02010e+2, 0.00000e+0, 4.54744e+2, 0.00000e+0, 2.95817e+1, 0.00000e+0, 3.02419e+1, 0.00000e+0, 3.24232e+0, 0.00000e+0, 2.88053e+0, 0.00000e+0, 2.00000e+1, 0.00000e+0, 5.00000e+0, 0.00000e+0, 3, 3, 
08/28/2024 14:25:57.005, 08/28/2024 14:25:56.953, 4.14405e+0, 0.00000e+0, 9.58408e+1, 0.00000e+0, 2.22944e+0, 0.00000e+0, 2.91175e+4, 0.00000e+0, 4.89259e+2, 0.00000e+0, 2.29630e+0, 0.00000e+0, 5.03932e+2, 0.00000e+0, 4.54619e+2, 0.00000e+0, 2.95773e+1, 0.00000e+0, 3.02418e+1, 0.00000e+0, 3.24015e+0, 0.00000e+0, 2.88034e+0, 0.00000e+0, 2.00000e+1, 0.00000e+0, 5.00000e+0, 0.00000e+0, 3, 3, 
08/28/2024 14:25:57.999, 08/28/2024 14:25:57.947, 4.14403e+0, 0.00000e+0, 9.58385e+1, 0.00000e+0, 2.23219e+0, 0.00000e+0, 2.88832e+4, 0.00000e+0, 4.90061e+2, 0.00000e+0, 2.29858e+0, 0.00000e+0, 5.04637e+2, 0.00000e+0, 4.54667e+2, 0.00000e+0, 2.95806e+1, 0.00000e+0, 3.02379e+1, 0.00000e+0, 3.24057e+0, 0.00000e+0, 2.88082e+0, 0.00000e+0, 2.00000e+1, 0.00000e+0, 5.00000e+0, 0.00000e+0, 3, 4, 
08/28/2024 14:25:59.007, 08/28/2024 14:25:58.943, 4.14409e+0, 0.00000e+0, 9.58461e+1, 0.00000e+0, 2.23512e+0, 0.00000e+0, 2.89002e+4, 0.00000e+0, 4.90867e+2, 0.00000e+0, 2.30164e+0, 0.00000e+0, 5.05475e+2, 0.00000e+0, 4.54719e+2, 0.00000e+0, 2.95859e+1, 0.00000e+0, 3.02536e+1, 0.00000e+0, 3.24084e+0, 0.00000e+0, 2.88018e+0, 0.00000e+0, 2.00000e+1, 0.00000e+0, 5.00000e+0, 0.00000e+0, 3, 4, 
08/28/2024 14:25:59.990, 08/28/2024 14:25:59.937, 4.14421e+0, 0.00000e+0, 9.58648e+1, 0.00000e+0, 2.23913e+0, 0.00000e+0, 2.86682e+4, 0.00000e+0, 4.92025e+2, 0.00000e+0, 2.30522e+0, 0.00000e+0, 5.06547e+2, 0.00000e+0, 4.54819e+2, 0.00000e+0, 2.95858e+1, 0.00000e+0, 3.02484e+1, 0.00000e+0, 3.24120e+0, 0.00000e+0, 2.88073e+0, 0.00000e+0, 2.00000e+1, 0.00000e+0, 5.00000e+0, 0.00000e+0, 3, 4, 
08/28/2024 14:26:00.988, 08/28/2024 14:26:00.932, 4.14403e+0, 0.00000e+0, 9.58376e+1, 0.00000e+0, 2.24477e+0, 0.00000e+0, 2.90546e+4, 0.00000e+0, 4.93310e+2, 0.00000e+0, 2.31194e+0, 0.00000e+0, 5.08072e+2, 0.00000e+0, 4.54770e+2, 0.00000e+0, 2.95922e+1, 0.00000e+0, 3.02563e+1, 0.00000e+0, 3.24080e+0, 0.00000e+0, 2.88067e+0, 0.00000e+0, 2.00000e+1, 0.00000e+0, 5.00000e+0, 0.00000e+0, 3, 5, 
08/28/2024 14:26:01.983, 08/28/2024 14:26:01.925, 4.14380e+0, 0.00000e+0, 9.58042e+1, 0.00000e+0, 2.24982e+0, 0.00000e+0, 2.91217e+4, 0.00000e+0, 4.95455e+2, 0.00000e+0, 2.31731e+0, 0.00000e+0, 5.10316e+2, 0.00000e+0, 4.54810e+2, 0.00000e+0, 2.95880e+1, 0.00000e+0, 3.02564e+1, 0.00000e+0, 3.24107e+0, 0.00000e+0, 2.87956e+0, 0.00000e+0, 2.00000e+1, 0.00000e+0, 5.00000e+0, 0.00000e+0, 3, 5, 
08/28/2024 14:26:02.974, 08/28/2024 14:26:02.920, 4.14384e+0, 0.00000e+0, 9.58094e+1, 0.00000e+0, 2.25220e+0, 0.00000e+0, 2.90193e+4, 0.00000e+0, 4.95575e+2, 0.00000e+0, 2.31951e+0, 0.00000e+0, 5.10386e+2, 0.00000e+0, 4.54663e+2, 0.00000e+0, 2.96054e+1, 0.00000e+0, 3.02582e+1, 0.00000e+0, 3.24165e+0, 0.00000e+0, 2.87924e+0, 0.00000e+0, 2.00000e+1, 0.00000e+0, 5.00000e+0, 0.00000e+0, 3, 5, 
08/28/2024 14:26:03.966, 08/28/2024 14:26:03.915, 4.14421e+0, 0.00000e+0, 9.58647e+1, 0.00000e+0, 2.25582e+0, 0.00000e+0, 2.91133e+4, 0.00000e+0, 4.96684e+2, 0.00000e+0, 2.32346e+0, 0.00000e+0, 5.11578e+2, 0.00000e+0, 4.54741e+2, 0.00000e+0, 2.95811e+1, 0.00000e+0, 3.02627e+1, 0.00000e+0, 3.24195e+0, 0.00000e+0, 2.88030e+0, 0.00000e+0, 2.00000e+1, 0.00000e+0, 5.00000e+0, 0.00000e+0, 3, 5, 
08/28/2024 14:26:04.971, 08/28/2024 14:26:04.909, 4.14414e+0, 0.00000e+0, 9.58535e+1, 0.00000e+0, 2.25833e+0, 0.00000e+0, 2.89010e+4, 0.00000e+0, 4.98128e+2, 0.00000e+0, 2.32554e+0, 0.00000e+0, 5.12953e+2, 0.00000e+0, 4.54809e+2, 0.00000e+0, 2.95944e+1, 0.00000e+0, 3.02688e+1, 0.00000e+0, 3.24076e+0, 0.00000e+0, 2.88042e+0, 0.00000e+0, 2.00000e+1, 0.00000e+0, 5.00000e+0, 0.00000e+0, 3, 6, 
08/28/2024 14:26:05.953, 08/28/2024 14:26:05.904, 4.14425e+0, 0.00000e+0, 9.58701e+1, 0.00000e+0, 2.26097e+0, 0.00000e+0, 2.90502e+4, 0.00000e+0, 4.98674e+2, 0.00000e+0, 2.32862e+0, 0.00000e+0, 5.13594e+2, 0.00000e+0, 4.54854e+2, 0.00000e+0, 2.95949e+1, 0.00000e+0, 3.02724e+1, 0.00000e+0, 3.24095e+0, 0.00000e+0, 2.88058e+0, 0.00000e+0, 2.00000e+1, 0.00000e+0, 5.00000e+0, 0.00000e+0, 3, 6, 
08/28/2024 14:26:06.960, 08/28/2024 14:26:06.898, 4.14436e+0, 0.00000e+0, 9.58868e+1, 0.00000e+0, 2.26864e+0, 0.00000e+0, 2.88493e+4, 0.00000e+0, 5.00559e+2, 0.00000e+0, 2.33603e+0, 0.00000e+0, 5.15428e+2, 0.00000e+0, 4.54839e+2, 0.00000e+0, 2.95880e+1, 0.00000e+0, 3.02821e+1, 0.00000e+0, 3.24089e+0, 0.00000e+0, 2.87939e+0, 0.00000e+0, 2.00000e+1, 0.00000e+0, 5.00000e+0, 0.00000e+0, 3, 6, 
08/28/2024 14:26:07.946, 08/28/2024 14:26:07.893, 4.14422e+0, 0.00000e+0, 9.58656e+1, 0.00000e+0, 2.27012e+0, 0.00000e+0, 2.88931e+4, 0.00000e+0, 5.00221e+2, 0.00000e+0, 2.33766e+0, 0.00000e+0, 5.15104e+2, 0.00000e+0, 4.54865e+2, 0.00000e+0, 2.95892e+1, 0.00000e+0, 3.02815e+1, 0.00000e+0, 3.24149e+0, 0.00000e+0, 2.88006e+0, 0.00000e+0, 2.00000e+1, 0.00000e+0, 5.00000e+0, 0.00000e+0, 3, 7, 
08/28/2024 14:26:08.937, 08/28/2024 14:26:08.887, 4.14423e+0, 0.00000e+0, 9.58678e+1, 0.00000e+0, 2.27108e+0, 0.00000e+0, 2.88466e+4, 0.00000e+0, 5.01813e+2, 0.00000e+0, 2.33853e+0, 0.00000e+0, 5.16718e+2, 0.00000e+0, 4.54818e+2, 0.00000e+0, 2.95907e+1, 0.00000e+0, 3.02914e+1, 0.00000e+0, 3.24190e+0, 0.00000e+0, 2.87972e+0, 0.00000e+0, 2.00000e+1, 0.00000e+0, 5.00000e+0, 0.00000e+0, 3, 7, 
08/28/2024 14:26:09.939, 08/28/2024 14:26:09.882, 4.14442e+0, 0.00000e+0, 9.58957e+1, 0.00000e+0, 2.27605e+0, 0.00000e+0, 2.90553e+4, 0.00000e+0, 5.02958e+2, 0.00000e+0, 2.34416e+0, 0.00000e+0, 5.18009e+2, 0.00000e+0, 4.54896e+2, 0.00000e+0, 2.95913e+1, 0.00000e+0, 3.03017e+1, 0.00000e+0, 3.24084e+0, 0.00000e+0, 2.88040e+0, 0.00000e+0, 2.00000e+1, 0.00000e+0, 5.00000e+0, 0.00000e+0, 3, 7, 
08/28/2024 14:26:10.936, 08/28/2024 14:26:10.883, 4.14431e+0, 0.00000e+0, 9.58794e+1, 0.00000e+0, 2.27900e+0, 0.00000e+0, 2.90680e+4, 0.00000e+0, 5.03299e+2, 0.00000e+0, 2.34723e+0, 0.00000e+0, 5.18367e+2, 0.00000e+0, 4.54862e+2, 0.00000e+0, 2.95944e+1, 0.00000e+0, 3.03066e+1, 0.00000e+0, 3.24097e+0, 0.00000e+0, 2.88032e+0, 0.00000e+0, 2.00000e+1, 0.00000e+0, 5.00000e+0, 0.00000e+0, 3, 8, 
08/28/2024 14:26:11.932, 08/28/2024 14:26:11.878, 4.14426e+0, 0.00000e+0, 9.58716e+1, 0.00000e+0, 2.28294e+0, 0.00000e+0, 2.89774e+4, 0.00000e+0, 5.05050e+2, 0.00000e+0, 2.35107e+0, 0.00000e+0, 5.20121e+2, 0.00000e+0, 4.54859e+2, 0.00000e+0, 2.96043e+1, 0.00000e+0, 3.03120e+1, 0.00000e+0, 3.24106e+0, 0.00000e+0, 2.88051e+0, 0.00000e+0, 2.00000e+1, 0.00000e+0, 5.00000e+0, 0.00000e+0, 3, 8, 
08/28/2024 14:26:12.932, 08/28/2024 14:26:12.872, 4.14417e+0, 0.00000e+0, 9.58593e+1, 0.00000e+0, 2.28352e+0, 0.00000e+0, 2.87460e+4, 0.00000e+0, 5.04738e+2, 0.00000e+0, 2.35110e+0, 0.00000e+0, 5.19677e+2, 0.00000e+0, 4.54941e+2, 0.00000e+0, 2.95963e+1, 0.00000e+0, 3.03128e+1, 0.00000e+0, 3.24156e+0, 0.00000e+0, 2.88126e+0, 0.00000e+0, 2.00000e+1, 0.00000e+0, 5.00000e+0, 0.00000e+0, 3, 8, 
08/28/2024 14:26:13.920, 08/28/2024 14:26:13.868, 4.14423e+0, 0.00000e+0, 9.58680e+1, 0.00000e+0, 2.29216e+0, 0.00000e+0, 2.88590e+4, 0.00000e+0, 5.06569e+2, 0.00000e+0, 2.36027e+0, 0.00000e+0, 5.21623e+2, 0.00000e+0, 4.54894e+2, 0.00000e+0, 2.96100e+1, 0.00000e+0, 3.03180e+1, 0.00000e+0, 3.24068e+0, 0.00000e+0, 2.88136e+0, 0.00000e+0, 2.00000e+1, 0.00000e+0, 5.00000e+0, 0.00000e+0, 3, 1, 
08/28/2024 14:26:14.915, 08/28/2024 14:26:14.862, 4.14422e+0, 0.00000e+0, 9.58659e+1, 0.00000e+0, 2.28968e+0, 0.00000e+0, 2.88463e+4, 0.00000e+0, 5.07092e+2, 0.00000e+0, 2.35769e+0, 0.00000e+0, 5.22154e+2, 0.00000e+0, 4.54950e+2, 0.00000e+0, 2.95977e+1, 0.00000e+0, 3.03198e+1, 0.00000e+0, 3.24135e+0, 0.00000e+0, 2.88036e+0, 0.00000e+0, 2.00000e+1, 0.00000e+0, 5.00000e+0, 0.00000e+0, 3, 1, 
08/28/2024 14:26:15.913, 08/28/2024 14:26:15.855, 4.14432e+0, 0.00000e+0, 9.58816e+1, 0.00000e+0, 2.29544e+0, 0.00000e+0, 2.91819e+4, 0.00000e+0, 5.07589e+2, 0.00000e+0, 2.36444e+0, 0.00000e+0, 5.22847e+2, 0.00000e+0, 4.55098e+2, 0.00000e+0, 2.96072e+1, 0.00000e+0, 3.03241e+1, 0.00000e+0, 3.24224e+0, 0.00000e+0, 2.88039e+0, 0.00000e+0, 2.00000e+1, 0.00000e+0, 5.00000e+0, 0.00000e+0, 3, 1, 
08/28/2024 14:26:16.910, 08/28/2024 14:26:16.851, 4.14405e+0, 0.00000e+0, 9.58405e+1, 0.00000e+0, 2.29904e+0, 0.00000e+0, 2.91071e+4, 0.00000e+0, 5.09371e+2, 0.00000e+0, 2.36796e+0, 0.00000e+0, 5.24642e+2, 0.00000e+0, 4.55182e+2, 0.00000e+0, 2.95993e+1, 0.00000e+0, 3.03364e+1, 0.00000e+0, 3.24206e+0, 0.00000e+0, 2.87958e+0, 0.00000e+0, 2.00000e+1, 0.00000e+0, 5.00000e+0, 0.00000e+0, 3, 2, 
08/28/2024 14:26:17.893, 08/28/2024 14:26:17.845, 4.14424e+0, 0.00000e+0, 9.58693e+1, 0.00000e+0, 2.30716e+0, 0.00000e+0, 2.92304e+4, 0.00000e+0, 5.10294e+2, 0.00000e+0, 2.37663e+0, 0.00000e+0, 5.25659e+2, 0.00000e+0, 4.55088e+2, 0.00000e+0, 2.96027e+1, 0.00000e+0, 3.03439e+1, 0.00000e+0, 3.24242e+0, 0.00000e+0, 2.88056e+0, 0.00000e+0, 2.00000e+1, 0.00000e+0, 5.00000e+0, 0.00000e+0, 3, 2, 
08/28/2024 14:26:18.893, 08/28/2024 14:26:18.839, 4.14443e+0, 0.00000e+0, 9.58975e+1, 0.00000e+0, 2.31074e+0, 0.00000e+0, 2.87438e+4, 0.00000e+0, 5.11221e+2, 0.00000e+0, 2.37912e+0, 0.00000e+0, 5.26350e+2, 0.00000e+0, 4.55046e+2, 0.00000e+0, 2.96032e+1, 0.00000e+0, 3.03449e+1, 0.00000e+0, 3.24213e+0, 0.00000e+0, 2.87980e+0, 0.00000e+0, 2.00000e+1, 0.00000e+0, 5.00000e+0, 0.00000e+0, 3, 2, 
08/28/2024 14:26:19.886, 08/28/2024 14:26:19.834, 4.14423e+0, 0.00000e+0, 9.58672e+1, 0.00000e+0, 2.31137e+0, 0.00000e+0, 2.92403e+4, 0.00000e+0, 5.11658e+2, 0.00000e+0, 2.38099e+0, 0.00000e+0, 5.27070e+2, 0.00000e+0, 4.55077e+2, 0.00000e+0, 2.96039e+1, 0.00000e+0, 3.03470e+1, 0.00000e+0, 3.24213e+0, 0.00000e+0, 2.88090e+0, 0.00000e+0, 2.00000e+1, 0.00000e+0, 5.00000e+0, 0.00000e+0, 3, 3, 
08/28/2024 14:26:20.878, 08/28/2024 14:26:20.830, 4.14429e+0, 0.00000e+0, 9.58772e+1, 0.00000e+0, 2.30800e+0, 0.00000e+0, 2.89966e+4, 0.00000e+0, 5.13450e+2, 0.00000e+0, 2.37692e+0, 0.00000e+0, 5.28783e+2, 0.00000e+0, 4.55105e+2, 0.00000e+0, 2.95986e+1, 0.00000e+0, 3.03546e+1, 0.00000e+0, 3.24346e+0, 0.00000e+0, 2.88092e+0, 0.00000e+0, 2.00000e+1, 0.00000e+0, 5.00000e+0, 0.00000e+0, 3, 3, 
08/28/2024 14:26:21.893, 08/28/2024 14:26:21.830, 4.14450e+0, 0.00000e+0, 9.59080e+1, 0.00000e+0, 2.31675e+0, 0.00000e+0, 2.91223e+4, 0.00000e+0, 5.14815e+2, 0.00000e+0, 2.38624e+0, 0.00000e+0, 5.30257e+2, 0.00000e+0, 4.55102e+2, 0.00000e+0, 2.96028e+1, 0.00000e+0, 3.03615e+1, 0.00000e+0, 3.24204e+0, 0.00000e+0, 2.87983e+0, 0.00000e+0, 2.00000e+1, 0.00000e+0, 5.00000e+0, 0.00000e+0, 3, 3, 
08/28/2024 14:26:22.882, 08/28/2024 14:26:22.832, 4.14402e+0, 0.00000e+0, 9.58370e+1, 0.00000e+0, 2.31880e+0, 0.00000e+0, 2.89481e+4, 0.00000e+0, 5.15191e+2, 0.00000e+0, 2.38793e+0, 0.00000e+0, 5.30549e+2, 0.00000e+0, 4.55038e+2, 0.00000e+0, 2.96131e+1, 0.00000e+0, 3.03683e+1, 0.00000e+0, 3.24209e+0, 0.00000e+0, 2.88147e+0, 0.00000e+0, 2.00000e+1, 0.00000e+0, 5.00000e+0, 0.00000e+0, 3, 4, 
08/28/2024 14:26:23.884, 08/28/2024 14:26:23.826, 4.14424e+0, 0.00000e+0, 9.58684e+1, 0.00000e+0, 2.32224e+0, 0.00000e+0, 2.89341e+4, 0.00000e+0, 5.15318e+2, 0.00000e+0, 2.39144e+0, 0.00000e+0, 5.30673e+2, 0.00000e+0, 4.55232e+2, 0.00000e+0, 2.96046e+1, 0.00000e+0, 3.03748e+1, 0.00000e+0, 3.24267e+0, 0.00000e+0, 2.88100e+0, 0.00000e+0, 2.00000e+1, 0.00000e+0, 5.00000e+0, 0.00000e+0, 3, 4, 
08/28/2024 14:26:24.876, 08/28/2024 14:26:24.820, 4.14406e+0, 0.00000e+0, 9.58427e+1, 0.00000e+0, 2.32522e+0, 0.00000e+0, 2.88873e+4, 0.00000e+0, 5.16721e+2, 0.00000e+0, 2.39439e+0, 0.00000e+0, 5.32092e+2, 0.00000e+0, 4.55210e+2, 0.00000e+0, 2.96171e+1, 0.00000e+0, 3.03791e+1, 0.00000e+0, 3.24191e+0, 0.00000e+0, 2.88098e+0, 0.00000e+0, 2.00000e+1, 0.00000e+0, 5.00000e+0, 0.00000e+0, 3, 4, 
08/28/2024 14:26:25.867, 08/28/2024 14:26:25.814, 4.14407e+0, 0.00000e+0, 9.58434e+1, 0.00000e+0, 2.33161e+0, 0.00000e+0, 2.89772e+4, 0.00000e+0, 5.18571e+2, 0.00000e+0, 2.40119e+0, 0.00000e+0, 5.34047e+2, 0.00000e+0, 4.55160e+2, 0.00000e+0, 2.96056e+1, 0.00000e+0, 3.03805e+1, 0.00000e+0, 3.24218e+0, 0.00000e+0, 2.88044e+0, 0.00000e+0, 2.00000e+1, 0.00000e+0, 5.00000e+0, 0.00000e+0, 3, 5, 
08/28/2024 14:26:26.862, 08/28/2024 14:26:26.810, 4.14410e+0, 0.00000e+0, 9.58486e+1, 0.00000e+0, 2.33181e+0, 0.00000e+0, 2.89148e+4, 0.00000e+0, 5.18695e+2, 0.00000e+0, 2.40124e+0, 0.00000e+0, 5.34140e+2, 0.00000e+0, 4.55195e+2, 0.00000e+0, 2.96121e+1, 0.00000e+0, 3.03913e+1, 0.00000e+0, 3.24231e+0, 0.00000e+0, 2.88023e+0, 0.00000e+0, 2.00000e+1, 0.00000e+0, 5.00000e+0, 0.00000e+0, 3, 5, 
08/28/2024 14:26:27.866, 08/28/2024 14:26:27.803, 4.14409e+0, 0.00000e+0, 9.58471e+1, 0.00000e+0, 2.33776e+0, 0.00000e+0, 2.91520e+4, 0.00000e+0, 5.19148e+2, 0.00000e+0, 2.40796e+0, 0.00000e+0, 5.34737e+2, 0.00000e+0, 4.55289e+2, 0.00000e+0, 2.96030e+1, 0.00000e+0, 3.04012e+1, 0.00000e+0, 3.24095e+0, 0.00000e+0, 2.88033e+0, 0.00000e+0, 2.00000e+1, 0.00000e+0, 5.00000e+0, 0.00000e+0, 3, 5, 
08/28/2024 14:26:28.847, 08/28/2024 14:26:28.799, 4.14408e+0, 0.00000e+0, 9.58457e+1, 0.00000e+0, 2.33897e+0, 0.00000e+0, 2.91576e+4, 0.00000e+0, 5.20958e+2, 0.00000e+0, 2.40922e+0, 0.00000e+0, 5.36604e+2, 0.00000e+0, 4.55177e+2, 0.00000e+0, 2.96079e+1, 0.00000e+0, 3.04083e+1, 0.00000e+0, 3.24168e+0, 0.00000e+0, 2.88148e+0, 0.00000e+0, 2.00000e+1, 0.00000e+0, 5.00000e+0, 0.00000e+0, 3, 6, 
08/28/2024 14:26:29.849, 08/28/2024 14:26:29.793, 4.14396e+0, 0.00000e+0, 9.58281e+1, 0.00000e+0, 2.34433e+0, 0.00000e+0, 2.90572e+4, 0.00000e+0, 5.21580e+2, 0.00000e+0, 2.41449e+0, 0.00000e+0, 5.37189e+2, 0.00000e+0, 4.55074e+2, 0.00000e+0, 2.96289e+1, 0.00000e+0, 3.04104e+1, 0.00000e+0, 3.24143e+0, 0.00000e+0, 2.88006e+0, 0.00000e+0, 2.00000e+1, 0.00000e+0, 5.00000e+0, 0.00000e+0, 3, 6, 
08/28/2024 14:26:30.843, 08/28/2024 14:26:30.788, 4.14429e+0, 0.00000e+0, 9.58765e+1, 0.00000e+0, 2.34733e+0, 0.00000e+0, 2.89495e+4, 0.00000e+0, 5.23412e+2, 0.00000e+0, 2.41731e+0, 0.00000e+0, 5.39016e+2, 0.00000e+0, 4.55136e+2, 0.00000e+0, 2.96070e+1, 0.00000e+0, 3.04190e+1, 0.00000e+0, 3.24215e+0, 0.00000e+0, 2.88072e+0, 0.00000e+0, 2.00000e+1, 0.00000e+0, 5.00000e+0, 0.00000e+0, 3, 6, 
08/28/2024 14:26:31.863, 08/28/2024 14:26:31.782, 4.14398e+0, 0.00000e+0, 9.58305e+1, 0.00000e+0, 2.35130e+0, 0.00000e+0, 2.92363e+4, 0.00000e+0, 5.23931e+2, 0.00000e+0, 2.42211e+0, 0.00000e+0, 5.39710e+2, 0.00000e+0, 4.55294e+2, 0.00000e+0, 2.96035e+1, 0.00000e+0, 3.04202e+1, 0.00000e+0, 3.24202e+0, 0.00000e+0, 2.88108e+0, 0.00000e+0, 2.00000e+1, 0.00000e+0, 5.00000e+0, 0.00000e+0, 3, 7, 
08/28/2024 14:26:32.833, 08/28/2024 14:26:32.777, 4.14412e+0, 0.00000e+0, 9.58515e+1, 0.00000e+0, 2.34995e+0, 0.00000e+0, 2.91176e+4, 0.00000e+0, 5.23654e+2, 0.00000e+0, 2.42043e+0, 0.00000e+0, 5.39359e+2, 0.00000e+0, 4.55262e+2, 0.00000e+0, 2.96033e+1, 0.00000e+0, 3.04271e+1, 0.00000e+0, 3.24248e+0, 0.00000e+0, 2.88054e+0, 0.00000e+0, 2.00000e+1, 0.00000e+0, 5.00000e+0, 0.00000e+0, 3, 7, 
08/28/2024 14:26:33.830, 08/28/2024 14:26:33.770, 4.14465e+0, 0.00000e+0, 9.59294e+1, 0.00000e+0, 2.35241e+0, 0.00000e+0, 2.91422e+4, 0.00000e+0, 5.24330e+2, 0.00000e+0, 2.42302e+0, 0.00000e+0, 5.40068e+2, 0.00000e+0, 4.55430e+2, 0.00000e+0, 2.96042e+1, 0.00000e+0, 3.04290e+1, 0.00000e+0, 3.24182e+0, 0.00000e+0, 2.88080e+0, 0.00000e+0, 2.00000e+1, 0.00000e+0, 5.00000e+0, 0.00000e+0, 3, 7, 
08/28/2024 14:26:34.820, 08/28/2024 14:26:34.766, 4.14439e+0, 0.00000e+0, 9.58909e+1, 0.00000e+0, 2.35604e+0, 0.00000e+0, 2.91389e+4, 0.00000e+0, 5.25730e+2, 0.00000e+0, 2.42675e+0, 0.00000e+0, 5.41509e+2, 0.00000e+0, 4.55233e+2, 0.00000e+0, 2.96066e+1, 0.00000e+0, 3.04349e+1, 0.00000e+0, 3.24034e+0, 0.00000e+0, 2.88112e+0, 0.00000e+0, 2.00000e+1, 0.00000e+0, 5.00000e+0, 0.00000e+0, 3, 8, 
08/28/2024 14:26:35.811, 08/28/2024 14:26:35.761, 4.14427e+0, 0.00000e+0, 9.58729e+1, 0.00000e+0, 2.35875e+0, 0.00000e+0, 2.91286e+4, 0.00000e+0, 5.27159e+2, 0.00000e+0, 2.42951e+0, 0.00000e+0, 5.42975e+2, 0.00000e+0, 4.55303e+2, 0.00000e+0, 2.96202e+1, 0.00000e+0, 3.04390e+1, 0.00000e+0, 3.24221e+0, 0.00000e+0, 2.88066e+0, 0.00000e+0, 2.00000e+1, 0.00000e+0, 5.00000e+0, 0.00000e+0, 3, 8, 
08/28/2024 14:26:36.806, 08/28/2024 14:26:36.754, 4.14419e+0, 0.00000e+0, 9.58617e+1, 0.00000e+0, 2.35864e+0, 0.00000e+0, 2.91531e+4, 0.00000e+0, 5.26662e+2, 0.00000e+0, 2.42946e+0, 0.00000e+0, 5.42477e+2, 0.00000e+0, 4.55290e+2, 0.00000e+0, 2.96085e+1, 0.00000e+0, 3.04368e+1, 0.00000e+0, 3.24126e+0, 0.00000e+0, 2.88074e+0, 0.00000e+0, 2.00000e+1, 0.00000e+0, 5.00000e+0, 0.00000e+0, 3, 8, 
08/28/2024 14:26:37.830, 08/28/2024 14:26:37.749, 4.14386e+0, 0.00000e+0, 9.58126e+1, 0.00000e+0, 2.36106e+0, 0.00000e+0, 2.91387e+4, 0.00000e+0, 5.25540e+2, 0.00000e+0, 2.43192e+0, 0.00000e+0, 5.41313e+2, 0.00000e+0, 4.55202e+2, 0.00000e+0, 2.96170e+1, 0.00000e+0, 3.04406e+1, 0.00000e+0, 3.24251e+0, 0.00000e+0, 2.88064e+0, 0.00000e+0, 2.00000e+1, 0.00000e+0, 5.00000e+0, 0.00000e+0, 3, 1, 
08/28/2024 14:26:38.795, 08/28/2024 14:26:38.743, 4.14435e+0, 0.00000e+0, 9.58848e+1, 0.00000e+0, 2.36386e+0, 0.00000e+0, 2.92354e+4, 0.00000e+0, 5.28738e+2, 0.00000e+0, 2.43505e+0, 0.00000e+0, 5.44661e+2, 0.00000e+0, 4.55334e+2, 0.00000e+0, 2.96048e+1, 0.00000e+0, 3.04469e+1, 0.00000e+0, 3.24301e+0, 0.00000e+0, 2.88072e+0, 0.00000e+0, 2.00000e+1, 0.00000e+0, 5.00000e+0, 0.00000e+0, 3, 1, 
08/28/2024 14:26:39.796, 08/28/2024 14:26:39.739, 4.14427e+0, 0.00000e+0, 9.58730e+1, 0.00000e+0, 2.36599e+0, 0.00000e+0, 2.90955e+4, 0.00000e+0, 5.28883e+2, 0.00000e+0, 2.43689e+0, 0.00000e+0, 5.44733e+2, 0.00000e+0, 4.55377e+2, 0.00000e+0, 2.96076e+1, 0.00000e+0, 3.04521e+1, 0.00000e+0, 3.24294e+0, 0.00000e+0, 2.88030e+0, 0.00000e+0, 2.00000e+1, 0.00000e+0, 5.00000e+0, 0.00000e+0, 3, 1, 
08/28/2024 14:26:40.784, 08/28/2024 14:26:40.733, 4.14462e+0, 0.00000e+0, 9.59253e+1, 0.00000e+0, 2.36908e+0, 0.00000e+0, 2.90269e+4, 0.00000e+0, 5.29539e+2, 0.00000e+0, 2.43990e+0, 0.00000e+0, 5.45369e+2, 0.00000e+0, 4.55400e+2, 0.00000e+0, 2.96062e+1, 0.00000e+0, 3.04614e+1, 0.00000e+0, 3.24117e+0, 0.00000e+0, 2.88040e+0, 0.00000e+0, 2.00000e+1, 0.00000e+0, 5.00000e+0, 0.00000e+0, 3, 2, 
08/28/2024 14:26:41.780, 08/28/2024 14:26:41.727, 4.14450e+0, 0.00000e+0, 9.59082e+1, 0.00000e+0, 2.37208e+0, 0.00000e+0, 2.92246e+4, 0.00000e+0, 5.31010e+2, 0.00000e+0, 2.44349e+0, 0.00000e+0, 5.46996e+2, 0.00000e+0, 4.55432e+2, 0.00000e+0, 2.96096e+1, 0.00000e+0, 3.04530e+1, 0.00000e+0, 3.24270e+0, 0.00000e+0, 2.88062e+0, 0.00000e+0, 2.00000e+1, 0.00000e+0, 5.00000e+0, 0.00000e+0, 3, 2, 
08/28/2024 14:26:42.773, 08/28/2024 14:26:42.723, 4.14448e+0, 0.00000e+0, 9.59045e+1, 0.00000e+0, 2.37645e+0, 0.00000e+0, 2.89697e+4, 0.00000e+0, 5.30807e+2, 0.00000e+0, 2.44735e+0, 0.00000e+0, 5.46643e+2, 0.00000e+0, 4.55404e+2, 0.00000e+0, 2.96076e+1, 0.00000e+0, 3.04651e+1, 0.00000e+0, 3.24270e+0, 0.00000e+0, 2.88049e+0, 0.00000e+0, 2.00000e+1, 0.00000e+0, 5.00000e+0, 0.00000e+0, 3, 2, 
08/28/2024 14:26:43.770, 08/28/2024 14:26:43.717, 4.14437e+0, 0.00000e+0, 9.58884e+1, 0.00000e+0, 2.37714e+0, 0.00000e+0, 2.91688e+4, 0.00000e+0, 5.32000e+2, 0.00000e+0, 2.44856e+0, 0.00000e+0, 5.47984e+2, 0.00000e+0, 4.55271e+2, 0.00000e+0, 2.96081e+1, 0.00000e+0, 3.04601e+1, 0.00000e+0, 3.24327e+0, 0.00000e+0, 2.88064e+0, 0.00000e+0, 2.00000e+1, 0.00000e+0, 5.00000e+0, 0.00000e+0, 3, 3, 
08/28/2024 14:26:44.772, 08/28/2024 14:26:44.710, 4.14425e+0, 0.00000e+0, 9.58709e+1, 0.00000e+0, 2.38114e+0, 0.00000e+0, 2.91544e+4, 0.00000e+0, 5.32599e+2, 0.00000e+0, 2.45265e+0, 0.00000e+0, 5.48592e+2, 0.00000e+0, 4.55331e+2, 0.00000e+0, 2.96076e+1, 0.00000e+0, 3.04584e+1, 0.00000e+0, 3.24254e+0, 0.00000e+0, 2.88006e+0, 0.00000e+0, 2.00000e+1, 0.00000e+0, 5.00000e+0, 0.00000e+0, 3, 3, 
08/28/2024 14:26:45.759, 08/28/2024 14:26:45.705, 4.14464e+0, 0.00000e+0, 9.59281e+1, 0.00000e+0, 2.38127e+0, 0.00000e+0, 2.90070e+4, 0.00000e+0, 5.33109e+2, 0.00000e+0, 2.45241e+0, 0.00000e+0, 5.49035e+2, 0.00000e+0, 4.55354e+2, 0.00000e+0, 2.96127e+1, 0.00000e+0, 3.04679e+1, 0.00000e+0, 3.24291e+0, 0.00000e+0, 2.88036e+0, 0.00000e+0, 2.00000e+1, 0.00000e+0, 5.00000e+0, 0.00000e+0, 3, 3, 
08/28/2024 14:26:46.752, 08/28/2024 14:26:46.700, 4.14460e+0, 0.00000e+0, 9.59228e+1, 0.00000e+0, 2.38498e+0, 0.00000e+0, 2.90610e+4, 0.00000e+0, 5.34148e+2, 0.00000e+0, 2.45636e+0, 0.00000e+0, 5.50135e+2, 0.00000e+0, 4.55390e+2, 0.00000e+0, 2.96156e+1, 0.00000e+0, 3.04656e+1, 0.00000e+0, 3.24242e+0, 0.00000e+0, 2.88045e+0, 0.00000e+0, 2.00000e+1, 0.00000e+0, 5.00000e+0, 0.00000e+0, 3, 4, 
08/28/2024 14:26:47.749, 08/28/2024 14:26:47.695, 4.14461e+0, 0.00000e+0, 9.59241e+1, 0.00000e+0, 2.38977e+0, 0.00000e+0, 2.90864e+4, 0.00000e+0, 5.35985e+2, 0.00000e+0, 2.46136e+0, 0.00000e+0, 5.52042e+2, 0.00000e+0, 4.55441e+2, 0.00000e+0, 2.96132e+1, 0.00000e+0, 3.04754e+1, 0.00000e+0, 3.24230e+0, 0.00000e+0, 2.88043e+0, 0.00000e+0, 2.00000e+1, 0.00000e+0, 5.00000e+0, 0.00000e+0, 3, 4, 
08/28/2024 14:26:48.740, 08/28/2024 14:26:48.689, 4.14457e+0, 0.00000e+0, 9.59188e+1, 0.00000e+0, 2.38772e+0, 0.00000e+0, 2.91833e+4, 0.00000e+0, 5.35027e+2, 0.00000e+0, 2.45950e+0, 0.00000e+0, 5.51110e+2, 0.00000e+0, 4.55640e+2, 0.00000e+0, 2.96063e+1, 0.00000e+0, 3.04850e+1, 0.00000e+0, 3.24257e+0, 0.00000e+0, 2.88031e+0, 0.00000e+0, 2.00000e+1, 0.00000e+0, 5.00000e+0, 0.00000e+0, 3, 4, 
08/28/2024 14:26:49.735, 08/28/2024 14:26:49.683, 4.14457e+0, 0.00000e+0, 9.59186e+1, 0.00000e+0, 2.39095e+0, 0.00000e+0, 2.93071e+4, 0.00000e+0, 5.36578e+2, 0.00000e+0, 2.46314e+0, 0.00000e+0, 5.52778e+2, 0.00000e+0, 4.55554e+2, 0.00000e+0, 2.96090e+1, 0.00000e+0, 3.04891e+1, 0.00000e+0, 3.24323e+0, 0.00000e+0, 2.88028e+0, 0.00000e+0, 2.00000e+1, 0.00000e+0, 5.00000e+0, 0.00000e+0, 3, 5, 
08/28/2024 14:26:50.738, 08/28/2024 14:26:50.678, 4.14478e+0, 0.00000e+0, 9.59495e+1, 0.00000e+0, 2.39405e+0, 0.00000e+0, 2.90415e+4, 0.00000e+0, 5.36917e+2, 0.00000e+0, 2.46565e+0, 0.00000e+0, 5.52976e+2, 0.00000e+0, 4.55550e+2, 0.00000e+0, 2.96088e+1, 0.00000e+0, 3.04915e+1, 0.00000e+0, 3.24268e+0, 0.00000e+0, 2.88064e+0, 0.00000e+0, 2.00000e+1, 0.00000e+0, 5.00000e+0, 0.00000e+0, 3, 5, 
08/28/2024 14:26:51.727, 08/28/2024 14:26:51.673, 4.14471e+0, 0.00000e+0, 9.59393e+1, 0.00000e+0, 2.39865e+0, 0.00000e+0, 2.94256e+4, 0.00000e+0, 5.38216e+2, 0.00000e+0, 2.47138e+0, 0.00000e+0, 5.54534e+2, 0.00000e+0, 4.55530e+2, 0.00000e+0, 2.96091e+1, 0.00000e+0, 3.04979e+1, 0.00000e+0, 3.24291e+0, 0.00000e+0, 2.88001e+0, 0.00000e+0, 2.00000e+1, 0.00000e+0, 5.00000e+0, 0.00000e+0, 3, 5, 
08/28/2024 14:26:52.726, 08/28/2024 14:26:52.667, 4.14455e+0, 0.00000e+0, 9.59158e+1, 0.00000e+0, 2.40281e+0, 0.00000e+0, 2.92280e+4, 0.00000e+0, 5.39663e+2, 0.00000e+0, 2.47515e+0, 0.00000e+0, 5.55912e+2, 0.00000e+0, 4.55533e+2, 0.00000e+0, 2.96133e+1, 0.00000e+0, 3.05107e+1, 0.00000e+0, 3.24234e+0, 0.00000e+0, 2.88025e+0, 0.00000e+0, 2.00000e+1, 0.00000e+0, 5.00000e+0, 0.00000e+0, 3, 6, 
08/28/2024 14:26:53.710, 08/28/2024 14:26:53.663, 4.14461e+0, 0.00000e+0, 9.59235e+1, 0.00000e+0, 2.40503e+0, 0.00000e+0, 2.93770e+4, 0.00000e+0, 5.39286e+2, 0.00000e+0, 2.47782e+0, 0.00000e+0, 5.55608e+2, 0.00000e+0, 4.55729e+2, 0.00000e+0, 2.96146e+1, 0.00000e+0, 3.05107e+1, 0.00000e+0, 3.24317e+0, 0.00000e+0, 2.87986e+0, 0.00000e+0, 2.00000e+1, 0.00000e+0, 5.00000e+0, 0.00000e+0, 3, 6, 
08/28/2024 14:26:54.713, 08/28/2024 14:26:54.656, 4.14449e+0, 0.00000e+0, 9.59059e+1, 0.00000e+0, 2.40463e+0, 0.00000e+0, 2.91306e+4, 0.00000e+0, 5.41265e+2, 0.00000e+0, 2.47678e+0, 0.00000e+0, 5.57505e+2, 0.00000e+0, 4.55669e+2, 0.00000e+0, 2.96156e+1, 0.00000e+0, 3.05217e+1, 0.00000e+0, 3.24268e+0, 0.00000e+0, 2.87982e+0, 0.00000e+0, 2.00000e+1, 0.00000e+0, 5.00000e+0, 0.00000e+0, 3, 6, 
08/28/2024 14:26:55.706, 08/28/2024 14:26:55.650, 4.14442e+0, 0.00000e+0, 9.58957e+1, 0.00000e+0, 2.40967e+0, 0.00000e+0, 2.93362e+4, 0.00000e+0, 5.42061e+2, 0.00000e+0, 2.48250e+0, 0.00000e+0, 5.58444e+2, 0.00000e+0, 4.55736e+2, 0.00000e+0, 2.96223e+1, 0.00000e+0, 3.05234e+1, 0.00000e+0, 3.24147e+0, 0.00000e+0, 2.88031e+0, 0.00000e+0, 2.00000e+1, 0.00000e+0, 5.00000e+0, 0.00000e+0, 3, 7, 
08/28/2024 14:26:56.697, 08/28/2024 14:26:56.645, 4.14427e+0, 0.00000e+0, 9.58729e+1, 0.00000e+0, 2.41231e+0, 0.00000e+0, 2.93288e+4, 0.00000e+0, 5.42057e+2, 0.00000e+0, 2.48519e+0, 0.00000e+0, 5.58436e+2, 0.00000e+0, 4.55570e+2, 0.00000e+0, 2.96190e+1, 0.00000e+0, 3.05350e+1, 0.00000e+0, 3.24207e+0, 0.00000e+0, 2.87921e+0, 0.00000e+0, 2.00000e+1, 0.00000e+0, 5.00000e+0, 0.00000e+0, 3, 7, 
08/28/2024 14:26:57.694, 08/28/2024 14:26:57.648, 4.14454e+0, 0.00000e+0, 9.59137e+1, 0.00000e+0, 2.41225e+0, 0.00000e+0, 2.91951e+4, 0.00000e+0, 5.42981e+2, 0.00000e+0, 2.48480e+0, 0.00000e+0, 5.59310e+2, 0.00000e+0, 4.55577e+2, 0.00000e+0, 2.96199e+1, 0.00000e+0, 3.05328e+1, 0.00000e+0, 3.24256e+0, 0.00000e+0, 2.87878e+0, 0.00000e+0, 2.00000e+1, 0.00000e+0, 5.00000e+0, 0.00000e+0, 3, 7, 
08/28/2024 14:26:58.695, 08/28/2024 14:26:58.642, 4.14443e+0, 0.00000e+0, 9.58976e+1, 0.00000e+0, 2.42024e+0, 0.00000e+0, 2.93729e+4, 0.00000e+0, 5.43634e+2, 0.00000e+0, 2.49348e+0, 0.00000e+0, 5.60085e+2, 0.00000e+0, 4.55747e+2, 0.00000e+0, 2.96206e+1, 0.00000e+0, 3.05402e+1, 0.00000e+0, 3.24150e+0, 0.00000e+0, 2.87968e+0, 0.00000e+0, 2.00000e+1, 0.00000e+0, 5.00000e+0, 0.00000e+0, 3, 8, 
08/28/2024 14:26:59.690, 08/28/2024 14:26:59.635, 4.14436e+0, 0.00000e+0, 9.58870e+1, 0.00000e+0, 2.42246e+0, 0.00000e+0, 2.93597e+4, 0.00000e+0, 5.45296e+2, 0.00000e+0, 2.49574e+0, 0.00000e+0, 5.61790e+2, 0.00000e+0, 4.55636e+2, 0.00000e+0, 2.96309e+1, 0.00000e+0, 3.05456e+1, 0.00000e+0, 3.24167e+0, 0.00000e+0, 2.87956e+0, 0.00000e+0, 2.00000e+1, 0.00000e+0, 5.00000e+0, 0.00000e+0, 3, 8, 
08/28/2024 14:27:00.686, 08/28/2024 14:27:00.630, 4.14431e+0, 0.00000e+0, 9.58791e+1, 0.00000e+0, 2.42521e+0, 0.00000e+0, 2.93130e+4, 0.00000e+0, 5.45042e+2, 0.00000e+0, 2.49845e+0, 0.00000e+0, 5.61502e+2, 0.00000e+0, 4.55711e+2, 0.00000e+0, 2.96324e+1, 0.00000e+0, 3.05522e+1, 0.00000e+0, 3.24291e+0, 0.00000e+0, 2.87930e+0, 0.00000e+0, 2.00000e+1, 0.00000e+0, 5.00000e+0, 0.00000e+0, 3, 8, 
08/28/2024 14:27:01.676, 08/28/2024 14:27:01.625, 4.14430e+0, 0.00000e+0, 9.58779e+1, 0.00000e+0, 2.42444e+0, 0.00000e+0, 2.94837e+4, 0.00000e+0, 5.48291e+2, 0.00000e+0, 2.49810e+0, 0.00000e+0, 5.64948e+2, 0.00000e+0, 4.55659e+2, 0.00000e+0, 2.96280e+1, 0.00000e+0, 3.05581e+1, 0.00000e+0, 3.24311e+0, 0.00000e+0, 2.87820e+0, 0.00000e+0, 2.00000e+1, 0.00000e+0, 5.00000e+0, 0.00000e+0, 3, 1, 
08/28/2024 14:27:02.678, 08/28/2024 14:27:02.619, 4.14438e+0, 0.00000e+0, 9.58898e+1, 0.00000e+0, 2.43142e+0, 0.00000e+0, 2.91629e+4, 0.00000e+0, 5.47030e+2, 0.00000e+0, 2.50445e+0, 0.00000e+0, 5.63462e+2, 0.00000e+0, 4.55722e+2, 0.00000e+0, 2.96382e+1, 0.00000e+0, 3.05662e+1, 0.00000e+0, 3.24234e+0, 0.00000e+0, 2.87893e+0, 0.00000e+0, 2.00000e+1, 0.00000e+0, 5.00000e+0, 0.00000e+0, 3, 1, 
08/28/2024 14:27:03.666, 08/28/2024 14:27:03.613, 4.14467e+0, 0.00000e+0, 9.59333e+1, 0.00000e+0, 2.43505e+0, 0.00000e+0, 2.94909e+4, 0.00000e+0, 5.48243e+2, 0.00000e+0, 2.50904e+0, 0.00000e+0, 5.64903e+2, 0.00000e+0, 4.55628e+2, 0.00000e+0, 2.96347e+1, 0.00000e+0, 3.05707e+1, 0.00000e+0, 3.24144e+0, 0.00000e+0, 2.87953e+0, 0.00000e+0, 2.00000e+1, 0.00000e+0, 5.00000e+0, 0.00000e+0, 3, 1, 
08/28/2024 14:27:04.656, 08/28/2024 14:27:04.609, 4.14470e+0, 0.00000e+0, 9.59380e+1, 0.00000e+0, 2.43586e+0, 0.00000e+0, 2.93221e+4, 0.00000e+0, 5.48281e+2, 0.00000e+0, 2.50945e+0, 0.00000e+0, 5.64843e+2, 0.00000e+0, 4.55658e+2, 0.00000e+0, 2.96360e+1, 0.00000e+0, 3.05710e+1, 0.00000e+0, 3.24268e+0, 0.00000e+0, 2.87998e+0, 0.00000e+0, 2.00000e+1, 0.00000e+0, 5.00000e+0, 0.00000e+0, 3, 2, 
08/28/2024 14:27:05.654, 08/28/2024 14:27:05.602, 4.14448e+0, 0.00000e+0, 9.59047e+1, 0.00000e+0, 2.43961e+0, 0.00000e+0, 2.94910e+4, 0.00000e+0, 5.50025e+2, 0.00000e+0, 2.51374e+0, 0.00000e+0, 5.66739e+2, 0.00000e+0, 4.55800e+2, 0.00000e+0, 2.96331e+1, 0.00000e+0, 3.05691e+1, 0.00000e+0, 3.24125e+0, 0.00000e+0, 2.88039e+0, 0.00000e+0, 2.00000e+1, 0.00000e+0, 5.00000e+0, 0.00000e+0, 3, 2, 
08/28/2024 14:27:06.649, 08/28/2024 14:27:06.597, 4.14447e+0, 0.00000e+0, 9.59034e+1, 0.00000e+0, 2.44275e+0, 0.00000e+0, 2.96187e+4, 0.00000e+0, 5.51284e+2, 0.00000e+0, 2.51731e+0, 0.00000e+0, 5.68111e+2, 0.00000e+0, 4.55739e+2, 0.00000e+0, 2.96349e+1, 0.00000e+0, 3.05725e+1, 0.00000e+0, 3.24244e+0, 0.00000e+0, 2.88110e+0, 0.00000e+0, 2.00000e+1, 0.00000e+0, 5.00000e+0, 0.00000e+0, 3, 2, 
08/28/2024 14:27:07.641, 08/28/2024 14:27:07.592, 4.14446e+0, 0.00000e+0, 9.59016e+1, 0.00000e+0, 2.44646e+0, 0.00000e+0, 2.94745e+4, 0.00000e+0, 5.51010e+2, 0.00000e+0, 2.52076e+0, 0.00000e+0, 5.67744e+2, 0.00000e+0, 4.55898e+2, 0.00000e+0, 2.96421e+1, 0.00000e+0, 3.05833e+1, 0.00000e+0, 3.24192e+0, 0.00000e+0, 2.88045e+0, 0.00000e+0, 2.00000e+1, 0.00000e+0, 5.00000e+0, 0.00000e+0, 3, 3, 
08/28/2024 14:27:08.653, 08/28/2024 14:27:08.587, 4.14456e+0, 0.00000e+0, 9.59168e+1, 0.00000e+0, 2.44849e+0, 0.00000e+0, 2.94253e+4, 0.00000e+0, 5.52315e+2, 0.00000e+0, 2.52272e+0, 0.00000e+0, 5.69060e+2, 0.00000e+0, 4.55820e+2, 0.00000e+0, 2.96449e+1, 0.00000e+0, 3.05876e+1, 0.00000e+0, 3.24312e+0, 0.00000e+0, 2.88091e+0, 0.00000e+0, 2.00000e+1, 0.00000e+0, 5.00000e+0, 0.00000e+0, 3, 3, 
08/28/2024 14:27:09.633, 08/28/2024 14:27:09.581, 4.14447e+0, 0.00000e+0, 9.59031e+1, 0.00000e+0, 2.45426e+0, 0.00000e+0, 2.95147e+4, 0.00000e+0, 5.53388e+2, 0.00000e+0, 2.52890e+0, 0.00000e+0, 5.70218e+2, 0.00000e+0, 4.55707e+2, 0.00000e+0, 2.96449e+1, 0.00000e+0, 3.05939e+1, 0.00000e+0, 3.24253e+0, 0.00000e+0, 2.88085e+0, 0.00000e+0, 2.00000e+1, 0.00000e+0, 5.00000e+0, 0.00000e+0, 3, 3, 
08/28/2024 14:27:10.627, 08/28/2024 14:27:10.575, 4.14451e+0, 0.00000e+0, 9.59089e+1, 0.00000e+0, 2.45698e+0, 0.00000e+0, 2.95211e+4, 0.00000e+0, 5.53871e+2, 0.00000e+0, 2.53172e+0, 0.00000e+0, 5.70719e+2, 0.00000e+0, 4.55740e+2, 0.00000e+0, 2.96474e+1, 0.00000e+0, 3.05992e+1, 0.00000e+0, 3.24251e+0, 0.00000e+0, 2.88012e+0, 0.00000e+0, 2.00000e+1, 0.00000e+0, 5.00000e+0, 0.00000e+0, 3, 4, 
08/28/2024 14:27:11.621, 08/28/2024 14:27:11.571, 4.14487e+0, 0.00000e+0, 9.59635e+1, 0.00000e+0, 2.45793e+0, 0.00000e+0, 2.95782e+4, 0.00000e+0, 5.55874e+2, 0.00000e+0, 2.53285e+0, 0.00000e+0, 5.72817e+2, 0.00000e+0, 4.55949e+2, 0.00000e+0, 2.96506e+1, 0.00000e+0, 3.06072e+1, 0.00000e+0, 3.24172e+0, 0.00000e+0, 2.88090e+0, 0.00000e+0, 2.00000e+1, 0.00000e+0, 5.00000e+0, 0.00000e+0, 3, 4, 
08/28/2024 14:27:12.617, 08/28/2024 14:27:12.565, 4.14493e+0, 0.00000e+0, 9.59723e+1, 0.00000e+0, 2.46302e+0, 0.00000e+0, 2.93692e+4, 0.00000e+0, 5.55889e+2, 0.00000e+0, 2.53754e+0, 0.00000e+0, 5.72709e+2, 0.00000e+0, 4.55898e+2, 0.00000e+0, 2.96533e+1, 0.00000e+0, 3.06079e+1, 0.00000e+0, 3.24232e+0, 0.00000e+0, 2.88134e+0, 0.00000e+0, 2.00000e+1, 0.00000e+0, 5.00000e+0, 0.00000e+0, 3, 4, 
08/28/2024 14:27:13.611, 08/28/2024 14:27:13.559, 4.14443e+0, 0.00000e+0, 9.58972e+1, 0.00000e+0, 2.46146e+0, 0.00000e+0, 2.95762e+4, 0.00000e+0, 5.56349e+2, 0.00000e+0, 2.53648e+0, 0.00000e+0, 5.73305e+2, 0.00000e+0, 4.55737e+2, 0.00000e+0, 2.96559e+1, 0.00000e+0, 3.06110e+1, 0.00000e+0, 3.24211e+0, 0.00000e+0, 2.88066e+0, 0.00000e+0, 2.00000e+1, 0.00000e+0, 5.00000e+0, 0.00000e+0, 3, 5, 
08/28/2024 14:27:14.603, 08/28/2024 14:27:14.553, 4.14443e+0, 0.00000e+0, 9.58974e+1, 0.00000e+0, 2.46658e+0, 0.00000e+0, 2.94874e+4, 0.00000e+0, 5.57744e+2, 0.00000e+0, 2.54152e+0, 0.00000e+0, 5.74690e+2, 0.00000e+0, 4.55708e+2, 0.00000e+0, 2.96535e+1, 0.00000e+0, 3.06296e+1, 0.00000e+0, 3.24227e+0, 0.00000e+0, 2.88104e+0, 0.00000e+0, 2.00000e+1, 0.00000e+0, 5.00000e+0, 0.00000e+0, 3, 5, 
08/28/2024 14:27:15.611, 08/28/2024 14:27:15.549, 4.14414e+0, 0.00000e+0, 9.58539e+1, 0.00000e+0, 2.47505e+0, 0.00000e+0, 2.93374e+4, 0.00000e+0, 5.59678e+2, 0.00000e+0, 2.54986e+0, 0.00000e+0, 5.76594e+2, 0.00000e+0, 4.55717e+2, 0.00000e+0, 2.96668e+1, 0.00000e+0, 3.06221e+1, 0.00000e+0, 3.24187e+0, 0.00000e+0, 2.88143e+0, 0.00000e+0, 2.00000e+1, 0.00000e+0, 5.00000e+0, 0.00000e+0, 3, 5, 
08/28/2024 14:27:16.600, 08/28/2024 14:27:16.543, 4.14452e+0, 0.00000e+0, 9.59110e+1, 0.00000e+0, 2.47373e+0, 0.00000e+0, 2.96791e+4, 0.00000e+0, 5.60364e+2, 0.00000e+0, 2.54940e+0, 0.00000e+0, 5.77504e+2, 0.00000e+0, 4.55853e+2, 0.00000e+0, 2.96671e+1, 0.00000e+0, 3.06280e+1, 0.00000e+0, 3.24253e+0, 0.00000e+0, 2.88078e+0, 0.00000e+0, 2.00000e+1, 0.00000e+0, 5.00000e+0, 0.00000e+0, 3, 6, 
08/28/2024 14:27:17.591, 08/28/2024 14:27:17.537, 4.14426e+0, 0.00000e+0, 9.58726e+1, 0.00000e+0, 2.47619e+0, 0.00000e+0, 2.93731e+4, 0.00000e+0, 5.60954e+2, 0.00000e+0, 2.55113e+0, 0.00000e+0, 5.77929e+2, 0.00000e+0, 4.55948e+2, 0.00000e+0, 2.96618e+1, 0.00000e+0, 3.06513e+1, 0.00000e+0, 3.24220e+0, 0.00000e+0, 2.88104e+0, 0.00000e+0, 2.00000e+1, 0.00000e+0, 5.00000e+0, 0.00000e+0, 3, 6, 
08/28/2024 14:27:18.589, 08/28/2024 14:27:18.532, 4.14457e+0, 0.00000e+0, 9.59183e+1, 0.00000e+0, 2.48064e+0, 0.00000e+0, 2.94141e+4, 0.00000e+0, 5.60568e+2, 0.00000e+0, 2.55581e+0, 0.00000e+0, 5.77556e+2, 0.00000e+0, 4.55906e+2, 0.00000e+0, 2.96592e+1, 0.00000e+0, 3.06482e+1, 0.00000e+0, 3.24337e+0, 0.00000e+0, 2.87992e+0, 0.00000e+0, 2.00000e+1, 0.00000e+0, 5.00000e+0, 0.00000e+0, 3, 6, 
08/28/2024 14:27:19.584, 08/28/2024 14:27:19.526, 4.14469e+0, 0.00000e+0, 9.59354e+1, 0.00000e+0, 2.48038e+0, 0.00000e+0, 2.97205e+4, 0.00000e+0, 5.60486e+2, 0.00000e+0, 2.55635e+0, 0.00000e+0, 5.77655e+2, 0.00000e+0, 4.55924e+2, 0.00000e+0, 2.96604e+1, 0.00000e+0, 3.06567e+1, 0.00000e+0, 3.24308e+0, 0.00000e+0, 2.88016e+0, 0.00000e+0, 2.00000e+1, 0.00000e+0, 5.00000e+0, 0.00000e+0, 3, 7, 
08/28/2024 14:27:20.573, 08/28/2024 14:27:20.521, 4.14469e+0, 0.00000e+0, 9.59366e+1, 0.00000e+0, 2.48358e+0, 0.00000e+0, 2.97435e+4, 0.00000e+0, 5.62387e+2, 0.00000e+0, 2.55971e+0, 0.00000e+0, 5.79627e+2, 0.00000e+0, 4.55797e+2, 0.00000e+0, 2.96605e+1, 0.00000e+0, 3.06706e+1, 0.00000e+0, 3.24356e+0, 0.00000e+0, 2.88028e+0, 0.00000e+0, 2.00000e+1, 0.00000e+0, 5.00000e+0, 0.00000e+0, 3, 7, 
08/28/2024 14:27:21.571, 08/28/2024 14:27:21.515, 4.14447e+0, 0.00000e+0, 9.59029e+1, 0.00000e+0, 2.48893e+0, 0.00000e+0, 2.96781e+4, 0.00000e+0, 5.63410e+2, 0.00000e+0, 2.56506e+0, 0.00000e+0, 5.80642e+2, 0.00000e+0, 4.56021e+2, 0.00000e+0, 2.96590e+1, 0.00000e+0, 3.06784e+1, 0.00000e+0, 3.24308e+0, 0.00000e+0, 2.87990e+0, 0.00000e+0, 2.00000e+1, 0.00000e+0, 5.00000e+0, 0.00000e+0, 3, 7, 
08/28/2024 14:27:22.564, 08/28/2024 14:27:22.510, 4.14473e+0, 0.00000e+0, 9.59415e+1, 0.00000e+0, 2.49208e+0, 0.00000e+0, 2.95692e+4, 0.00000e+0, 5.64515e+2, 0.00000e+0, 2.56801e+0, 0.00000e+0, 5.81716e+2, 0.00000e+0, 4.55855e+2, 0.00000e+0, 2.96617e+1, 0.00000e+0, 3.06876e+1, 0.00000e+0, 3.24229e+0, 0.00000e+0, 2.88044e+0, 0.00000e+0, 2.00000e+1, 0.00000e+0, 5.00000e+0, 0.00000e+0, 3, 8, 
08/28/2024 14:27:23.559, 08/28/2024 14:27:23.505, 4.14484e+0, 0.00000e+0, 9.59585e+1, 0.00000e+0, 2.49436e+0, 0.00000e+0, 2.95944e+4, 0.00000e+0, 5.65299e+2, 0.00000e+0, 2.57043e+0, 0.00000e+0, 5.82539e+2, 0.00000e+0, 4.55800e+2, 0.00000e+0, 2.96599e+1, 0.00000e+0, 3.06825e+1, 0.00000e+0, 3.24257e+0, 0.00000e+0, 2.87999e+0, 0.00000e+0, 2.00000e+1, 0.00000e+0, 5.00000e+0, 0.00000e+0, 3, 8, 
08/28/2024 14:27:24.562, 08/28/2024 14:27:24.499, 4.14469e+0, 0.00000e+0, 9.59364e+1, 0.00000e+0, 2.50062e+0, 0.00000e+0, 2.95325e+4, 0.00000e+0, 5.67642e+2, 0.00000e+0, 2.57672e+0, 0.00000e+0, 5.84916e+2, 0.00000e+0, 4.55774e+2, 0.00000e+0, 2.96621e+1, 0.00000e+0, 3.06828e+1, 0.00000e+0, 3.24228e+0, 0.00000e+0, 2.88053e+0, 0.00000e+0, 2.00000e+1, 0.00000e+0, 5.00000e+0, 0.00000e+0, 3, 8, 
08/28/2024 14:27:25.549, 08/28/2024 14:27:25.493, 4.14482e+0, 0.00000e+0, 9.59553e+1, 0.00000e+0, 2.49828e+0, 0.00000e+0, 2.94912e+4, 0.00000e+0, 5.67544e+2, 0.00000e+0, 2.57419e+0, 0.00000e+0, 5.84791e+2, 0.00000e+0, 4.56046e+2, 0.00000e+0, 2.96629e+1, 0.00000e+0, 3.06965e+1, 0.00000e+0, 3.24299e+0, 0.00000e+0, 2.88003e+0, 0.00000e+0, 2.00000e+1, 0.00000e+0, 5.00000e+0, 0.00000e+0, 3, 1, 
08/28/2024 14:27:26.543, 08/28/2024 14:27:26.489, 4.14458e+0, 0.00000e+0, 9.59202e+1, 0.00000e+0, 2.50176e+0, 0.00000e+0, 2.94441e+4, 0.00000e+0, 5.68301e+2, 0.00000e+0, 2.57766e+0, 0.00000e+0, 5.85542e+2, 0.00000e+0, 4.56059e+2, 0.00000e+0, 2.96690e+1, 0.00000e+0, 3.07060e+1, 0.00000e+0, 3.24240e+0, 0.00000e+0, 2.87956e+0, 0.00000e+0, 2.00000e+1, 0.00000e+0, 5.00000e+0, 0.00000e+0, 3, 1, 
08/28/2024 14:27:27.538, 08/28/2024 14:27:27.483, 4.14490e+0, 0.00000e+0, 9.59670e+1, 0.00000e+0, 2.50210e+0, 0.00000e+0, 2.97082e+4, 0.00000e+0, 5.68303e+2, 0.00000e+0, 2.57871e+0, 0.00000e+0, 5.85703e+2, 0.00000e+0, 4.55988e+2, 0.00000e+0, 2.96654e+1, 0.00000e+0, 3.07108e+1, 0.00000e+0, 3.24434e+0, 0.00000e+0, 2.87956e+0, 0.00000e+0, 2.00000e+1, 0.00000e+0, 5.00000e+0, 0.00000e+0, 3, 1, 
08/28/2024 14:27:28.527, 08/28/2024 14:27:28.477, 4.14465e+0, 0.00000e+0, 9.59305e+1, 0.00000e+0, 2.50756e+0, 0.00000e+0, 2.97773e+4, 0.00000e+0, 5.69194e+2, 0.00000e+0, 2.58452e+0, 0.00000e+0, 5.86663e+2, 0.00000e+0, 4.56121e+2, 0.00000e+0, 2.96662e+1, 0.00000e+0, 3.07170e+1, 0.00000e+0, 3.24289e+0, 0.00000e+0, 2.87926e+0, 0.00000e+0, 2.00000e+1, 0.00000e+0, 5.00000e+0, 0.00000e+0, 3, 2, 
08/28/2024 14:27:29.521, 08/28/2024 14:27:29.472, 4.14486e+0, 0.00000e+0, 9.59606e+1, 0.00000e+0, 2.51039e+0, 0.00000e+0, 2.95728e+4, 0.00000e+0, 5.69615e+2, 0.00000e+0, 2.58689e+0, 0.00000e+0, 5.86974e+2, 0.00000e+0, 4.55989e+2, 0.00000e+0, 2.96767e+1, 0.00000e+0, 3.07088e+1, 0.00000e+0, 3.24379e+0, 0.00000e+0, 2.87938e+0, 0.00000e+0, 2.00000e+1, 0.00000e+0, 5.00000e+0, 0.00000e+0, 3, 2, 
08/28/2024 14:27:30.518, 08/28/2024 14:27:30.466, 4.14494e+0, 0.00000e+0, 9.59727e+1, 0.00000e+0, 2.51311e+0, 0.00000e+0, 2.95377e+4, 0.00000e+0, 5.70946e+2, 0.00000e+0, 2.58960e+0, 0.00000e+0, 5.88324e+2, 0.00000e+0, 4.56079e+2, 0.00000e+0, 2.96788e+1, 0.00000e+0, 3.07072e+1, 0.00000e+0, 3.24334e+0, 0.00000e+0, 2.87967e+0, 0.00000e+0, 2.00000e+1, 0.00000e+0, 5.00000e+0, 0.00000e+0, 3, 2, 
08/28/2024 14:27:31.514, 08/28/2024 14:27:31.461, 4.14475e+0, 0.00000e+0, 9.59452e+1, 0.00000e+0, 2.51401e+0, 0.00000e+0, 2.97981e+4, 0.00000e+0, 5.71263e+2, 0.00000e+0, 2.59122e+0, 0.00000e+0, 5.88808e+2, 0.00000e+0, 4.55936e+2, 0.00000e+0, 2.96690e+1, 0.00000e+0, 3.07251e+1, 0.00000e+0, 3.24321e+0, 0.00000e+0, 2.87835e+0, 0.00000e+0, 2.00000e+1, 0.00000e+0, 5.00000e+0, 0.00000e+0, 3, 3, 
08/28/2024 14:27:32.507, 08/28/2024 14:27:32.455, 4.14433e+0, 0.00000e+0, 9.58828e+1, 0.00000e+0, 2.52072e+0, 0.00000e+0, 2.96150e+4, 0.00000e+0, 5.72044e+2, 0.00000e+0, 2.59765e+0, 0.00000e+0, 5.89502e+2, 0.00000e+0, 4.55868e+2, 0.00000e+0, 2.96837e+1, 0.00000e+0, 3.07213e+1, 0.00000e+0, 3.24360e+0, 0.00000e+0, 2.87978e+0, 0.00000e+0, 2.00000e+1, 0.00000e+0, 5.00000e+0, 0.00000e+0, 3, 3, 
08/28/2024 14:27:33.507, 08/28/2024 14:27:33.449, 4.14485e+0, 0.00000e+0, 9.59605e+1, 0.00000e+0, 2.52065e+0, 0.00000e+0, 2.97967e+4, 0.00000e+0, 5.73321e+2, 0.00000e+0, 2.59807e+0, 0.00000e+0, 5.90929e+2, 0.00000e+0, 4.55994e+2, 0.00000e+0, 2.96752e+1, 0.00000e+0, 3.07282e+1, 0.00000e+0, 3.24217e+0, 0.00000e+0, 2.87867e+0, 0.00000e+0, 2.00000e+1, 0.00000e+0, 5.00000e+0, 0.00000e+0, 3, 3, 
08/28/2024 14:27:34.513, 08/28/2024 14:27:34.444, 4.14494e+0, 0.00000e+0, 9.59732e+1, 0.00000e+0, 2.52721e+0, 0.00000e+0, 2.96791e+4, 0.00000e+0, 5.74012e+2, 0.00000e+0, 2.60451e+0, 0.00000e+0, 5.91570e+2, 0.00000e+0, 4.55965e+2, 0.00000e+0, 2.96797e+1, 0.00000e+0, 3.07458e+1, 0.00000e+0, 3.24364e+0, 0.00000e+0, 2.87892e+0, 0.00000e+0, 2.00000e+1, 0.00000e+0, 5.00000e+0, 0.00000e+0, 3, 4, 
08/28/2024 14:27:35.491, 08/28/2024 14:27:35.439, 4.14492e+0, 0.00000e+0, 9.59698e+1, 0.00000e+0, 2.51666e+0, 0.00000e+0, 2.98062e+4, 0.00000e+0, 5.71595e+2, 0.00000e+0, 2.59398e+0, 0.00000e+0, 5.89156e+2, 0.00000e+0, 4.55922e+2, 0.00000e+0, 2.96787e+1, 0.00000e+0, 3.07487e+1, 0.00000e+0, 3.24355e+0, 0.00000e+0, 2.87969e+0, 0.00000e+0, 2.00000e+1, 0.00000e+0, 5.00000e+0, 0.00000e+0, 3, 4, 
08/28/2024 14:27:36.483, 08/28/2024 14:27:36.435, 4.14479e+0, 0.00000e+0, 9.59511e+1, 0.00000e+0, 2.24260e+0, 0.00000e+0, 2.95025e+4, 0.00000e+0, 4.82006e+2, 0.00000e+0, 2.31078e+0, 0.00000e+0, 4.96659e+2, 0.00000e+0, 4.56050e+2, 0.00000e+0, 2.96794e+1, 0.00000e+0, 3.07485e+1, 0.00000e+0, 3.24418e+0, 0.00000e+0, 2.87978e+0, 0.00000e+0, 2.00000e+1, 0.00000e+0, 5.00000e+0, 0.00000e+0, 3, 4, 
08/28/2024 14:27:37.477, 08/28/2024 14:27:37.428, 4.14501e+0, 0.00000e+0, 9.59832e+1, 0.00000e+0, 2.04282e+0, 0.00000e+0, 2.85341e+4, 0.00000e+0, 4.12934e+2, 0.00000e+0, 2.10282e+0, 0.00000e+0, 4.25063e+2, 0.00000e+0, 4.56013e+2, 0.00000e+0, 2.96776e+1, 0.00000e+0, 3.07542e+1, 0.00000e+0, 3.24233e+0, 0.00000e+0, 2.87919e+0, 0.00000e+0, 2.00000e+1, 0.00000e+0, 5.00000e+0, 0.00000e+0, 3, 5, 
08/28/2024 14:27:38.475, 08/28/2024 14:27:38.422, 4.14494e+0, 0.00000e+0, 9.59731e+1, 0.00000e+0, 1.99320e+0, 0.00000e+0, 2.79217e+4, 0.00000e+0, 5.14909e+2, 0.00000e+0, 2.05045e+0, 0.00000e+0, 5.29699e+2, 0.00000e+0, 4.55814e+2, 0.00000e+0, 2.96833e+1, 0.00000e+0, 3.07637e+1, 0.00000e+0, 3.24257e+0, 0.00000e+0, 2.87796e+0, 0.00000e+0, 2.00000e+1, 0.00000e+0, 5.00000e+0, 0.00000e+0, 3, 5, 
08/28/2024 14:27:39.463, 08/28/2024 14:27:39.417, 4.14457e+0, 0.00000e+0, 9.59186e+1, 0.00000e+0, 1.98087e+0, 0.00000e+0, 2.80127e+4, 0.00000e+0, 4.70831e+2, 0.00000e+0, 2.03796e+0, 0.00000e+0, 4.84400e+2, 0.00000e+0, 4.56013e+2, 0.00000e+0, 2.96874e+1, 0.00000e+0, 3.07604e+1, 0.00000e+0, 3.24381e+0, 0.00000e+0, 2.87822e+0, 0.00000e+0, 2.00000e+1, 0.00000e+0, 5.00000e+0, 0.00000e+0, 3, 5, 
08/28/2024 14:27:40.464, 08/28/2024 14:27:40.412, 4.14466e+0, 0.00000e+0, 9.59309e+1, 0.00000e+0, 1.98188e+0, 0.00000e+0, 2.81150e+4, 0.00000e+0, 4.23797e+2, 0.00000e+0, 2.03921e+0, 0.00000e+0, 4.36056e+2, 0.00000e+0, 4.55984e+2, 0.00000e+0, 2.96753e+1, 0.00000e+0, 3.07641e+1, 0.00000e+0, 3.24240e+0, 0.00000e+0, 2.87906e+0, 0.00000e+0, 2.00000e+1, 0.00000e+0, 5.00000e+0, 0.00000e+0, 3, 6, 
08/28/2024 14:27:41.458, 08/28/2024 14:27:41.407, 4.14492e+0, 0.00000e+0, 9.59702e+1, 0.00000e+0, 1.99708e+0, 0.00000e+0, 2.84896e+4, 0.00000e+0, 4.12516e+2, 0.00000e+0, 2.05564e+0, 0.00000e+0, 4.24613e+2, 0.00000e+0, 4.55926e+2, 0.00000e+0, 2.96828e+1, 0.00000e+0, 3.07587e+1, 0.00000e+0, 3.24250e+0, 0.00000e+0, 2.87927e+0, 0.00000e+0, 2.00000e+1, 0.00000e+0, 5.00000e+0, 0.00000e+0, 3, 6, 
08/28/2024 14:27:42.451, 08/28/2024 14:27:42.401, 4.14493e+0, 0.00000e+0, 9.59718e+1, 0.00000e+0, 2.00911e+0, 0.00000e+0, 2.86399e+4, 0.00000e+0, 4.14148e+2, 0.00000e+0, 2.06835e+0, 0.00000e+0, 4.26359e+2, 0.00000e+0, 4.56009e+2, 0.00000e+0, 2.96940e+1, 0.00000e+0, 3.07702e+1, 0.00000e+0, 3.24274e+0, 0.00000e+0, 2.87830e+0, 0.00000e+0, 2.00000e+1, 0.00000e+0, 5.00000e+0, 0.00000e+0, 3, 6, 
08/28/2024 14:27:43.450, 08/28/2024 14:27:43.396, 4.14470e+0, 0.00000e+0, 9.59378e+1, 0.00000e+0, 2.02748e+0, 0.00000e+0, 2.86215e+4, 0.00000e+0, 4.22203e+2, 0.00000e+0, 2.08722e+0, 0.00000e+0, 4.34643e+2, 0.00000e+0, 4.55997e+2, 0.00000e+0, 2.96909e+1, 0.00000e+0, 3.07866e+1, 0.00000e+0, 3.24238e+0, 0.00000e+0, 2.87869e+0, 0.00000e+0, 2.00000e+1, 0.00000e+0, 5.00000e+0, 0.00000e+0, 3, 7, 
08/28/2024 14:27:44.451, 08/28/2024 14:27:44.390, 4.14444e+0, 0.00000e+0, 9.58993e+1, 0.00000e+0, 2.05135e+0, 0.00000e+0, 2.86449e+4, 0.00000e+0, 4.25973e+2, 0.00000e+0, 2.11185e+0, 0.00000e+0, 4.38534e+2, 0.00000e+0, 4.55889e+2, 0.00000e+0, 2.96850e+1, 0.00000e+0, 3.07855e+1, 0.00000e+0, 3.24238e+0, 0.00000e+0, 2.87882e+0, 0.00000e+0, 2.00000e+1, 0.00000e+0, 5.00000e+0, 0.00000e+0, 3, 7, 
08/28/2024 14:27:45.440, 08/28/2024 14:27:45.384, 4.14492e+0, 0.00000e+0, 9.59700e+1, 0.00000e+0, 2.03330e+0, 0.00000e+0, 2.85845e+4, 0.00000e+0, 4.25567e+2, 0.00000e+0, 2.09314e+0, 0.00000e+0, 4.38090e+2, 0.00000e+0, 4.56080e+2, 0.00000e+0, 2.96898e+1, 0.00000e+0, 3.08039e+1, 0.00000e+0, 3.24192e+0, 0.00000e+0, 2.87968e+0, 0.00000e+0, 2.00000e+1, 0.00000e+0, 5.00000e+0, 0.00000e+0, 3, 7, 
08/28/2024 14:27:46.433, 08/28/2024 14:27:46.379, 4.14489e+0, 0.00000e+0, 9.59655e+1, 0.00000e+0, 2.06969e+0, 0.00000e+0, 2.86789e+4, 0.00000e+0, 4.23504e+2, 0.00000e+0, 2.13080e+0, 0.00000e+0, 4.36008e+2, 0.00000e+0, 4.55915e+2, 0.00000e+0, 2.96875e+1, 0.00000e+0, 3.08055e+1, 0.00000e+0, 3.24285e+0, 0.00000e+0, 2.87968e+0, 0.00000e+0, 2.00000e+1, 0.00000e+0, 5.00000e+0, 0.00000e+0, 3, 8, 
08/28/2024 14:27:47.424, 08/28/2024 14:27:47.374, 4.14506e+0, 0.00000e+0, 9.59912e+1, 0.00000e+0, 2.08042e+0, 0.00000e+0, 2.85187e+4, 0.00000e+0, 4.23520e+2, 0.00000e+0, 2.14150e+0, 0.00000e+0, 4.35953e+2, 0.00000e+0, 4.56016e+2, 0.00000e+0, 2.96905e+1, 0.00000e+0, 3.08224e+1, 0.00000e+0, 3.24219e+0, 0.00000e+0, 2.88014e+0, 0.00000e+0, 2.00000e+1, 0.00000e+0, 5.00000e+0, 0.00000e+0, 3, 8, 
08/28/2024 14:27:48.429, 08/28/2024 14:27:48.369, 4.14502e+0, 0.00000e+0, 9.59853e+1, 0.00000e+0, 2.09883e+0, 0.00000e+0, 2.86835e+4, 0.00000e+0, 4.24789e+2, 0.00000e+0, 2.16081e+0, 0.00000e+0, 4.37333e+2, 0.00000e+0, 4.56192e+2, 0.00000e+0, 2.96923e+1, 0.00000e+0, 3.08303e+1, 0.00000e+0, 3.24297e+0, 0.00000e+0, 2.87918e+0, 0.00000e+0, 2.00000e+1, 0.00000e+0, 5.00000e+0, 0.00000e+0, 3, 8, 
08/28/2024 14:27:49.416, 08/28/2024 14:27:49.362, 4.14486e+0, 0.00000e+0, 9.59618e+1, 0.00000e+0, 2.09817e+0, 0.00000e+0, 2.84788e+4, 0.00000e+0, 4.24810e+2, 0.00000e+0, 2.15967e+0, 0.00000e+0, 4.37262e+2, 0.00000e+0, 4.56011e+2, 0.00000e+0, 2.96944e+1, 0.00000e+0, 3.08360e+1, 0.00000e+0, 3.24270e+0, 0.00000e+0, 2.87983e+0, 0.00000e+0, 2.00000e+1, 0.00000e+0, 5.00000e+0, 0.00000e+0, 3, 1, 
08/28/2024 14:27:50.412, 08/28/2024 14:27:50.357, 4.14499e+0, 0.00000e+0, 9.59805e+1, 0.00000e+0, 2.07385e+0, 0.00000e+0, 2.86140e+4, 0.00000e+0, 4.26711e+2, 0.00000e+0, 2.13494e+0, 0.00000e+0, 4.39280e+2, 0.00000e+0, 4.56105e+2, 0.00000e+0, 2.96971e+1, 0.00000e+0, 3.08339e+1, 0.00000e+0, 3.24238e+0, 0.00000e+0, 2.87957e+0, 0.00000e+0, 2.00000e+1, 0.00000e+0, 5.00000e+0, 0.00000e+0, 3, 1, 
08/28/2024 14:27:51.407, 08/28/2024 14:27:51.351, 4.14490e+0, 0.00000e+0, 9.59676e+1, 0.00000e+0, 2.13269e+0, 0.00000e+0, 2.89164e+4, 0.00000e+0, 4.26450e+2, 0.00000e+0, 2.19620e+0, 0.00000e+0, 4.39149e+2, 0.00000e+0, 4.56002e+2, 0.00000e+0, 2.96974e+1, 0.00000e+0, 3.08427e+1, 0.00000e+0, 3.24197e+0, 0.00000e+0, 2.88075e+0, 0.00000e+0, 2.00000e+1, 0.00000e+0, 5.00000e+0, 0.00000e+0, 3, 1, 
08/28/2024 14:27:52.403, 08/28/2024 14:27:52.346, 4.14492e+0, 0.00000e+0, 9.59706e+1, 0.00000e+0, 2.10658e+0, 0.00000e+0, 2.88476e+4, 0.00000e+0, 4.28639e+2, 0.00000e+0, 2.16916e+0, 0.00000e+0, 4.41372e+2, 0.00000e+0, 4.56131e+2, 0.00000e+0, 2.96974e+1, 0.00000e+0, 3.08473e+1, 0.00000e+0, 3.24240e+0, 0.00000e+0, 2.88014e+0, 0.00000e+0, 2.00000e+1, 0.00000e+0, 5.00000e+0, 0.00000e+0, 3, 2, 
08/28/2024 14:27:53.396, 08/28/2024 14:27:53.340, 4.14512e+0, 0.00000e+0, 9.60000e+1, 0.00000e+0, 2.11207e+0, 0.00000e+0, 2.88143e+4, 0.00000e+0, 4.29055e+2, 0.00000e+0, 2.17474e+0, 0.00000e+0, 4.41785e+2, 0.00000e+0, 4.56094e+2, 0.00000e+0, 2.96983e+1, 0.00000e+0, 3.08538e+1, 0.00000e+0, 3.24225e+0, 0.00000e+0, 2.88015e+0, 0.00000e+0, 2.00000e+1, 0.00000e+0, 5.00000e+0, 0.00000e+0, 3, 2, 
08/28/2024 14:27:54.389, 08/28/2024 14:27:54.336, 4.14517e+0, 0.00000e+0, 9.60081e+1, 0.00000e+0, 2.12106e+0, 0.00000e+0, 2.88394e+4, 0.00000e+0, 4.28965e+2, 0.00000e+0, 2.18405e+0, 0.00000e+0, 4.41703e+2, 0.00000e+0, 4.56190e+2, 0.00000e+0, 2.96996e+1, 0.00000e+0, 3.08616e+1, 0.00000e+0, 3.24105e+0, 0.00000e+0, 2.88036e+0, 0.00000e+0, 2.00000e+1, 0.00000e+0, 5.00000e+0, 0.00000e+0, 3, 2, 
08/28/2024 14:27:55.381, 08/28/2024 14:27:55.329, 4.14500e+0, 0.00000e+0, 9.59827e+1, 0.00000e+0, 2.16473e+0, 0.00000e+0, 2.91215e+4, 0.00000e+0, 4.28669e+2, 0.00000e+0, 2.22967e+0, 0.00000e+0, 4.41527e+2, 0.00000e+0, 4.56105e+2, 0.00000e+0, 2.96998e+1, 0.00000e+0, 3.08729e+1, 0.00000e+0, 3.24259e+0, 0.00000e+0, 2.88056e+0, 0.00000e+0, 2.00000e+1, 0.00000e+0, 5.00000e+0, 0.00000e+0, 3, 3, 
08/28/2024 14:27:56.376, 08/28/2024 14:27:56.324, 4.14506e+0, 0.00000e+0, 9.59916e+1, 0.00000e+0, 2.14070e+0, 0.00000e+0, 2.88314e+4, 0.00000e+0, 4.30642e+2, 0.00000e+0, 2.20425e+0, 0.00000e+0, 4.43426e+2, 0.00000e+0, 4.56148e+2, 0.00000e+0, 2.97014e+1, 0.00000e+0, 3.08895e+1, 0.00000e+0, 3.24241e+0, 0.00000e+0, 2.87960e+0, 0.00000e+0, 2.00000e+1, 0.00000e+0, 5.00000e+0, 0.00000e+0, 3, 3, 
08/28/2024 14:27:57.366, 08/28/2024 14:27:57.320, 4.14484e+0, 0.00000e+0, 9.59588e+1, 0.00000e+0, 2.15330e+0, 0.00000e+0, 2.87341e+4, 0.00000e+0, 4.31767e+2, 0.00000e+0, 2.21700e+0, 0.00000e+0, 4.44540e+2, 0.00000e+0, 4.56030e+2, 0.00000e+0, 2.96965e+1, 0.00000e+0, 3.08906e+1, 0.00000e+0, 3.24103e+0, 0.00000e+0, 2.88015e+0, 0.00000e+0, 2.00000e+1, 0.00000e+0, 5.00000e+0, 0.00000e+0, 3, 3, 
08/28/2024 14:27:58.367, 08/28/2024 14:27:58.313, 4.14506e+0, 0.00000e+0, 9.59908e+1, 0.00000e+0, 2.16913e+0, 0.00000e+0, 2.88529e+4, 0.00000e+0, 4.33360e+2, 0.00000e+0, 2.23357e+0, 0.00000e+0, 4.46235e+2, 0.00000e+0, 4.56132e+2, 0.00000e+0, 2.96970e+1, 0.00000e+0, 3.08937e+1, 0.00000e+0, 3.24308e+0, 0.00000e+0, 2.88073e+0, 0.00000e+0, 2.00000e+1, 0.00000e+0, 5.00000e+0, 0.00000e+0, 3, 4, 
08/28/2024 14:27:59.365, 08/28/2024 14:27:59.309, 4.14500e+0, 0.00000e+0, 9.59821e+1, 0.00000e+0, 2.18425e+0, 0.00000e+0, 2.90371e+4, 0.00000e+0, 4.34100e+2, 0.00000e+0, 2.24957e+0, 0.00000e+0, 4.47082e+2, 0.00000e+0, 4.56204e+2, 0.00000e+0, 2.97047e+1, 0.00000e+0, 3.09058e+1, 0.00000e+0, 3.24276e+0, 0.00000e+0, 2.88004e+0, 0.00000e+0, 2.00000e+1, 0.00000e+0, 5.00000e+0, 0.00000e+0, 3, 4, 
08/28/2024 14:28:00.354, 08/28/2024 14:28:00.302, 4.14506e+0, 0.00000e+0, 9.59916e+1, 0.00000e+0, 2.20370e+0, 0.00000e+0, 2.88172e+4, 0.00000e+0, 4.36598e+2, 0.00000e+0, 2.26909e+0, 0.00000e+0, 4.49553e+2, 0.00000e+0, 4.56119e+2, 0.00000e+0, 2.97069e+1, 0.00000e+0, 3.09082e+1, 0.00000e+0, 3.24165e+0, 0.00000e+0, 2.88012e+0, 0.00000e+0, 2.00000e+1, 0.00000e+0, 5.00000e+0, 0.00000e+0, 3, 4, 
08/28/2024 14:28:01.351, 08/28/2024 14:28:01.297, 4.14490e+0, 0.00000e+0, 9.59668e+1, 0.00000e+0, 2.21166e+0, 0.00000e+0, 2.89320e+4, 0.00000e+0, 4.36138e+2, 0.00000e+0, 2.27755e+0, 0.00000e+0, 4.49132e+2, 0.00000e+0, 4.56154e+2, 0.00000e+0, 2.97077e+1, 0.00000e+0, 3.09062e+1, 0.00000e+0, 3.24189e+0, 0.00000e+0, 2.87994e+0, 0.00000e+0, 2.00000e+1, 0.00000e+0, 5.00000e+0, 0.00000e+0, 3, 5, 
08/28/2024 14:28:02.344, 08/28/2024 14:28:02.291, 4.14510e+0, 0.00000e+0, 9.59975e+1, 0.00000e+0, 2.22384e+0, 0.00000e+0, 2.90694e+4, 0.00000e+0, 4.38021e+2, 0.00000e+0, 2.29042e+0, 0.00000e+0, 4.51135e+2, 0.00000e+0, 4.56034e+2, 0.00000e+0, 2.97151e+1, 0.00000e+0, 3.09131e+1, 0.00000e+0, 3.24258e+0, 0.00000e+0, 2.88028e+0, 0.00000e+0, 2.00000e+1, 0.00000e+0, 5.00000e+0, 0.00000e+0, 3, 5, 
08/28/2024 14:28:03.337, 08/28/2024 14:28:03.286, 4.14495e+0, 0.00000e+0, 9.59744e+1, 0.00000e+0, 2.23837e+0, 0.00000e+0, 2.90270e+4, 0.00000e+0, 4.37217e+2, 0.00000e+0, 2.30529e+0, 0.00000e+0, 4.50288e+2, 0.00000e+0, 4.56219e+2, 0.00000e+0, 2.97101e+1, 0.00000e+0, 3.09158e+1, 0.00000e+0, 3.24118e+0, 0.00000e+0, 2.88041e+0, 0.00000e+0, 2.00000e+1, 0.00000e+0, 5.00000e+0, 0.00000e+0, 3, 5, 
08/28/2024 14:28:04.328, 08/28/2024 14:28:04.281, 4.14492e+0, 0.00000e+0, 9.59697e+1, 0.00000e+0, 2.24199e+0, 0.00000e+0, 2.91370e+4, 0.00000e+0, 4.38827e+2, 0.00000e+0, 2.30928e+0, 0.00000e+0, 4.51997e+2, 0.00000e+0, 4.56354e+2, 0.00000e+0, 2.97128e+1, 0.00000e+0, 3.09207e+1, 0.00000e+0, 3.24233e+0, 0.00000e+0, 2.87978e+0, 0.00000e+0, 2.00000e+1, 0.00000e+0, 5.00000e+0, 0.00000e+0, 3, 6, 
08/28/2024 14:28:05.325, 08/28/2024 14:28:05.276, 4.14523e+0, 0.00000e+0, 9.60169e+1, 0.00000e+0, 2.25815e+0, 0.00000e+0, 2.90145e+4, 0.00000e+0, 4.39232e+2, 0.00000e+0, 2.32563e+0, 0.00000e+0, 4.52357e+2, 0.00000e+0, 4.56297e+2, 0.00000e+0, 2.97134e+1, 0.00000e+0, 3.09272e+1, 0.00000e+0, 3.24354e+0, 0.00000e+0, 2.87971e+0, 0.00000e+0, 2.00000e+1, 0.00000e+0, 5.00000e+0, 0.00000e+0, 3, 6, 
08/28/2024 14:28:06.323, 08/28/2024 14:28:06.271, 4.14496e+0, 0.00000e+0, 9.59765e+1, 0.00000e+0, 2.27318e+0, 0.00000e+0, 2.89238e+4, 0.00000e+0, 4.41218e+2, 0.00000e+0, 2.34089e+0, 0.00000e+0, 4.54360e+2, 0.00000e+0, 4.56081e+2, 0.00000e+0, 2.97149e+1, 0.00000e+0, 3.09339e+1, 0.00000e+0, 3.24409e+0, 0.00000e+0, 2.88007e+0, 0.00000e+0, 2.00000e+1, 0.00000e+0, 5.00000e+0, 0.00000e+0, 3, 6, 
08/28/2024 14:28:07.322, 08/28/2024 14:28:07.265, 4.14501e+0, 0.00000e+0, 9.59836e+1, 0.00000e+0, 2.28297e+0, 0.00000e+0, 2.91711e+4, 0.00000e+0, 4.40989e+2, 0.00000e+0, 2.35157e+0, 0.00000e+0, 4.54240e+2, 0.00000e+0, 4.56157e+2, 0.00000e+0, 2.97178e+1, 0.00000e+0, 3.09346e+1, 0.00000e+0, 3.24368e+0, 0.00000e+0, 2.88015e+0, 0.00000e+0, 2.00000e+1, 0.00000e+0, 5.00000e+0, 0.00000e+0, 3, 7, 
08/28/2024 14:28:08.317, 08/28/2024 14:28:08.259, 4.14509e+0, 0.00000e+0, 9.59954e+1, 0.00000e+0, 2.28643e+0, 0.00000e+0, 2.89281e+4, 0.00000e+0, 4.43491e+2, 0.00000e+0, 2.35455e+0, 0.00000e+0, 4.56703e+2, 0.00000e+0, 4.56073e+2, 0.00000e+0, 2.97193e+1, 0.00000e+0, 3.09366e+1, 0.00000e+0, 3.24349e+0, 0.00000e+0, 2.88064e+0, 0.00000e+0, 2.00000e+1, 0.00000e+0, 5.00000e+0, 0.00000e+0, 3, 7, 
08/28/2024 14:28:09.300, 08/28/2024 14:28:09.253, 4.14495e+0, 0.00000e+0, 9.59744e+1, 0.00000e+0, 2.30059e+0, 0.00000e+0, 2.90737e+4, 0.00000e+0, 4.44409e+2, 0.00000e+0, 2.36948e+0, 0.00000e+0, 4.57716e+2, 0.00000e+0, 4.56244e+2, 0.00000e+0, 2.97213e+1, 0.00000e+0, 3.09470e+1, 0.00000e+0, 3.24317e+0, 0.00000e+0, 2.88004e+0, 0.00000e+0, 2.00000e+1, 0.00000e+0, 5.00000e+0, 0.00000e+0, 3, 7, 
08/28/2024 14:28:10.301, 08/28/2024 14:28:10.249, 4.14517e+0, 0.00000e+0, 9.60079e+1, 0.00000e+0, 2.31904e+0, 0.00000e+0, 2.91727e+4, 0.00000e+0, 4.46789e+2, 0.00000e+0, 2.38873e+0, 0.00000e+0, 4.60214e+2, 0.00000e+0, 4.56221e+2, 0.00000e+0, 2.97227e+1, 0.00000e+0, 3.09541e+1, 0.00000e+0, 3.24248e+0, 0.00000e+0, 2.87948e+0, 0.00000e+0, 2.00000e+1, 0.00000e+0, 5.00000e+0, 0.00000e+0, 3, 8, 
08/28/2024 14:28:11.293, 08/28/2024 14:28:11.242, 4.14506e+0, 0.00000e+0, 9.59908e+1, 0.00000e+0, 2.33816e+0, 0.00000e+0, 2.91491e+4, 0.00000e+0, 4.49200e+2, 0.00000e+0, 2.40836e+0, 0.00000e+0, 4.62687e+2, 0.00000e+0, 4.56243e+2, 0.00000e+0, 2.97256e+1, 0.00000e+0, 3.09620e+1, 0.00000e+0, 3.24239e+0, 0.00000e+0, 2.87964e+0, 0.00000e+0, 2.00000e+1, 0.00000e+0, 5.00000e+0, 0.00000e+0, 3, 8, 
08/28/2024 14:28:12.293, 08/28/2024 14:28:12.238, 4.14509e+0, 0.00000e+0, 9.59950e+1, 0.00000e+0, 2.34560e+0, 0.00000e+0, 2.92547e+4, 0.00000e+0, 4.49692e+2, 0.00000e+0, 2.41629e+0, 0.00000e+0, 4.63244e+2, 0.00000e+0, 4.56296e+2, 0.00000e+0, 2.97269e+1, 0.00000e+0, 3.09665e+1, 0.00000e+0, 3.24271e+0, 0.00000e+0, 2.87981e+0, 0.00000e+0, 2.00000e+1, 0.00000e+0, 5.00000e+0, 0.00000e+0, 3, 8, 
08/28/2024 14:28:13.288, 08/28/2024 14:28:13.232, 4.14529e+0, 0.00000e+0, 9.60251e+1, 0.00000e+0, 2.35955e+0, 0.00000e+0, 2.93023e+4, 0.00000e+0, 4.52057e+2, 0.00000e+0, 2.43078e+0, 0.00000e+0, 4.65703e+2, 0.00000e+0, 4.56193e+2, 0.00000e+0, 2.97289e+1, 0.00000e+0, 3.09842e+1, 0.00000e+0, 3.24164e+0, 0.00000e+0, 2.87940e+0, 0.00000e+0, 2.00000e+1, 0.00000e+0, 5.00000e+0, 0.00000e+0, 3, 1, 
08/28/2024 14:28:14.281, 08/28/2024 14:28:14.226, 4.14478e+0, 0.00000e+0, 9.59499e+1, 0.00000e+0, 2.37538e+0, 0.00000e+0, 2.93569e+4, 0.00000e+0, 4.51800e+2, 0.00000e+0, 2.44722e+0, 0.00000e+0, 4.65464e+2, 0.00000e+0, 4.56177e+2, 0.00000e+0, 2.97291e+1, 0.00000e+0, 3.09838e+1, 0.00000e+0, 3.24201e+0, 0.00000e+0, 2.87896e+0, 0.00000e+0, 2.00000e+1, 0.00000e+0, 5.00000e+0, 0.00000e+0, 3, 1, 
08/28/2024 14:28:15.278, 08/28/2024 14:28:15.221, 4.14512e+0, 0.00000e+0, 9.59998e+1, 0.00000e+0, 2.37997e+0, 0.00000e+0, 2.93547e+4, 0.00000e+0, 4.51604e+2, 0.00000e+0, 2.45195e+0, 0.00000e+0, 4.65262e+2, 0.00000e+0, 4.56521e+2, 0.00000e+0, 2.97244e+1, 0.00000e+0, 3.09967e+1, 0.00000e+0, 3.24148e+0, 0.00000e+0, 2.87866e+0, 0.00000e+0, 2.00000e+1, 0.00000e+0, 5.00000e+0, 0.00000e+0, 3, 1, 
08/28/2024 14:28:16.268, 08/28/2024 14:28:16.215, 4.14518e+0, 0.00000e+0, 9.60092e+1, 0.00000e+0, 2.39956e+0, 0.00000e+0, 2.94589e+4, 0.00000e+0, 4.54257e+2, 0.00000e+0, 2.47240e+0, 0.00000e+0, 4.68045e+2, 0.00000e+0, 4.56278e+2, 0.00000e+0, 2.97269e+1, 0.00000e+0, 3.09958e+1, 0.00000e+0, 3.24171e+0, 0.00000e+0, 2.87984e+0, 0.00000e+0, 2.00000e+1, 0.00000e+0, 5.00000e+0, 0.00000e+0, 3, 2, 
08/28/2024 14:28:17.276, 08/28/2024 14:28:17.210, 4.14523e+0, 0.00000e+0, 9.60162e+1, 0.00000e+0, 2.40754e+0, 0.00000e+0, 2.93060e+4, 0.00000e+0, 4.54915e+2, 0.00000e+0, 2.48022e+0, 0.00000e+0, 4.68649e+2, 0.00000e+0, 4.56370e+2, 0.00000e+0, 2.97351e+1, 0.00000e+0, 3.09954e+1, 0.00000e+0, 3.24231e+0, 0.00000e+0, 2.87895e+0, 0.00000e+0, 2.00000e+1, 0.00000e+0, 5.00000e+0, 0.00000e+0, 3, 2, 
08/28/2024 14:28:18.258, 08/28/2024 14:28:18.204, 4.14511e+0, 0.00000e+0, 9.59988e+1, 0.00000e+0, 2.42126e+0, 0.00000e+0, 2.94837e+4, 0.00000e+0, 4.56353e+2, 0.00000e+0, 2.49482e+0, 0.00000e+0, 4.70216e+2, 0.00000e+0, 4.56234e+2, 0.00000e+0, 2.97428e+1, 0.00000e+0, 3.10020e+1, 0.00000e+0, 3.24203e+0, 0.00000e+0, 2.87917e+0, 0.00000e+0, 2.00000e+1, 0.00000e+0, 5.00000e+0, 0.00000e+0, 3, 2, 
08/28/2024 14:28:19.253, 08/28/2024 14:28:19.198, 4.14548e+0, 0.00000e+0, 9.60532e+1, 0.00000e+0, 2.43529e+0, 0.00000e+0, 2.94613e+4, 0.00000e+0, 4.57536e+2, 0.00000e+0, 2.50922e+0, 0.00000e+0, 4.71425e+2, 0.00000e+0, 4.56347e+2, 0.00000e+0, 2.97395e+1, 0.00000e+0, 3.10178e+1, 0.00000e+0, 3.24134e+0, 0.00000e+0, 2.87850e+0, 0.00000e+0, 2.00000e+1, 0.00000e+0, 5.00000e+0, 0.00000e+0, 3, 3, 
08/28/2024 14:28:20.243, 08/28/2024 14:28:20.194, 4.14519e+0, 0.00000e+0, 9.60100e+1, 0.00000e+0, 2.44576e+0, 0.00000e+0, 2.94593e+4, 0.00000e+0, 4.58081e+2, 0.00000e+0, 2.51999e+0, 0.00000e+0, 4.71986e+2, 0.00000e+0, 4.56188e+2, 0.00000e+0, 2.97397e+1, 0.00000e+0, 3.10254e+1, 0.00000e+0, 3.24146e+0, 0.00000e+0, 2.87874e+0, 0.00000e+0, 2.00000e+1, 0.00000e+0, 5.00000e+0, 0.00000e+0, 3, 3, 
08/28/2024 14:28:21.244, 08/28/2024 14:28:21.188, 4.14511e+0, 0.00000e+0, 9.59990e+1, 0.00000e+0, 2.46449e+0, 0.00000e+0, 2.92817e+4, 0.00000e+0, 4.59290e+2, 0.00000e+0, 2.53883e+0, 0.00000e+0, 4.73144e+2, 0.00000e+0, 4.56382e+2, 0.00000e+0, 2.97395e+1, 0.00000e+0, 3.10326e+1, 0.00000e+0, 3.24109e+0, 0.00000e+0, 2.87838e+0, 0.00000e+0, 2.00000e+1, 0.00000e+0, 5.00000e+0, 0.00000e+0, 3, 3, 
08/28/2024 14:28:22.229, 08/28/2024 14:28:22.182, 4.14509e+0, 0.00000e+0, 9.59956e+1, 0.00000e+0, 2.47250e+0, 0.00000e+0, 2.94422e+4, 0.00000e+0, 4.61257e+2, 0.00000e+0, 2.54750e+0, 0.00000e+0, 4.75249e+2, 0.00000e+0, 4.56240e+2, 0.00000e+0, 2.97426e+1, 0.00000e+0, 3.10397e+1, 0.00000e+0, 3.24199e+0, 0.00000e+0, 2.87939e+0, 0.00000e+0, 2.00000e+1, 0.00000e+0, 5.00000e+0, 0.00000e+0, 3, 4, 
08/28/2024 14:28:23.231, 08/28/2024 14:28:23.177, 4.14493e+0, 0.00000e+0, 9.59715e+1, 0.00000e+0, 2.47544e+0, 0.00000e+0, 2.94599e+4, 0.00000e+0, 4.60437e+2, 0.00000e+0, 2.55058e+0, 0.00000e+0, 4.74413e+2, 0.00000e+0, 4.56115e+2, 0.00000e+0, 2.97479e+1, 0.00000e+0, 3.10405e+1, 0.00000e+0, 3.24094e+0, 0.00000e+0, 2.87965e+0, 0.00000e+0, 2.00000e+1, 0.00000e+0, 5.00000e+0, 0.00000e+0, 3, 4, 
08/28/2024 14:28:24.222, 08/28/2024 14:28:24.172, 4.14510e+0, 0.00000e+0, 9.59977e+1, 0.00000e+0, 2.49720e+0, 0.00000e+0, 2.94603e+4, 0.00000e+0, 4.62724e+2, 0.00000e+0, 2.57301e+0, 0.00000e+0, 4.76770e+2, 0.00000e+0, 4.56356e+2, 0.00000e+0, 2.97485e+1, 0.00000e+0, 3.10565e+1, 0.00000e+0, 3.24136e+0, 0.00000e+0, 2.87913e+0, 0.00000e+0, 2.00000e+1, 0.00000e+0, 5.00000e+0, 0.00000e+0, 3, 4, 
08/28/2024 14:28:25.217, 08/28/2024 14:28:25.165, 4.14505e+0, 0.00000e+0, 9.59902e+1, 0.00000e+0, 2.50519e+0, 0.00000e+0, 2.92892e+4, 0.00000e+0, 4.62917e+2, 0.00000e+0, 2.58078e+0, 0.00000e+0, 4.76885e+2, 0.00000e+0, 4.56301e+2, 0.00000e+0, 2.97487e+1, 0.00000e+0, 3.10627e+1, 0.00000e+0, 3.24174e+0, 0.00000e+0, 2.87972e+0, 0.00000e+0, 2.00000e+1, 0.00000e+0, 5.00000e+0, 0.00000e+0, 3, 5, 
08/28/2024 14:28:26.218, 08/28/2024 14:28:26.161, 4.14532e+0, 0.00000e+0, 9.60301e+1, 0.00000e+0, 2.52124e+0, 0.00000e+0, 2.94862e+4, 0.00000e+0, 4.67813e+2, 0.00000e+0, 2.59784e+0, 0.00000e+0, 4.82026e+2, 0.00000e+0, 4.56446e+2, 0.00000e+0, 2.97515e+1, 0.00000e+0, 3.10659e+1, 0.00000e+0, 3.24124e+0, 0.00000e+0, 2.87896e+0, 0.00000e+0, 2.00000e+1, 0.00000e+0, 5.00000e+0, 0.00000e+0, 3, 5, 
08/28/2024 14:28:27.216, 08/28/2024 14:28:27.162, 4.14502e+0, 0.00000e+0, 9.59847e+1, 0.00000e+0, 2.52980e+0, 0.00000e+0, 2.95754e+4, 0.00000e+0, 4.70263e+2, 0.00000e+0, 2.60690e+0, 0.00000e+0, 4.84595e+2, 0.00000e+0, 4.56223e+2, 0.00000e+0, 2.97498e+1, 0.00000e+0, 3.10666e+1, 0.00000e+0, 3.24220e+0, 0.00000e+0, 2.87972e+0, 0.00000e+0, 2.00000e+1, 0.00000e+0, 5.00000e+0, 0.00000e+0, 3, 5, 
08/28/2024 14:28:28.211, 08/28/2024 14:28:28.157, 4.14514e+0, 0.00000e+0, 9.60032e+1, 0.00000e+0, 2.54145e+0, 0.00000e+0, 2.94570e+4, 0.00000e+0, 4.71430e+2, 0.00000e+0, 2.61858e+0, 0.00000e+0, 4.85739e+2, 0.00000e+0, 4.56403e+2, 0.00000e+0, 2.97492e+1, 0.00000e+0, 3.10704e+1, 0.00000e+0, 3.24219e+0, 0.00000e+0, 2.87995e+0, 0.00000e+0, 2.00000e+1, 0.00000e+0, 5.00000e+0, 0.00000e+0, 3, 6, 
08/28/2024 14:28:29.208, 08/28/2024 14:28:29.151, 4.14512e+0, 0.00000e+0, 9.60004e+1, 0.00000e+0, 2.55512e+0, 0.00000e+0, 2.97597e+4, 0.00000e+0, 4.72656e+2, 0.00000e+0, 2.63349e+0, 0.00000e+0, 4.87154e+2, 0.00000e+0, 4.56219e+2, 0.00000e+0, 2.97580e+1, 0.00000e+0, 3.10764e+1, 0.00000e+0, 3.24198e+0, 0.00000e+0, 2.87937e+0, 0.00000e+0, 2.00000e+1, 0.00000e+0, 5.00000e+0, 0.00000e+0, 3, 6, 
08/28/2024 14:28:30.201, 08/28/2024 14:28:30.146, 4.14487e+0, 0.00000e+0, 9.59630e+1, 0.00000e+0, 2.56409e+0, 0.00000e+0, 2.95200e+4, 0.00000e+0, 4.78477e+2, 0.00000e+0, 2.64209e+0, 0.00000e+0, 4.93031e+2, 0.00000e+0, 4.56375e+2, 0.00000e+0, 2.97586e+1, 0.00000e+0, 3.10824e+1, 0.00000e+0, 3.24151e+0, 0.00000e+0, 2.87972e+0, 0.00000e+0, 2.00000e+1, 0.00000e+0, 5.00000e+0, 0.00000e+0, 3, 6, 
08/28/2024 14:28:31.193, 08/28/2024 14:28:31.140, 4.14517e+0, 0.00000e+0, 9.60068e+1, 0.00000e+0, 2.57991e+0, 0.00000e+0, 2.94385e+4, 0.00000e+0, 4.81979e+2, 0.00000e+0, 2.65816e+0, 0.00000e+0, 4.96598e+2, 0.00000e+0, 4.56377e+2, 0.00000e+0, 2.97588e+1, 0.00000e+0, 3.10930e+1, 0.00000e+0, 3.24272e+0, 0.00000e+0, 2.87992e+0, 0.00000e+0, 2.00000e+1, 0.00000e+0, 5.00000e+0, 0.00000e+0, 3, 7, 
08/28/2024 14:28:32.199, 08/28/2024 14:28:32.135, 4.14514e+0, 0.00000e+0, 9.60033e+1, 0.00000e+0, 2.58602e+0, 0.00000e+0, 2.93999e+4, 0.00000e+0, 4.80588e+2, 0.00000e+0, 2.66436e+0, 0.00000e+0, 4.95146e+2, 0.00000e+0, 4.56408e+2, 0.00000e+0, 2.97524e+1, 0.00000e+0, 3.10873e+1, 0.00000e+0, 3.23997e+0, 0.00000e+0, 2.87954e+0, 0.00000e+0, 2.00000e+1, 0.00000e+0, 5.00000e+0, 0.00000e+0, 3, 7, 
08/28/2024 14:28:33.178, 08/28/2024 14:28:33.129, 4.14511e+0, 0.00000e+0, 9.59986e+1, 0.00000e+0, 2.58931e+0, 0.00000e+0, 2.94526e+4, 0.00000e+0, 4.81099e+2, 0.00000e+0, 2.66788e+0, 0.00000e+0, 4.95698e+2, 0.00000e+0, 4.56295e+2, 0.00000e+0, 2.97591e+1, 0.00000e+0, 3.10889e+1, 0.00000e+0, 3.24128e+0, 0.00000e+0, 2.87977e+0, 0.00000e+0, 2.00000e+1, 0.00000e+0, 5.00000e+0, 0.00000e+0, 3, 7, 
08/28/2024 14:28:34.176, 08/28/2024 14:28:34.124, 4.14472e+0, 0.00000e+0, 9.59407e+1, 0.00000e+0, 2.59535e+0, 0.00000e+0, 2.95000e+4, 0.00000e+0, 4.81455e+2, 0.00000e+0, 2.67424e+0, 0.00000e+0, 4.96089e+2, 0.00000e+0, 4.56418e+2, 0.00000e+0, 2.97589e+1, 0.00000e+0, 3.10938e+1, 0.00000e+0, 3.24072e+0, 0.00000e+0, 2.87982e+0, 0.00000e+0, 2.00000e+1, 0.00000e+0, 5.00000e+0, 0.00000e+0, 3, 8, 
08/28/2024 14:28:35.174, 08/28/2024 14:28:35.119, 4.14483e+0, 0.00000e+0, 9.59576e+1, 0.00000e+0, 2.61040e+0, 0.00000e+0, 2.96516e+4, 0.00000e+0, 4.82236e+2, 0.00000e+0, 2.69017e+0, 0.00000e+0, 4.96972e+2, 0.00000e+0, 4.56277e+2, 0.00000e+0, 2.97631e+1, 0.00000e+0, 3.10995e+1, 0.00000e+0, 3.24183e+0, 0.00000e+0, 2.87966e+0, 0.00000e+0, 2.00000e+1, 0.00000e+0, 5.00000e+0, 0.00000e+0, 3, 8, 
08/28/2024 14:28:36.178, 08/28/2024 14:28:36.113, 4.14473e+0, 0.00000e+0, 9.59421e+1, 0.00000e+0, 2.61965e+0, 0.00000e+0, 2.95373e+4, 0.00000e+0, 4.82586e+2, 0.00000e+0, 2.69938e+0, 0.00000e+0, 4.97274e+2, 0.00000e+0, 4.56480e+2, 0.00000e+0, 2.97642e+1, 0.00000e+0, 3.11034e+1, 0.00000e+0, 3.24222e+0, 0.00000e+0, 2.87925e+0, 0.00000e+0, 2.00000e+1, 0.00000e+0, 5.00000e+0, 0.00000e+0, 3, 8, 
08/28/2024 14:28:37.163, 08/28/2024 14:28:37.108, 4.14508e+0, 0.00000e+0, 9.59939e+1, 0.00000e+0, 2.64015e+0, 0.00000e+0, 2.95864e+4, 0.00000e+0, 4.84508e+2, 0.00000e+0, 2.72065e+0, 0.00000e+0, 4.99280e+2, 0.00000e+0, 4.56308e+2, 0.00000e+0, 2.97716e+1, 0.00000e+0, 3.11039e+1, 0.00000e+0, 3.24230e+0, 0.00000e+0, 2.87938e+0, 0.00000e+0, 2.00000e+1, 0.00000e+0, 5.00000e+0, 0.00000e+0, 3, 1, 
08/28/2024 14:28:38.151, 08/28/2024 14:28:38.101, 4.14483e+0, 0.00000e+0, 9.59565e+1, 0.00000e+0, 2.64874e+0, 0.00000e+0, 2.94601e+4, 0.00000e+0, 4.86807e+2, 0.00000e+0, 2.72914e+0, 0.00000e+0, 5.01583e+2, 0.00000e+0, 4.56477e+2, 0.00000e+0, 2.97626e+1, 0.00000e+0, 3.11068e+1, 0.00000e+0, 3.24365e+0, 0.00000e+0, 2.87958e+0, 0.00000e+0, 2.00000e+1, 0.00000e+0, 5.00000e+0, 0.00000e+0, 3, 1, 
08/28/2024 14:28:39.161, 08/28/2024 14:28:39.096, 4.14497e+0, 0.00000e+0, 9.59783e+1, 0.00000e+0, 2.65413e+0, 0.00000e+0, 2.94111e+4, 0.00000e+0, 4.87496e+2, 0.00000e+0, 2.73455e+0, 0.00000e+0, 5.02269e+2, 0.00000e+0, 4.56552e+2, 0.00000e+0, 2.97644e+1, 0.00000e+0, 3.11098e+1, 0.00000e+0, 3.24220e+0, 0.00000e+0, 2.87919e+0, 0.00000e+0, 2.00000e+1, 0.00000e+0, 5.00000e+0, 0.00000e+0, 3, 1, 
08/28/2024 14:28:40.142, 08/28/2024 14:28:40.091, 4.14501e+0, 0.00000e+0, 9.59841e+1, 0.00000e+0, 2.67089e+0, 0.00000e+0, 2.93981e+4, 0.00000e+0, 4.87644e+2, 0.00000e+0, 2.75179e+0, 0.00000e+0, 5.02414e+2, 0.00000e+0, 4.56385e+2, 0.00000e+0, 2.97694e+1, 0.00000e+0, 3.11161e+1, 0.00000e+0, 3.24323e+0, 0.00000e+0, 2.87850e+0, 0.00000e+0, 2.00000e+1, 0.00000e+0, 5.00000e+0, 0.00000e+0, 3, 2, 
08/28/2024 14:28:41.137, 08/28/2024 14:28:41.085, 4.14516e+0, 0.00000e+0, 9.60063e+1, 0.00000e+0, 2.68362e+0, 0.00000e+0, 2.93974e+4, 0.00000e+0, 4.89908e+2, 0.00000e+0, 2.76490e+0, 0.00000e+0, 5.04747e+2, 0.00000e+0, 4.56353e+2, 0.00000e+0, 2.97646e+1, 0.00000e+0, 3.11261e+1, 0.00000e+0, 3.24343e+0, 0.00000e+0, 2.87869e+0, 0.00000e+0, 2.00000e+1, 0.00000e+0, 5.00000e+0, 0.00000e+0, 3, 2, 
08/28/2024 14:28:42.147, 08/28/2024 14:28:42.081, 4.14513e+0, 0.00000e+0, 9.60019e+1, 0.00000e+0, 2.69537e+0, 0.00000e+0, 2.95299e+4, 0.00000e+0, 4.91230e+2, 0.00000e+0, 2.77739e+0, 0.00000e+0, 5.06177e+2, 0.00000e+0, 4.56417e+2, 0.00000e+0, 2.97751e+1, 0.00000e+0, 3.11260e+1, 0.00000e+0, 3.24255e+0, 0.00000e+0, 2.87837e+0, 0.00000e+0, 2.00000e+1, 0.00000e+0, 5.00000e+0, 0.00000e+0, 3, 2, 
08/28/2024 14:28:43.131, 08/28/2024 14:28:43.074, 4.14499e+0, 0.00000e+0, 9.59806e+1, 0.00000e+0, 2.68824e+0, 0.00000e+0, 2.95292e+4, 0.00000e+0, 4.88781e+2, 0.00000e+0, 2.77004e+0, 0.00000e+0, 5.03653e+2, 0.00000e+0, 4.56368e+2, 0.00000e+0, 2.97675e+1, 0.00000e+0, 3.11300e+1, 0.00000e+0, 3.24167e+0, 0.00000e+0, 2.87818e+0, 0.00000e+0, 2.00000e+1, 0.00000e+0, 5.00000e+0, 0.00000e+0, 3, 3, 
08/28/2024 14:28:44.129, 08/28/2024 14:28:44.070, 4.14507e+0, 0.00000e+0, 9.59919e+1, 0.00000e+0, 2.70852e+0, 0.00000e+0, 2.92874e+4, 0.00000e+0, 4.91180e+2, 0.00000e+0, 2.79023e+0, 0.00000e+0, 5.05999e+2, 0.00000e+0, 4.56523e+2, 0.00000e+0, 2.97699e+1, 0.00000e+0, 3.11401e+1, 0.00000e+0, 3.24167e+0, 0.00000e+0, 2.87740e+0, 0.00000e+0, 2.00000e+1, 0.00000e+0, 5.00000e+0, 0.00000e+0, 3, 3, 
08/28/2024 14:28:45.117, 08/28/2024 14:28:45.063, 4.14504e+0, 0.00000e+0, 9.59884e+1, 0.00000e+0, 2.72235e+0, 0.00000e+0, 2.94279e+4, 0.00000e+0, 4.92911e+2, 0.00000e+0, 2.80489e+0, 0.00000e+0, 5.07857e+2, 0.00000e+0, 4.56444e+2, 0.00000e+0, 2.97749e+1, 0.00000e+0, 3.11569e+1, 0.00000e+0, 3.24176e+0, 0.00000e+0, 2.87816e+0, 0.00000e+0, 2.00000e+1, 0.00000e+0, 5.00000e+0, 0.00000e+0, 3, 3, 
08/28/2024 14:28:46.122, 08/28/2024 14:28:46.059, 4.14515e+0, 0.00000e+0, 9.60042e+1, 0.00000e+0, 2.73398e+0, 0.00000e+0, 2.93964e+4, 0.00000e+0, 4.94066e+2, 0.00000e+0, 2.81678e+0, 0.00000e+0, 5.09030e+2, 0.00000e+0, 4.56392e+2, 0.00000e+0, 2.97687e+1, 0.00000e+0, 3.11556e+1, 0.00000e+0, 3.24148e+0, 0.00000e+0, 2.87721e+0, 0.00000e+0, 2.00000e+1, 0.00000e+0, 5.00000e+0, 0.00000e+0, 3, 4, 
08/28/2024 14:28:47.103, 08/28/2024 14:28:47.052, 4.14501e+0, 0.00000e+0, 9.59835e+1, 0.00000e+0, 2.74468e+0, 0.00000e+0, 2.93370e+4, 0.00000e+0, 4.94758e+2, 0.00000e+0, 2.82764e+0, 0.00000e+0, 5.09711e+2, 0.00000e+0, 4.56496e+2, 0.00000e+0, 2.97745e+1, 0.00000e+0, 3.11617e+1, 0.00000e+0, 3.24087e+0, 0.00000e+0, 2.87759e+0, 0.00000e+0, 2.00000e+1, 0.00000e+0, 5.00000e+0, 0.00000e+0, 3, 4, 
08/28/2024 14:28:48.104, 08/28/2024 14:28:48.054, 4.14519e+0, 0.00000e+0, 9.60104e+1, 0.00000e+0, 2.76016e+0, 0.00000e+0, 2.94947e+4, 0.00000e+0, 4.95405e+2, 0.00000e+0, 2.84404e+0, 0.00000e+0, 5.10461e+2, 0.00000e+0, 4.56479e+2, 0.00000e+0, 2.97692e+1, 0.00000e+0, 3.11680e+1, 0.00000e+0, 3.24061e+0, 0.00000e+0, 2.87754e+0, 0.00000e+0, 2.00000e+1, 0.00000e+0, 5.00000e+0, 0.00000e+0, 3, 4, 
08/28/2024 14:28:49.101, 08/28/2024 14:28:49.049, 4.14476e+0, 0.00000e+0, 9.59458e+1, 0.00000e+0, 2.76702e+0, 0.00000e+0, 2.93036e+4, 0.00000e+0, 4.94718e+2, 0.00000e+0, 2.85055e+0, 0.00000e+0, 5.09653e+2, 0.00000e+0, 4.56311e+2, 0.00000e+0, 2.97689e+1, 0.00000e+0, 3.11643e+1, 0.00000e+0, 3.24085e+0, 0.00000e+0, 2.87810e+0, 0.00000e+0, 2.00000e+1, 0.00000e+0, 5.00000e+0, 0.00000e+0, 3, 5, 
08/28/2024 14:28:50.106, 08/28/2024 14:28:50.044, 4.14470e+0, 0.00000e+0, 9.59369e+1, 0.00000e+0, 2.77379e+0, 0.00000e+0, 2.95391e+4, 0.00000e+0, 4.97135e+2, 0.00000e+0, 2.85822e+0, 0.00000e+0, 5.12267e+2, 0.00000e+0, 4.56449e+2, 0.00000e+0, 2.97745e+1, 0.00000e+0, 3.11667e+1, 0.00000e+0, 3.24019e+0, 0.00000e+0, 2.87858e+0, 0.00000e+0, 2.00000e+1, 0.00000e+0, 5.00000e+0, 0.00000e+0, 3, 5, 
08/28/2024 14:28:51.089, 08/28/2024 14:28:51.037, 4.14498e+0, 0.00000e+0, 9.59796e+1, 0.00000e+0, 2.78419e+0, 0.00000e+0, 2.95128e+4, 0.00000e+0, 4.96843e+2, 0.00000e+0, 2.86886e+0, 0.00000e+0, 5.11952e+2, 0.00000e+0, 4.56574e+2, 0.00000e+0, 2.97747e+1, 0.00000e+0, 3.11679e+1, 0.00000e+0, 3.24006e+0, 0.00000e+0, 2.87830e+0, 0.00000e+0, 2.00000e+1, 0.00000e+0, 5.00000e+0, 0.00000e+0, 3, 5, 
08/28/2024 14:28:52.087, 08/28/2024 14:28:52.033, 4.14511e+0, 0.00000e+0, 9.59991e+1, 0.00000e+0, 2.79371e+0, 0.00000e+0, 2.95724e+4, 0.00000e+0, 4.97831e+2, 0.00000e+0, 2.87884e+0, 0.00000e+0, 5.13002e+2, 0.00000e+0, 4.56588e+2, 0.00000e+0, 2.97777e+1, 0.00000e+0, 3.11663e+1, 0.00000e+0, 3.24079e+0, 0.00000e+0, 2.87831e+0, 0.00000e+0, 2.00000e+1, 0.00000e+0, 5.00000e+0, 0.00000e+0, 3, 6, 
08/28/2024 14:28:53.080, 08/28/2024 14:28:53.027, 4.14461e+0, 0.00000e+0, 9.59244e+1, 0.00000e+0, 2.79602e+0, 0.00000e+0, 2.94379e+4, 0.00000e+0, 4.97546e+2, 0.00000e+0, 2.88083e+0, 0.00000e+0, 5.12637e+2, 0.00000e+0, 4.56362e+2, 0.00000e+0, 2.97820e+1, 0.00000e+0, 3.11668e+1, 0.00000e+0, 3.24090e+0, 0.00000e+0, 2.87876e+0, 0.00000e+0, 2.00000e+1, 0.00000e+0, 5.00000e+0, 0.00000e+0, 3, 6, 
08/28/2024 14:28:54.076, 08/28/2024 14:28:54.022, 4.14510e+0, 0.00000e+0, 9.59974e+1, 0.00000e+0, 2.80619e+0, 0.00000e+0, 2.95178e+4, 0.00000e+0, 4.98168e+2, 0.00000e+0, 2.89154e+0, 0.00000e+0, 5.13320e+2, 0.00000e+0, 4.56568e+2, 0.00000e+0, 2.97818e+1, 0.00000e+0, 3.11692e+1, 0.00000e+0, 3.24028e+0, 0.00000e+0, 2.87827e+0, 0.00000e+0, 2.00000e+1, 0.00000e+0, 5.00000e+0, 0.00000e+0, 3, 6, 
08/28/2024 14:28:55.074, 08/28/2024 14:28:55.016, 4.14521e+0, 0.00000e+0, 9.60127e+1, 0.00000e+0, 2.82058e+0, 0.00000e+0, 2.94313e+4, 0.00000e+0, 5.00479e+2, 0.00000e+0, 2.90612e+0, 0.00000e+0, 5.15655e+2, 0.00000e+0, 4.56546e+2, 0.00000e+0, 2.97838e+1, 0.00000e+0, 3.11699e+1, 0.00000e+0, 3.24212e+0, 0.00000e+0, 2.87863e+0, 0.00000e+0, 2.00000e+1, 0.00000e+0, 5.00000e+0, 0.00000e+0, 3, 7, 
08/28/2024 14:28:56.063, 08/28/2024 14:28:56.010, 4.14511e+0, 0.00000e+0, 9.59987e+1, 0.00000e+0, 2.82992e+0, 0.00000e+0, 2.93759e+4, 0.00000e+0, 5.00517e+2, 0.00000e+0, 2.91557e+0, 0.00000e+0, 5.15665e+2, 0.00000e+0, 4.56451e+2, 0.00000e+0, 2.97817e+1, 0.00000e+0, 3.11738e+1, 0.00000e+0, 3.24163e+0, 0.00000e+0, 2.87904e+0, 0.00000e+0, 2.00000e+1, 0.00000e+0, 5.00000e+0, 0.00000e+0, 3, 7, 
08/28/2024 14:28:57.060, 08/28/2024 14:28:57.005, 4.14525e+0, 0.00000e+0, 9.60193e+1, 0.00000e+0, 2.83956e+0, 0.00000e+0, 2.93856e+4, 0.00000e+0, 5.00671e+2, 0.00000e+0, 2.92553e+0, 0.00000e+0, 5.15829e+2, 0.00000e+0, 4.56561e+2, 0.00000e+0, 2.97802e+1, 0.00000e+0, 3.11793e+1, 0.00000e+0, 3.24216e+0, 0.00000e+0, 2.87803e+0, 0.00000e+0, 2.00000e+1, 0.00000e+0, 5.00000e+0, 0.00000e+0, 3, 7, 
08/28/2024 14:28:58.052, 08/28/2024 14:28:57.999, 4.14539e+0, 0.00000e+0, 9.60397e+1, 0.00000e+0, 2.84919e+0, 0.00000e+0, 2.92131e+4, 0.00000e+0, 5.01737e+2, 0.00000e+0, 2.93493e+0, 0.00000e+0, 5.16835e+2, 0.00000e+0, 4.56503e+2, 0.00000e+0, 2.97897e+1, 0.00000e+0, 3.11862e+1, 0.00000e+0, 3.24177e+0, 0.00000e+0, 2.87875e+0, 0.00000e+0, 2.00000e+1, 0.00000e+0, 5.00000e+0, 0.00000e+0, 3, 8, 
08/28/2024 14:28:59.046, 08/28/2024 14:28:58.995, 4.14524e+0, 0.00000e+0, 9.60180e+1, 0.00000e+0, 2.85975e+0, 0.00000e+0, 2.90543e+4, 0.00000e+0, 5.02195e+2, 0.00000e+0, 2.94533e+0, 0.00000e+0, 5.17223e+2, 0.00000e+0, 4.56573e+2, 0.00000e+0, 2.97981e+1, 0.00000e+0, 3.11974e+1, 0.00000e+0, 3.24104e+0, 0.00000e+0, 2.87813e+0, 0.00000e+0, 2.00000e+1, 0.00000e+0, 5.00000e+0, 0.00000e+0, 3, 8, 
08/28/2024 14:29:00.050, 08/28/2024 14:28:59.989, 4.14534e+0, 0.00000e+0, 9.60330e+1, 0.00000e+0, 2.87185e+0, 0.00000e+0, 2.92778e+4, 0.00000e+0, 5.02171e+2, 0.00000e+0, 2.95847e+0, 0.00000e+0, 5.17317e+2, 0.00000e+0, 4.56586e+2, 0.00000e+0, 2.97869e+1, 0.00000e+0, 3.12025e+1, 0.00000e+0, 3.24205e+0, 0.00000e+0, 2.87860e+0, 0.00000e+0, 2.00000e+1, 0.00000e+0, 5.00000e+0, 0.00000e+0, 3, 8, 
08/28/2024 14:29:01.036, 08/28/2024 14:29:00.983, 4.14567e+0, 0.00000e+0, 9.60825e+1, 0.00000e+0, 2.88284e+0, 0.00000e+0, 2.93599e+4, 0.00000e+0, 5.04479e+2, 0.00000e+0, 2.97004e+0, 0.00000e+0, 5.19738e+2, 0.00000e+0, 4.56564e+2, 0.00000e+0, 2.97862e+1, 0.00000e+0, 3.12111e+1, 0.00000e+0, 3.24101e+0, 0.00000e+0, 2.87919e+0, 0.00000e+0, 2.00000e+1, 0.00000e+0, 5.00000e+0, 0.00000e+0, 3, 1, 
08/28/2024 14:29:02.026, 08/28/2024 14:29:01.977, 4.14520e+0, 0.00000e+0, 9.60117e+1, 0.00000e+0, 2.88716e+0, 0.00000e+0, 2.93708e+4, 0.00000e+0, 5.02978e+2, 0.00000e+0, 2.97453e+0, 0.00000e+0, 5.18198e+2, 0.00000e+0, 4.56468e+2, 0.00000e+0, 2.97886e+1, 0.00000e+0, 3.12107e+1, 0.00000e+0, 3.24110e+0, 0.00000e+0, 2.87923e+0, 0.00000e+0, 2.00000e+1, 0.00000e+0, 5.00000e+0, 0.00000e+0, 3, 1, 
08/28/2024 14:29:03.029, 08/28/2024 14:29:02.973, 4.14505e+0, 0.00000e+0, 9.59890e+1, 0.00000e+0, 2.90626e+0, 0.00000e+0, 2.93516e+4, 0.00000e+0, 5.04594e+2, 0.00000e+0, 2.99414e+0, 0.00000e+0, 5.19853e+2, 0.00000e+0, 4.56551e+2, 0.00000e+0, 2.97918e+1, 0.00000e+0, 3.12237e+1, 0.00000e+0, 3.24047e+0, 0.00000e+0, 2.87797e+0, 0.00000e+0, 2.00000e+1, 0.00000e+0, 5.00000e+0, 0.00000e+0, 3, 1, 
08/28/2024 14:29:04.021, 08/28/2024 14:29:03.967, 4.14517e+0, 0.00000e+0, 9.60068e+1, 0.00000e+0, 2.91326e+0, 0.00000e+0, 2.91504e+4, 0.00000e+0, 5.05064e+2, 0.00000e+0, 3.00074e+0, 0.00000e+0, 5.20228e+2, 0.00000e+0, 4.56575e+2, 0.00000e+0, 2.97958e+1, 0.00000e+0, 3.12265e+1, 0.00000e+0, 3.24152e+0, 0.00000e+0, 2.87867e+0, 0.00000e+0, 2.00000e+1, 0.00000e+0, 5.00000e+0, 0.00000e+0, 3, 2, 
08/28/2024 14:29:05.012, 08/28/2024 14:29:04.961, 4.14514e+0, 0.00000e+0, 9.60024e+1, 0.00000e+0, 2.91287e+0, 0.00000e+0, 2.92796e+4, 0.00000e+0, 5.04765e+2, 0.00000e+0, 3.00073e+0, 0.00000e+0, 5.19991e+2, 0.00000e+0, 4.56687e+2, 0.00000e+0, 2.98056e+1, 0.00000e+0, 3.12328e+1, 0.00000e+0, 3.24088e+0, 0.00000e+0, 2.87943e+0, 0.00000e+0, 2.00000e+1, 0.00000e+0, 5.00000e+0, 0.00000e+0, 3, 2, 
08/28/2024 14:29:06.015, 08/28/2024 14:29:05.956, 4.14534e+0, 0.00000e+0, 9.60326e+1, 0.00000e+0, 2.92817e+0, 0.00000e+0, 2.93650e+4, 0.00000e+0, 5.06596e+2, 0.00000e+0, 3.01676e+0, 0.00000e+0, 5.21923e+2, 0.00000e+0, 4.56684e+2, 0.00000e+0, 2.97937e+1, 0.00000e+0, 3.12361e+1, 0.00000e+0, 3.24168e+0, 0.00000e+0, 2.87830e+0, 0.00000e+0, 2.00000e+1, 0.00000e+0, 5.00000e+0, 0.00000e+0, 3, 2, 
08/28/2024 14:29:07.008, 08/28/2024 14:29:06.950, 4.14510e+0, 0.00000e+0, 9.59963e+1, 0.00000e+0, 2.93720e+0, 0.00000e+0, 2.94434e+4, 0.00000e+0, 5.07226e+2, 0.00000e+0, 3.02631e+0, 0.00000e+0, 5.22614e+2, 0.00000e+0, 4.56578e+2, 0.00000e+0, 2.98018e+1, 0.00000e+0, 3.12394e+1, 0.00000e+0, 3.24137e+0, 0.00000e+0, 2.87888e+0, 0.00000e+0, 2.00000e+1, 0.00000e+0, 5.00000e+0, 0.00000e+0, 3, 3, 
08/28/2024 14:29:07.997, 08/28/2024 14:29:07.946, 4.14554e+0, 0.00000e+0, 9.60630e+1, 0.00000e+0, 2.96159e+0, 0.00000e+0, 2.94486e+4, 0.00000e+0, 5.09644e+2, 0.00000e+0, 3.05145e+0, 0.00000e+0, 5.25108e+2, 0.00000e+0, 4.56534e+2, 0.00000e+0, 2.98012e+1, 0.00000e+0, 3.12389e+1, 0.00000e+0, 3.24082e+0, 0.00000e+0, 2.87842e+0, 0.00000e+0, 2.00000e+1, 0.00000e+0, 5.00000e+0, 0.00000e+0, 3, 3, 
08/28/2024 14:29:08.990, 08/28/2024 14:29:08.940, 4.14497e+0, 0.00000e+0, 9.59770e+1, 0.00000e+0, 2.96062e+0, 0.00000e+0, 2.93059e+4, 0.00000e+0, 5.08945e+2, 0.00000e+0, 3.05000e+0, 0.00000e+0, 5.24311e+2, 0.00000e+0, 4.56557e+2, 0.00000e+0, 2.98033e+1, 0.00000e+0, 3.12454e+1, 0.00000e+0, 3.24004e+0, 0.00000e+0, 2.87836e+0, 0.00000e+0, 2.00000e+1, 0.00000e+0, 5.00000e+0, 0.00000e+0, 3, 3, 
08/28/2024 14:29:09.988, 08/28/2024 14:29:09.935, 4.14499e+0, 0.00000e+0, 9.59812e+1, 0.00000e+0, 2.96452e+0, 0.00000e+0, 2.92221e+4, 0.00000e+0, 5.09235e+2, 0.00000e+0, 3.05375e+0, 0.00000e+0, 5.24564e+2, 0.00000e+0, 4.56593e+2, 0.00000e+0, 2.98063e+1, 0.00000e+0, 3.12511e+1, 0.00000e+0, 3.24051e+0, 0.00000e+0, 2.87799e+0, 0.00000e+0, 2.00000e+1, 0.00000e+0, 5.00000e+0, 0.00000e+0, 3, 4, 
08/28/2024 14:29:10.990, 08/28/2024 14:29:10.928, 4.14502e+0, 0.00000e+0, 9.59857e+1, 0.00000e+0, 2.98348e+0, 0.00000e+0, 2.94790e+4, 0.00000e+0, 5.11386e+2, 0.00000e+0, 3.07410e+0, 0.00000e+0, 5.26919e+2, 0.00000e+0, 4.56635e+2, 0.00000e+0, 2.98138e+1, 0.00000e+0, 3.12535e+1, 0.00000e+0, 3.24203e+0, 0.00000e+0, 2.87787e+0, 0.00000e+0, 2.00000e+1, 0.00000e+0, 5.00000e+0, 0.00000e+0, 3, 4, 
08/28/2024 14:29:11.976, 08/28/2024 14:29:11.923, 4.14545e+0, 0.00000e+0, 9.60493e+1, 0.00000e+0, 2.99383e+0, 0.00000e+0, 2.93274e+4, 0.00000e+0, 5.11387e+2, 0.00000e+0, 3.08429e+0, 0.00000e+0, 5.26838e+2, 0.00000e+0, 4.56573e+2, 0.00000e+0, 2.98074e+1, 0.00000e+0, 3.12566e+1, 0.00000e+0, 3.24160e+0, 0.00000e+0, 2.87632e+0, 0.00000e+0, 2.00000e+1, 0.00000e+0, 5.00000e+0, 0.00000e+0, 3, 4, 
08/28/2024 14:29:12.967, 08/28/2024 14:29:12.918, 4.14518e+0, 0.00000e+0, 9.60083e+1, 0.00000e+0, 2.99314e+0, 0.00000e+0, 2.94144e+4, 0.00000e+0, 5.11696e+2, 0.00000e+0, 3.08385e+0, 0.00000e+0, 5.27203e+2, 0.00000e+0, 4.56729e+2, 0.00000e+0, 2.98130e+1, 0.00000e+0, 3.12539e+1, 0.00000e+0, 3.24064e+0, 0.00000e+0, 2.87676e+0, 0.00000e+0, 2.00000e+1, 0.00000e+0, 5.00000e+0, 0.00000e+0, 3, 4, 
08/28/2024 14:29:13.971, 08/28/2024 14:29:13.911, 4.14510e+0, 0.00000e+0, 9.59974e+1, 0.00000e+0, 3.00991e+0, 0.00000e+0, 2.92137e+4, 0.00000e+0, 5.12098e+2, 0.00000e+0, 3.10049e+0, 0.00000e+0, 5.27509e+2, 0.00000e+0, 4.56508e+2, 0.00000e+0, 2.98106e+1, 0.00000e+0, 3.12653e+1, 0.00000e+0, 3.24074e+0, 0.00000e+0, 2.87789e+0, 0.00000e+0, 2.00000e+1, 0.00000e+0, 5.00000e+0, 0.00000e+0, 3, 5, 
08/28/2024 14:29:14.963, 08/28/2024 14:29:14.907, 4.14512e+0, 0.00000e+0, 9.60000e+1, 0.00000e+0, 3.02175e+0, 0.00000e+0, 2.94595e+4, 0.00000e+0, 5.13336e+2, 0.00000e+0, 3.11347e+0, 0.00000e+0, 5.28917e+2, 0.00000e+0, 4.56571e+2, 0.00000e+0, 2.98193e+1, 0.00000e+0, 3.12733e+1, 0.00000e+0, 3.24096e+0, 0.00000e+0, 2.87757e+0, 0.00000e+0, 2.00000e+1, 0.00000e+0, 5.00000e+0, 0.00000e+0, 3, 5, 
08/28/2024 14:29:15.963, 08/28/2024 14:29:15.901, 4.14534e+0, 0.00000e+0, 9.60332e+1, 0.00000e+0, 3.03621e+0, 0.00000e+0, 2.94150e+4, 0.00000e+0, 5.14860e+2, 0.00000e+0, 3.12822e+0, 0.00000e+0, 5.30464e+2, 0.00000e+0, 4.56519e+2, 0.00000e+0, 2.98195e+1, 0.00000e+0, 3.12751e+1, 0.00000e+0, 3.24115e+0, 0.00000e+0, 2.87817e+0, 0.00000e+0, 2.00000e+1, 0.00000e+0, 5.00000e+0, 0.00000e+0, 3, 5, 
08/28/2024 14:29:16.949, 08/28/2024 14:29:16.896, 4.14532e+0, 0.00000e+0, 9.60304e+1, 0.00000e+0, 3.04283e+0, 0.00000e+0, 2.93508e+4, 0.00000e+0, 5.15491e+2, 0.00000e+0, 3.13484e+0, 0.00000e+0, 5.31079e+2, 0.00000e+0, 4.56706e+2, 0.00000e+0, 2.98195e+1, 0.00000e+0, 3.12792e+1, 0.00000e+0, 3.24048e+0, 0.00000e+0, 2.87719e+0, 0.00000e+0, 2.00000e+1, 0.00000e+0, 5.00000e+0, 0.00000e+0, 3, 6, 
08/28/2024 14:29:17.940, 08/28/2024 14:29:17.890, 4.14530e+0, 0.00000e+0, 9.60268e+1, 0.00000e+0, 3.05028e+0, 0.00000e+0, 2.92614e+4, 0.00000e+0, 5.16581e+2, 0.00000e+0, 3.14223e+0, 0.00000e+0, 5.32153e+2, 0.00000e+0, 4.56780e+2, 0.00000e+0, 2.98200e+1, 0.00000e+0, 3.12880e+1, 0.00000e+0, 3.23928e+0, 0.00000e+0, 2.87734e+0, 0.00000e+0, 2.00000e+1, 0.00000e+0, 5.00000e+0, 0.00000e+0, 3, 6, 
08/28/2024 14:29:18.939, 08/28/2024 14:29:18.885, 4.14545e+0, 0.00000e+0, 9.60495e+1, 0.00000e+0, 3.06053e+0, 0.00000e+0, 2.93169e+4, 0.00000e+0, 5.16447e+2, 0.00000e+0, 3.15297e+0, 0.00000e+0, 5.32044e+2, 0.00000e+0, 4.56577e+2, 0.00000e+0, 2.98197e+1, 0.00000e+0, 3.12965e+1, 0.00000e+0, 3.23987e+0, 0.00000e+0, 2.87794e+0, 0.00000e+0, 2.00000e+1, 0.00000e+0, 5.00000e+0, 0.00000e+0, 3, 6, 
08/28/2024 14:29:19.937, 08/28/2024 14:29:19.879, 4.14480e+0, 0.00000e+0, 9.59529e+1, 0.00000e+0, 3.07028e+0, 0.00000e+0, 2.93532e+4, 0.00000e+0, 5.17999e+2, 0.00000e+0, 3.16313e+0, 0.00000e+0, 5.33664e+2, 0.00000e+0, 4.56649e+2, 0.00000e+0, 2.98251e+1, 0.00000e+0, 3.13044e+1, 0.00000e+0, 3.24004e+0, 0.00000e+0, 2.87750e+0, 0.00000e+0, 2.00000e+1, 0.00000e+0, 5.00000e+0, 0.00000e+0, 3, 7, 
08/28/2024 14:29:20.931, 08/28/2024 14:29:20.874, 4.14539e+0, 0.00000e+0, 9.60404e+1, 0.00000e+0, 3.07933e+0, 0.00000e+0, 2.92887e+4, 0.00000e+0, 5.18156e+2, 0.00000e+0, 3.17224e+0, 0.00000e+0, 5.33790e+2, 0.00000e+0, 4.56765e+2, 0.00000e+0, 2.98220e+1, 0.00000e+0, 3.13104e+1, 0.00000e+0, 3.24023e+0, 0.00000e+0, 2.87819e+0, 0.00000e+0, 2.00000e+1, 0.00000e+0, 5.00000e+0, 0.00000e+0, 3, 7, 
08/28/2024 14:29:21.923, 08/28/2024 14:29:21.869, 4.14549e+0, 0.00000e+0, 9.60544e+1, 0.00000e+0, 3.08295e+0, 0.00000e+0, 2.92556e+4, 0.00000e+0, 5.18610e+2, 0.00000e+0, 3.17586e+0, 0.00000e+0, 5.34240e+2, 0.00000e+0, 4.56734e+2, 0.00000e+0, 2.98252e+1, 0.00000e+0, 3.13069e+1, 0.00000e+0, 3.23969e+0, 0.00000e+0, 2.87813e+0, 0.00000e+0, 2.00000e+1, 0.00000e+0, 5.00000e+0, 0.00000e+0, 3, 7, 
08/28/2024 14:29:22.926, 08/28/2024 14:29:22.863, 4.14532e+0, 0.00000e+0, 9.60299e+1, 0.00000e+0, 3.09762e+0, 0.00000e+0, 2.91805e+4, 0.00000e+0, 5.20235e+2, 0.00000e+0, 3.19073e+0, 0.00000e+0, 5.35872e+2, 0.00000e+0, 4.56732e+2, 0.00000e+0, 2.98287e+1, 0.00000e+0, 3.13095e+1, 0.00000e+0, 3.24022e+0, 0.00000e+0, 2.87806e+0, 0.00000e+0, 2.00000e+1, 0.00000e+0, 5.00000e+0, 0.00000e+0, 3, 8, 
08/28/2024 14:29:23.911, 08/28/2024 14:29:23.858, 4.14552e+0, 0.00000e+0, 9.60598e+1, 0.00000e+0, 3.10388e+0, 0.00000e+0, 2.93735e+4, 0.00000e+0, 5.19891e+2, 0.00000e+0, 3.19781e+0, 0.00000e+0, 5.35624e+2, 0.00000e+0, 4.56761e+2, 0.00000e+0, 2.98304e+1, 0.00000e+0, 3.13122e+1, 0.00000e+0, 3.24041e+0, 0.00000e+0, 2.87833e+0, 0.00000e+0, 2.00000e+1, 0.00000e+0, 5.00000e+0, 0.00000e+0, 3, 8, 
08/28/2024 14:29:24.902, 08/28/2024 14:29:24.852, 4.14546e+0, 0.00000e+0, 9.60499e+1, 0.00000e+0, 3.11698e+0, 0.00000e+0, 2.94724e+4, 0.00000e+0, 5.20945e+2, 0.00000e+0, 3.21164e+0, 0.00000e+0, 5.36765e+2, 0.00000e+0, 4.56760e+2, 0.00000e+0, 2.98376e+1, 0.00000e+0, 3.13229e+1, 0.00000e+0, 3.24145e+0, 0.00000e+0, 2.87811e+0, 0.00000e+0, 2.00000e+1, 0.00000e+0, 5.00000e+0, 0.00000e+0, 3, 8, 
08/28/2024 14:29:25.900, 08/28/2024 14:29:25.846, 4.14514e+0, 0.00000e+0, 9.60037e+1, 0.00000e+0, 3.12992e+0, 0.00000e+0, 2.94274e+4, 0.00000e+0, 5.21747e+2, 0.00000e+0, 3.22481e+0, 0.00000e+0, 5.37566e+2, 0.00000e+0, 4.56702e+2, 0.00000e+0, 2.98397e+1, 0.00000e+0, 3.13366e+1, 0.00000e+0, 3.24012e+0, 0.00000e+0, 2.87805e+0, 0.00000e+0, 2.00000e+1, 0.00000e+0, 5.00000e+0, 0.00000e+0, 3, 1, 
08/28/2024 14:29:26.895, 08/28/2024 14:29:26.841, 4.14484e+0, 0.00000e+0, 9.59583e+1, 0.00000e+0, 3.13052e+0, 0.00000e+0, 2.94379e+4, 0.00000e+0, 5.21259e+2, 0.00000e+0, 3.22547e+0, 0.00000e+0, 5.37069e+2, 0.00000e+0, 4.56778e+2, 0.00000e+0, 2.98456e+1, 0.00000e+0, 3.13342e+1, 0.00000e+0, 3.24103e+0, 0.00000e+0, 2.87820e+0, 0.00000e+0, 2.00000e+1, 0.00000e+0, 5.00000e+0, 0.00000e+0, 3, 1, 
08/28/2024 14:29:27.891, 08/28/2024 14:29:27.835, 4.14532e+0, 0.00000e+0, 9.60301e+1, 0.00000e+0, 3.13862e+0, 0.00000e+0, 2.93584e+4, 0.00000e+0, 5.22076e+2, 0.00000e+0, 3.23355e+0, 0.00000e+0, 5.37867e+2, 0.00000e+0, 4.56595e+2, 0.00000e+0, 2.98465e+1, 0.00000e+0, 3.13343e+1, 0.00000e+0, 3.24045e+0, 0.00000e+0, 2.87769e+0, 0.00000e+0, 2.00000e+1, 0.00000e+0, 5.00000e+0, 0.00000e+0, 3, 1, 
08/28/2024 14:29:28.882, 08/28/2024 14:29:28.829, 4.14527e+0, 0.00000e+0, 9.60222e+1, 0.00000e+0, 3.14592e+0, 0.00000e+0, 2.94697e+4, 0.00000e+0, 5.22848e+2, 0.00000e+0, 3.24145e+0, 0.00000e+0, 5.38724e+2, 0.00000e+0, 4.56728e+2, 0.00000e+0, 2.98533e+1, 0.00000e+0, 3.13414e+1, 0.00000e+0, 3.23998e+0, 0.00000e+0, 2.87815e+0, 0.00000e+0, 2.00000e+1, 0.00000e+0, 5.00000e+0, 0.00000e+0, 3, 2, 
08/28/2024 14:29:29.890, 08/28/2024 14:29:29.824, 4.14535e+0, 0.00000e+0, 9.60338e+1, 0.00000e+0, 3.15841e+0, 0.00000e+0, 2.95186e+4, 0.00000e+0, 5.23373e+2, 0.00000e+0, 3.25448e+0, 0.00000e+0, 5.39292e+2, 0.00000e+0, 4.56560e+2, 0.00000e+0, 2.98528e+1, 0.00000e+0, 3.13452e+1, 0.00000e+0, 3.24056e+0, 0.00000e+0, 2.87820e+0, 0.00000e+0, 2.00000e+1, 0.00000e+0, 5.00000e+0, 0.00000e+0, 3, 2, 
08/28/2024 14:29:30.875, 08/28/2024 14:29:30.819, 4.14540e+0, 0.00000e+0, 9.60411e+1, 0.00000e+0, 3.16673e+0, 0.00000e+0, 2.96020e+4, 0.00000e+0, 5.23762e+2, 0.00000e+0, 3.26333e+0, 0.00000e+0, 5.39740e+2, 0.00000e+0, 4.56776e+2, 0.00000e+0, 2.98529e+1, 0.00000e+0, 3.13449e+1, 0.00000e+0, 3.24028e+0, 0.00000e+0, 2.87911e+0, 0.00000e+0, 2.00000e+1, 0.00000e+0, 5.00000e+0, 0.00000e+0, 3, 2, 
08/28/2024 14:29:31.870, 08/28/2024 14:29:31.814, 4.14493e+0, 0.00000e+0, 9.59716e+1, 0.00000e+0, 3.17845e+0, 0.00000e+0, 2.94509e+4, 0.00000e+0, 5.24813e+2, 0.00000e+0, 3.27490e+0, 0.00000e+0, 5.40738e+2, 0.00000e+0, 4.56788e+2, 0.00000e+0, 2.98519e+1, 0.00000e+0, 3.13465e+1, 0.00000e+0, 3.24017e+0, 0.00000e+0, 2.87867e+0, 0.00000e+0, 2.00000e+1, 0.00000e+0, 5.00000e+0, 0.00000e+0, 3, 3, 
08/28/2024 14:29:32.860, 08/28/2024 14:29:32.809, 4.14563e+0, 0.00000e+0, 9.60764e+1, 0.00000e+0, 3.18368e+0, 0.00000e+0, 2.93015e+4, 0.00000e+0, 5.24968e+2, 0.00000e+0, 3.27978e+0, 0.00000e+0, 5.40814e+2, 0.00000e+0, 4.56862e+2, 0.00000e+0, 2.98554e+1, 0.00000e+0, 3.13570e+1, 0.00000e+0, 3.23972e+0, 0.00000e+0, 2.87824e+0, 0.00000e+0, 2.00000e+1, 0.00000e+0, 5.00000e+0, 0.00000e+0, 3, 3, 
08/28/2024 14:29:33.861, 08/28/2024 14:29:33.802, 4.14513e+0, 0.00000e+0, 9.60009e+1, 0.00000e+0, 3.19155e+0, 0.00000e+0, 2.93470e+4, 0.00000e+0, 5.25928e+2, 0.00000e+0, 3.28805e+0, 0.00000e+0, 5.41829e+2, 0.00000e+0, 4.56932e+2, 0.00000e+0, 2.98560e+1, 0.00000e+0, 3.13693e+1, 0.00000e+0, 3.23941e+0, 0.00000e+0, 2.87809e+0, 0.00000e+0, 2.00000e+1, 0.00000e+0, 5.00000e+0, 0.00000e+0, 3, 3, 
08/28/2024 14:29:34.848, 08/28/2024 14:29:34.797, 4.14559e+0, 0.00000e+0, 9.60693e+1, 0.00000e+0, 3.19847e+0, 0.00000e+0, 2.93947e+4, 0.00000e+0, 5.26685e+2, 0.00000e+0, 3.29534e+0, 0.00000e+0, 5.42636e+2, 0.00000e+0, 4.56715e+2, 0.00000e+0, 2.98591e+1, 0.00000e+0, 3.13705e+1, 0.00000e+0, 3.24081e+0, 0.00000e+0, 2.87858e+0, 0.00000e+0, 2.00000e+1, 0.00000e+0, 5.00000e+0, 0.00000e+0, 3, 4, 
08/28/2024 14:29:35.851, 08/28/2024 14:29:35.792, 4.14485e+0, 0.00000e+0, 9.59591e+1, 0.00000e+0, 3.21195e+0, 0.00000e+0, 2.97045e+4, 0.00000e+0, 5.27110e+2, 0.00000e+0, 3.31028e+0, 0.00000e+0, 5.43246e+2, 0.00000e+0, 4.56802e+2, 0.00000e+0, 2.98632e+1, 0.00000e+0, 3.13747e+1, 0.00000e+0, 3.23964e+0, 0.00000e+0, 2.87791e+0, 0.00000e+0, 2.00000e+1, 0.00000e+0, 5.00000e+0, 0.00000e+0, 3, 4, 
08/28/2024 14:29:36.855, 08/28/2024 14:29:36.786, 4.14537e+0, 0.00000e+0, 9.60374e+1, 0.00000e+0, 3.22282e+0, 0.00000e+0, 2.95044e+4, 0.00000e+0, 5.27719e+2, 0.00000e+0, 3.32080e+0, 0.00000e+0, 5.43763e+2, 0.00000e+0, 4.56749e+2, 0.00000e+0, 2.98679e+1, 0.00000e+0, 3.13794e+1, 0.00000e+0, 3.24041e+0, 0.00000e+0, 2.87743e+0, 0.00000e+0, 2.00000e+1, 0.00000e+0, 5.00000e+0, 0.00000e+0, 3, 4, 
08/28/2024 14:29:37.835, 08/28/2024 14:29:37.781, 4.14536e+0, 0.00000e+0, 9.60358e+1, 0.00000e+0, 3.22737e+0, 0.00000e+0, 2.93488e+4, 0.00000e+0, 5.28917e+2, 0.00000e+0, 3.32496e+0, 0.00000e+0, 5.44909e+2, 0.00000e+0, 4.56845e+2, 0.00000e+0, 2.98684e+1, 0.00000e+0, 3.13859e+1, 0.00000e+0, 3.24173e+0, 0.00000e+0, 2.87846e+0, 0.00000e+0, 2.00000e+1, 0.00000e+0, 5.00000e+0, 0.00000e+0, 3, 5, 
08/28/2024 14:29:38.837, 08/28/2024 14:29:38.776, 4.14510e+0, 0.00000e+0, 9.59965e+1, 0.00000e+0, 3.23921e+0, 0.00000e+0, 2.93474e+4, 0.00000e+0, 5.29507e+2, 0.00000e+0, 3.33714e+0, 0.00000e+0, 5.45516e+2, 0.00000e+0, 4.56715e+2, 0.00000e+0, 2.98736e+1, 0.00000e+0, 3.13891e+1, 0.00000e+0, 3.24124e+0, 0.00000e+0, 2.87680e+0, 0.00000e+0, 2.00000e+1, 0.00000e+0, 5.00000e+0, 0.00000e+0, 3, 5, 
08/28/2024 14:29:39.823, 08/28/2024 14:29:39.771, 4.14542e+0, 0.00000e+0, 9.60451e+1, 0.00000e+0, 3.24978e+0, 0.00000e+0, 2.95792e+4, 0.00000e+0, 5.31608e+2, 0.00000e+0, 3.34883e+0, 0.00000e+0, 5.47812e+2, 0.00000e+0, 4.56983e+2, 0.00000e+0, 2.98697e+1, 0.00000e+0, 3.13937e+1, 0.00000e+0, 3.24075e+0, 0.00000e+0, 2.87723e+0, 0.00000e+0, 2.00000e+1, 0.00000e+0, 5.00000e+0, 0.00000e+0, 3, 5, 
08/28/2024 14:29:40.817, 08/28/2024 14:29:40.764, 4.14468e+0, 0.00000e+0, 9.59344e+1, 0.00000e+0, 3.26569e+0, 0.00000e+0, 2.94502e+4, 0.00000e+0, 5.31160e+2, 0.00000e+0, 3.36478e+0, 0.00000e+0, 5.47277e+2, 0.00000e+0, 4.56740e+2, 0.00000e+0, 2.98735e+1, 0.00000e+0, 3.13994e+1, 0.00000e+0, 3.24048e+0, 0.00000e+0, 2.87803e+0, 0.00000e+0, 2.00000e+1, 0.00000e+0, 5.00000e+0, 0.00000e+0, 3, 6, 
08/28/2024 14:29:41.814, 08/28/2024 14:29:41.760, 4.14524e+0, 0.00000e+0, 9.60183e+1, 0.00000e+0, 3.26736e+0, 0.00000e+0, 2.94640e+4, 0.00000e+0, 5.31290e+2, 0.00000e+0, 3.36655e+0, 0.00000e+0, 5.47419e+2, 0.00000e+0, 4.56861e+2, 0.00000e+0, 2.98813e+1, 0.00000e+0, 3.14008e+1, 0.00000e+0, 3.24052e+0, 0.00000e+0, 2.87736e+0, 0.00000e+0, 2.00000e+1, 0.00000e+0, 5.00000e+0, 0.00000e+0, 3, 6, 
08/28/2024 14:29:42.808, 08/28/2024 14:29:42.753, 4.14520e+0, 0.00000e+0, 9.60114e+1, 0.00000e+0, 3.27523e+0, 0.00000e+0, 2.93045e+4, 0.00000e+0, 5.33046e+2, 0.00000e+0, 3.37411e+0, 0.00000e+0, 5.49138e+2, 0.00000e+0, 4.56708e+2, 0.00000e+0, 2.98804e+1, 0.00000e+0, 3.14078e+1, 0.00000e+0, 3.24011e+0, 0.00000e+0, 2.87805e+0, 0.00000e+0, 2.00000e+1, 0.00000e+0, 5.00000e+0, 0.00000e+0, 3, 6, 
08/28/2024 14:29:43.805, 08/28/2024 14:29:43.748, 4.14489e+0, 0.00000e+0, 9.59655e+1, 0.00000e+0, 3.28086e+0, 0.00000e+0, 2.93928e+4, 0.00000e+0, 5.32522e+2, 0.00000e+0, 3.38022e+0, 0.00000e+0, 5.48648e+2, 0.00000e+0, 4.56739e+2, 0.00000e+0, 2.98924e+1, 0.00000e+0, 3.14123e+1, 0.00000e+0, 3.24068e+0, 0.00000e+0, 2.87759e+0, 0.00000e+0, 2.00000e+1, 0.00000e+0, 5.00000e+0, 0.00000e+0, 3, 7, 
08/28/2024 14:29:44.807, 08/28/2024 14:29:44.742, 4.14511e+0, 0.00000e+0, 9.59990e+1, 0.00000e+0, 3.29520e+0, 0.00000e+0, 2.94560e+4, 0.00000e+0, 5.32942e+2, 0.00000e+0, 3.39520e+0, 0.00000e+0, 5.49117e+2, 0.00000e+0, 4.56755e+2, 0.00000e+0, 2.98938e+1, 0.00000e+0, 3.14164e+1, 0.00000e+0, 3.23955e+0, 0.00000e+0, 2.87800e+0, 0.00000e+0, 2.00000e+1, 0.00000e+0, 5.00000e+0, 0.00000e+0, 3, 7, 
08/28/2024 14:29:45.795, 08/28/2024 14:29:45.738, 4.14525e+0, 0.00000e+0, 9.60189e+1, 0.00000e+0, 3.30132e+0, 0.00000e+0, 2.93637e+4, 0.00000e+0, 5.32615e+2, 0.00000e+0, 3.40119e+0, 0.00000e+0, 5.48727e+2, 0.00000e+0, 4.56747e+2, 0.00000e+0, 2.98895e+1, 0.00000e+0, 3.14279e+1, 0.00000e+0, 3.24044e+0, 0.00000e+0, 2.87817e+0, 0.00000e+0, 2.00000e+1, 0.00000e+0, 5.00000e+0, 0.00000e+0, 3, 7, 
08/28/2024 14:29:46.787, 08/28/2024 14:29:46.732, 4.14546e+0, 0.00000e+0, 9.60510e+1, 0.00000e+0, 3.31249e+0, 0.00000e+0, 2.92186e+4, 0.00000e+0, 5.34192e+2, 0.00000e+0, 3.41219e+0, 0.00000e+0, 5.50270e+2, 0.00000e+0, 4.56838e+2, 0.00000e+0, 2.98879e+1, 0.00000e+0, 3.14351e+1, 0.00000e+0, 3.23998e+0, 0.00000e+0, 2.87949e+0, 0.00000e+0, 2.00000e+1, 0.00000e+0, 5.00000e+0, 0.00000e+0, 3, 8, 
08/28/2024 14:29:47.778, 08/28/2024 14:29:47.726, 4.14512e+0, 0.00000e+0, 9.60003e+1, 0.00000e+0, 3.31863e+0, 0.00000e+0, 2.93876e+4, 0.00000e+0, 5.34023e+2, 0.00000e+0, 3.41911e+0, 0.00000e+0, 5.50192e+2, 0.00000e+0, 4.56698e+2, 0.00000e+0, 2.98884e+1, 0.00000e+0, 3.14496e+1, 0.00000e+0, 3.23961e+0, 0.00000e+0, 2.87971e+0, 0.00000e+0, 2.00000e+1, 0.00000e+0, 5.00000e+0, 0.00000e+0, 3, 8, 
08/28/2024 14:29:48.775, 08/28/2024 14:29:48.722, 4.14543e+0, 0.00000e+0, 9.60462e+1, 0.00000e+0, 3.33101e+0, 0.00000e+0, 2.90624e+4, 0.00000e+0, 5.36364e+2, 0.00000e+0, 3.43071e+0, 0.00000e+0, 5.52418e+2, 0.00000e+0, 4.56814e+2, 0.00000e+0, 2.98917e+1, 0.00000e+0, 3.14530e+1, 0.00000e+0, 3.24041e+0, 0.00000e+0, 2.87992e+0, 0.00000e+0, 2.00000e+1, 0.00000e+0, 5.00000e+0, 0.00000e+0, 3, 8, 
08/28/2024 14:29:49.768, 08/28/2024 14:29:49.716, 4.14522e+0, 0.00000e+0, 9.60142e+1, 0.00000e+0, 3.33993e+0, 0.00000e+0, 2.93357e+4, 0.00000e+0, 5.35480e+2, 0.00000e+0, 3.44087e+0, 0.00000e+0, 5.51663e+2, 0.00000e+0, 4.56813e+2, 0.00000e+0, 2.98908e+1, 0.00000e+0, 3.14598e+1, 0.00000e+0, 3.24089e+0, 0.00000e+0, 2.87842e+0, 0.00000e+0, 2.00000e+1, 0.00000e+0, 5.00000e+0, 0.00000e+0, 3, 1, 
08/28/2024 14:29:50.763, 08/28/2024 14:29:50.709, 4.14505e+0, 0.00000e+0, 9.59896e+1, 0.00000e+0, 3.33855e+0, 0.00000e+0, 2.93486e+4, 0.00000e+0, 5.34835e+2, 0.00000e+0, 3.43950e+0, 0.00000e+0, 5.51006e+2, 0.00000e+0, 4.57040e+2, 0.00000e+0, 2.98957e+1, 0.00000e+0, 3.14688e+1, 0.00000e+0, 3.24055e+0, 0.00000e+0, 2.87945e+0, 0.00000e+0, 2.00000e+1, 0.00000e+0, 5.00000e+0, 0.00000e+0, 3, 1, 
08/28/2024 14:29:51.752, 08/28/2024 14:29:51.705, 4.14540e+0, 0.00000e+0, 9.60411e+1, 0.00000e+0, 3.34957e+0, 0.00000e+0, 2.93009e+4, 0.00000e+0, 5.35726e+2, 0.00000e+0, 3.45068e+0, 0.00000e+0, 5.51897e+2, 0.00000e+0, 4.56965e+2, 0.00000e+0, 2.98922e+1, 0.00000e+0, 3.14772e+1, 0.00000e+0, 3.24028e+0, 0.00000e+0, 2.87924e+0, 0.00000e+0, 2.00000e+1, 0.00000e+0, 5.00000e+0, 0.00000e+0, 3, 1, 
08/28/2024 14:29:52.765, 08/28/2024 14:29:52.699, 4.14523e+0, 0.00000e+0, 9.60165e+1, 0.00000e+0, 3.36295e+0, 0.00000e+0, 2.94586e+4, 0.00000e+0, 5.37425e+2, 0.00000e+0, 3.46503e+0, 0.00000e+0, 5.53737e+2, 0.00000e+0, 4.56912e+2, 0.00000e+0, 2.98945e+1, 0.00000e+0, 3.14808e+1, 0.00000e+0, 3.23958e+0, 0.00000e+0, 2.87845e+0, 0.00000e+0, 2.00000e+1, 0.00000e+0, 5.00000e+0, 0.00000e+0, 3, 2, 
08/28/2024 14:29:53.746, 08/28/2024 14:29:53.694, 4.14527e+0, 0.00000e+0, 9.60221e+1, 0.00000e+0, 3.36676e+0, 0.00000e+0, 2.95494e+4, 0.00000e+0, 5.38491e+2, 0.00000e+0, 3.46928e+0, 0.00000e+0, 5.54888e+2, 0.00000e+0, 4.56751e+2, 0.00000e+0, 2.98974e+1, 0.00000e+0, 3.14820e+1, 0.00000e+0, 3.23938e+0, 0.00000e+0, 2.87818e+0, 0.00000e+0, 2.00000e+1, 0.00000e+0, 5.00000e+0, 0.00000e+0, 3, 2, 
08/28/2024 14:29:54.743, 08/28/2024 14:29:54.688, 4.14511e+0, 0.00000e+0, 9.59978e+1, 0.00000e+0, 3.38047e+0, 0.00000e+0, 2.93534e+4, 0.00000e+0, 5.36940e+2, 0.00000e+0, 3.48270e+0, 0.00000e+0, 5.53177e+2, 0.00000e+0, 4.56899e+2, 0.00000e+0, 2.99120e+1, 0.00000e+0, 3.14919e+1, 0.00000e+0, 3.23938e+0, 0.00000e+0, 2.87816e+0, 0.00000e+0, 2.00000e+1, 0.00000e+0, 5.00000e+0, 0.00000e+0, 3, 2, 
08/28/2024 14:29:55.736, 08/28/2024 14:29:55.683, 4.14518e+0, 0.00000e+0, 9.60086e+1, 0.00000e+0, 3.37428e+0, 0.00000e+0, 2.93365e+4, 0.00000e+0, 5.39120e+2, 0.00000e+0, 3.47626e+0, 0.00000e+0, 5.55414e+2, 0.00000e+0, 4.56967e+2, 0.00000e+0, 2.99035e+1, 0.00000e+0, 3.14933e+1, 0.00000e+0, 3.23982e+0, 0.00000e+0, 2.87850e+0, 0.00000e+0, 2.00000e+1, 0.00000e+0, 5.00000e+0, 0.00000e+0, 3, 3, 
08/28/2024 14:29:56.731, 08/28/2024 14:29:56.678, 4.14512e+0, 0.00000e+0, 9.60003e+1, 0.00000e+0, 3.38112e+0, 0.00000e+0, 2.94115e+4, 0.00000e+0, 5.37453e+2, 0.00000e+0, 3.48357e+0, 0.00000e+0, 5.53739e+2, 0.00000e+0, 4.57119e+2, 0.00000e+0, 2.99042e+1, 0.00000e+0, 3.14957e+1, 0.00000e+0, 3.24052e+0, 0.00000e+0, 2.87829e+0, 0.00000e+0, 2.00000e+1, 0.00000e+0, 5.00000e+0, 0.00000e+0, 3, 3, 
08/28/2024 14:29:57.725, 08/28/2024 14:29:57.672, 4.14532e+0, 0.00000e+0, 9.60300e+1, 0.00000e+0, 3.40195e+0, 0.00000e+0, 2.94296e+4, 0.00000e+0, 5.38722e+2, 0.00000e+0, 3.50510e+0, 0.00000e+0, 5.55057e+2, 0.00000e+0, 4.56887e+2, 0.00000e+0, 2.99090e+1, 0.00000e+0, 3.14971e+1, 0.00000e+0, 3.24069e+0, 0.00000e+0, 2.87801e+0, 0.00000e+0, 2.00000e+1, 0.00000e+0, 5.00000e+0, 0.00000e+0, 3, 3, 
08/28/2024 14:29:58.719, 08/28/2024 14:29:58.666, 4.14533e+0, 0.00000e+0, 9.60318e+1, 0.00000e+0, 3.41505e+0, 0.00000e+0, 2.95653e+4, 0.00000e+0, 5.40918e+2, 0.00000e+0, 3.51909e+0, 0.00000e+0, 5.57398e+2, 0.00000e+0, 4.57079e+2, 0.00000e+0, 2.99109e+1, 0.00000e+0, 3.14943e+1, 0.00000e+0, 3.24013e+0, 0.00000e+0, 2.87851e+0, 0.00000e+0, 2.00000e+1, 0.00000e+0, 5.00000e+0, 0.00000e+0, 3, 4, 
08/28/2024 14:29:59.716, 08/28/2024 14:29:59.662, 4.14504e+0, 0.00000e+0, 9.59888e+1, 0.00000e+0, 3.41929e+0, 0.00000e+0, 2.93670e+4, 0.00000e+0, 5.41513e+2, 0.00000e+0, 3.52274e+0, 0.00000e+0, 5.57896e+2, 0.00000e+0, 4.56815e+2, 0.00000e+0, 2.99178e+1, 0.00000e+0, 3.14963e+1, 0.00000e+0, 3.23972e+0, 0.00000e+0, 2.87825e+0, 0.00000e+0, 2.00000e+1, 0.00000e+0, 5.00000e+0, 0.00000e+0, 3, 4, 
08/28/2024 14:30:00.713, 08/28/2024 14:30:00.655, 4.14533e+0, 0.00000e+0, 9.60305e+1, 0.00000e+0, 3.42296e+0, 0.00000e+0, 2.93565e+4, 0.00000e+0, 5.40674e+2, 0.00000e+0, 3.52648e+0, 0.00000e+0, 5.57026e+2, 0.00000e+0, 4.57095e+2, 0.00000e+0, 2.99168e+1, 0.00000e+0, 3.14948e+1, 0.00000e+0, 3.24025e+0, 0.00000e+0, 2.87794e+0, 0.00000e+0, 2.00000e+1, 0.00000e+0, 5.00000e+0, 0.00000e+0, 3, 4, 
08/28/2024 14:30:01.712, 08/28/2024 14:30:01.649, 4.14520e+0, 0.00000e+0, 9.60122e+1, 0.00000e+0, 3.43460e+0, 0.00000e+0, 2.95133e+4, 0.00000e+0, 5.42648e+2, 0.00000e+0, 3.53905e+0, 0.00000e+0, 5.59150e+2, 0.00000e+0, 4.56943e+2, 0.00000e+0, 2.99120e+1, 0.00000e+0, 3.15019e+1, 0.00000e+0, 3.24091e+0, 0.00000e+0, 2.87799e+0, 0.00000e+0, 2.00000e+1, 0.00000e+0, 5.00000e+0, 0.00000e+0, 3, 5, 
08/28/2024 14:30:02.698, 08/28/2024 14:30:02.645, 4.14505e+0, 0.00000e+0, 9.59895e+1, 0.00000e+0, 3.44673e+0, 0.00000e+0, 2.95343e+4, 0.00000e+0, 5.43943e+2, 0.00000e+0, 3.55163e+0, 0.00000e+0, 5.60497e+2, 0.00000e+0, 4.56963e+2, 0.00000e+0, 2.99183e+1, 0.00000e+0, 3.15068e+1, 0.00000e+0, 3.24203e+0, 0.00000e+0, 2.87820e+0, 0.00000e+0, 2.00000e+1, 0.00000e+0, 5.00000e+0, 0.00000e+0, 3, 5, 
08/28/2024 14:30:03.692, 08/28/2024 14:30:03.639, 4.14515e+0, 0.00000e+0, 9.60038e+1, 0.00000e+0, 3.45252e+0, 0.00000e+0, 2.93218e+4, 0.00000e+0, 5.44980e+2, 0.00000e+0, 3.55681e+0, 0.00000e+0, 5.61442e+2, 0.00000e+0, 4.56888e+2, 0.00000e+0, 2.99146e+1, 0.00000e+0, 3.15206e+1, 0.00000e+0, 3.24113e+0, 0.00000e+0, 2.87831e+0, 0.00000e+0, 2.00000e+1, 0.00000e+0, 5.00000e+0, 0.00000e+0, 3, 5, 
08/28/2024 14:30:04.706, 08/28/2024 14:30:04.633, 4.14548e+0, 0.00000e+0, 9.60537e+1, 0.00000e+0, 3.45888e+0, 0.00000e+0, 2.95491e+4, 0.00000e+0, 5.45009e+2, 0.00000e+0, 3.56419e+0, 0.00000e+0, 5.61604e+2, 0.00000e+0, 4.57013e+2, 0.00000e+0, 2.99166e+1, 0.00000e+0, 3.15261e+1, 0.00000e+0, 3.24204e+0, 0.00000e+0, 2.87947e+0, 0.00000e+0, 2.00000e+1, 0.00000e+0, 5.00000e+0, 0.00000e+0, 3, 6, 
08/28/2024 14:30:05.682, 08/28/2024 14:30:05.627, 4.14535e+0, 0.00000e+0, 9.60345e+1, 0.00000e+0, 3.47469e+0, 0.00000e+0, 2.93325e+4, 0.00000e+0, 5.45191e+2, 0.00000e+0, 3.57969e+0, 0.00000e+0, 5.61666e+2, 0.00000e+0, 4.57046e+2, 0.00000e+0, 2.99216e+1, 0.00000e+0, 3.15294e+1, 0.00000e+0, 3.24123e+0, 0.00000e+0, 2.87873e+0, 0.00000e+0, 2.00000e+1, 0.00000e+0, 5.00000e+0, 0.00000e+0, 3, 6, 
08/28/2024 14:30:06.677, 08/28/2024 14:30:06.623, 4.14484e+0, 0.00000e+0, 9.59577e+1, 0.00000e+0, 3.47996e+0, 0.00000e+0, 2.94337e+4, 0.00000e+0, 5.46790e+2, 0.00000e+0, 3.58549e+0, 0.00000e+0, 5.63373e+2, 0.00000e+0, 4.56845e+2, 0.00000e+0, 2.99347e+1, 0.00000e+0, 3.15254e+1, 0.00000e+0, 3.24163e+0, 0.00000e+0, 2.87925e+0, 0.00000e+0, 2.00000e+1, 0.00000e+0, 5.00000e+0, 0.00000e+0, 3, 6, 
08/28/2024 14:30:07.672, 08/28/2024 14:30:07.618, 4.14524e+0, 0.00000e+0, 9.60175e+1, 0.00000e+0, 3.48461e+0, 0.00000e+0, 2.95721e+4, 0.00000e+0, 5.46154e+2, 0.00000e+0, 3.59080e+0, 0.00000e+0, 5.62797e+2, 0.00000e+0, 4.56953e+2, 0.00000e+0, 2.99186e+1, 0.00000e+0, 3.15299e+1, 0.00000e+0, 3.24208e+0, 0.00000e+0, 2.87901e+0, 0.00000e+0, 2.00000e+1, 0.00000e+0, 5.00000e+0, 0.00000e+0, 3, 7, 
08/28/2024 14:30:08.667, 08/28/2024 14:30:08.611, 4.14502e+0, 0.00000e+0, 9.59852e+1, 0.00000e+0, 3.49028e+0, 0.00000e+0, 2.94642e+4, 0.00000e+0, 5.45742e+2, 0.00000e+0, 3.59624e+0, 0.00000e+0, 5.62310e+2, 0.00000e+0, 4.57025e+2, 0.00000e+0, 2.99249e+1, 0.00000e+0, 3.15306e+1, 0.00000e+0, 3.24117e+0, 0.00000e+0, 2.87974e+0, 0.00000e+0, 2.00000e+1, 0.00000e+0, 5.00000e+0, 0.00000e+0, 3, 7, 
08/28/2024 14:30:09.655, 08/28/2024 14:30:09.607, 4.14495e+0, 0.00000e+0, 9.59751e+1, 0.00000e+0, 3.49812e+0, 0.00000e+0, 2.91884e+4, 0.00000e+0, 5.47796e+2, 0.00000e+0, 3.60330e+0, 0.00000e+0, 5.64267e+2, 0.00000e+0, 4.57075e+2, 0.00000e+0, 2.99257e+1, 0.00000e+0, 3.15371e+1, 0.00000e+0, 3.24181e+0, 0.00000e+0, 2.87897e+0, 0.00000e+0, 2.00000e+1, 0.00000e+0, 5.00000e+0, 0.00000e+0, 3, 7, 
08/28/2024 14:30:10.652, 08/28/2024 14:30:10.601, 4.14500e+0, 0.00000e+0, 9.59821e+1, 0.00000e+0, 3.50599e+0, 0.00000e+0, 2.95123e+4, 0.00000e+0, 5.47877e+2, 0.00000e+0, 3.61261e+0, 0.00000e+0, 5.64538e+2, 0.00000e+0, 4.56891e+2, 0.00000e+0, 2.99315e+1, 0.00000e+0, 3.15430e+1, 0.00000e+0, 3.24181e+0, 0.00000e+0, 2.87910e+0, 0.00000e+0, 2.00000e+1, 0.00000e+0, 5.00000e+0, 0.00000e+0, 3, 8, 
08/28/2024 14:30:11.659, 08/28/2024 14:30:11.596, 4.14508e+0, 0.00000e+0, 9.59934e+1, 0.00000e+0, 3.51334e+0, 0.00000e+0, 2.95211e+4, 0.00000e+0, 5.48965e+2, 0.00000e+0, 3.62021e+0, 0.00000e+0, 5.65664e+2, 0.00000e+0, 4.57136e+2, 0.00000e+0, 2.99337e+1, 0.00000e+0, 3.15454e+1, 0.00000e+0, 3.24337e+0, 0.00000e+0, 2.87949e+0, 0.00000e+0, 2.00000e+1, 0.00000e+0, 5.00000e+0, 0.00000e+0, 3, 8, 
08/28/2024 14:30:12.641, 08/28/2024 14:30:12.589, 4.14502e+0, 0.00000e+0, 9.59854e+1, 0.00000e+0, 3.50608e+0, 0.00000e+0, 2.95518e+4, 0.00000e+0, 5.47812e+2, 0.00000e+0, 3.61284e+0, 0.00000e+0, 5.64494e+2, 0.00000e+0, 4.56922e+2, 0.00000e+0, 2.99353e+1, 0.00000e+0, 3.15505e+1, 0.00000e+0, 3.24265e+0, 0.00000e+0, 2.87905e+0, 0.00000e+0, 2.00000e+1, 0.00000e+0, 5.00000e+0, 0.00000e+0, 3, 8, 
08/28/2024 14:30:13.641, 08/28/2024 14:30:13.585, 4.14492e+0, 0.00000e+0, 9.59704e+1, 0.00000e+0, 3.52086e+0, 0.00000e+0, 2.95621e+4, 0.00000e+0, 5.49322e+2, 0.00000e+0, 3.62811e+0, 0.00000e+0, 5.66055e+2, 0.00000e+0, 4.56983e+2, 0.00000e+0, 2.99409e+1, 0.00000e+0, 3.15484e+1, 0.00000e+0, 3.24279e+0, 0.00000e+0, 2.87841e+0, 0.00000e+0, 2.00000e+1, 0.00000e+0, 5.00000e+0, 0.00000e+0, 3, 1, 
08/28/2024 14:30:14.639, 08/28/2024 14:30:14.585, 4.14541e+0, 0.00000e+0, 9.60428e+1, 0.00000e+0, 3.53640e+0, 0.00000e+0, 2.94225e+4, 0.00000e+0, 5.49694e+2, 0.00000e+0, 3.64361e+0, 0.00000e+0, 5.66357e+2, 0.00000e+0, 4.56981e+2, 0.00000e+0, 2.99345e+1, 0.00000e+0, 3.15523e+1, 0.00000e+0, 3.24249e+0, 0.00000e+0, 2.87923e+0, 0.00000e+0, 2.00000e+1, 0.00000e+0, 5.00000e+0, 0.00000e+0, 3, 1, 
08/28/2024 14:30:15.639, 08/28/2024 14:30:15.586, 4.14526e+0, 0.00000e+0, 9.60205e+1, 0.00000e+0, 3.53958e+0, 0.00000e+0, 2.95122e+4, 0.00000e+0, 5.49460e+2, 0.00000e+0, 3.64721e+0, 0.00000e+0, 5.66169e+2, 0.00000e+0, 4.57114e+2, 0.00000e+0, 2.99353e+1, 0.00000e+0, 3.15574e+1, 0.00000e+0, 3.24230e+0, 0.00000e+0, 2.87873e+0, 0.00000e+0, 2.00000e+1, 0.00000e+0, 5.00000e+0, 0.00000e+0, 3, 1, 
08/28/2024 14:30:16.636, 08/28/2024 14:30:16.582, 4.14552e+0, 0.00000e+0, 9.60600e+1, 0.00000e+0, 3.55337e+0, 0.00000e+0, 2.96032e+4, 0.00000e+0, 5.50472e+2, 0.00000e+0, 3.66177e+0, 0.00000e+0, 5.67265e+2, 0.00000e+0, 4.57146e+2, 0.00000e+0, 2.99411e+1, 0.00000e+0, 3.15670e+1, 0.00000e+0, 3.24225e+0, 0.00000e+0, 2.87868e+0, 0.00000e+0, 2.00000e+1, 0.00000e+0, 5.00000e+0, 0.00000e+0, 3, 2, 
08/28/2024 14:30:17.627, 08/28/2024 14:30:17.576, 4.14480e+0, 0.00000e+0, 9.59529e+1, 0.00000e+0, 3.55966e+0, 0.00000e+0, 2.95401e+4, 0.00000e+0, 5.51863e+2, 0.00000e+0, 3.66801e+0, 0.00000e+0, 5.68661e+2, 0.00000e+0, 4.56915e+2, 0.00000e+0, 2.99434e+1, 0.00000e+0, 3.15701e+1, 0.00000e+0, 3.24161e+0, 0.00000e+0, 2.87914e+0, 0.00000e+0, 2.00000e+1, 0.00000e+0, 5.00000e+0, 0.00000e+0, 3, 2, 
08/28/2024 14:30:18.622, 08/28/2024 14:30:18.570, 4.14508e+0, 0.00000e+0, 9.59939e+1, 0.00000e+0, 3.57254e+0, 0.00000e+0, 2.94895e+4, 0.00000e+0, 5.52745e+2, 0.00000e+0, 3.68109e+0, 0.00000e+0, 5.69540e+2, 0.00000e+0, 4.57064e+2, 0.00000e+0, 2.99446e+1, 0.00000e+0, 3.15761e+1, 0.00000e+0, 3.24162e+0, 0.00000e+0, 2.87868e+0, 0.00000e+0, 2.00000e+1, 0.00000e+0, 5.00000e+0, 0.00000e+0, 3, 2, 
08/28/2024 14:30:19.621, 08/28/2024 14:30:19.566, 4.14530e+0, 0.00000e+0, 9.60270e+1, 0.00000e+0, 3.58216e+0, 0.00000e+0, 2.95693e+4, 0.00000e+0, 5.52276e+2, 0.00000e+0, 3.69131e+0, 0.00000e+0, 5.69104e+2, 0.00000e+0, 4.56999e+2, 0.00000e+0, 2.99425e+1, 0.00000e+0, 3.15796e+1, 0.00000e+0, 3.24244e+0, 0.00000e+0, 2.87887e+0, 0.00000e+0, 2.00000e+1, 0.00000e+0, 5.00000e+0, 0.00000e+0, 3, 3, 
08/28/2024 14:30:20.625, 08/28/2024 14:30:20.559, 4.14531e+0, 0.00000e+0, 9.60278e+1, 0.00000e+0, 3.59482e+0, 0.00000e+0, 2.96278e+4, 0.00000e+0, 5.54122e+2, 0.00000e+0, 3.70458e+0, 0.00000e+0, 5.71040e+2, 0.00000e+0, 4.57161e+2, 0.00000e+0, 2.99430e+1, 0.00000e+0, 3.15812e+1, 0.00000e+0, 3.24148e+0, 0.00000e+0, 2.87883e+0, 0.00000e+0, 2.00000e+1, 0.00000e+0, 5.00000e+0, 0.00000e+0, 3, 3, 
08/28/2024 14:30:21.614, 08/28/2024 14:30:21.554, 4.14558e+0, 0.00000e+0, 9.60686e+1, 0.00000e+0, 3.59623e+0, 0.00000e+0, 2.94969e+4, 0.00000e+0, 5.53976e+2, 0.00000e+0, 3.70553e+0, 0.00000e+0, 5.70813e+2, 0.00000e+0, 4.56994e+2, 0.00000e+0, 2.99465e+1, 0.00000e+0, 3.15898e+1, 0.00000e+0, 3.24166e+0, 0.00000e+0, 2.87807e+0, 0.00000e+0, 2.00000e+1, 0.00000e+0, 5.00000e+0, 0.00000e+0, 3, 3, 
08/28/2024 14:30:22.597, 08/28/2024 14:30:22.549, 4.14539e+0, 0.00000e+0, 9.60395e+1, 0.00000e+0, 3.58925e+0, 0.00000e+0, 2.95543e+4, 0.00000e+0, 5.53683e+2, 0.00000e+0, 3.69856e+0, 0.00000e+0, 5.70545e+2, 0.00000e+0, 4.57047e+2, 0.00000e+0, 2.99471e+1, 0.00000e+0, 3.15950e+1, 0.00000e+0, 3.24218e+0, 0.00000e+0, 2.87916e+0, 0.00000e+0, 2.00000e+1, 0.00000e+0, 5.00000e+0, 0.00000e+0, 3, 4, 
08/28/2024 14:30:23.597, 08/28/2024 14:30:23.543, 4.14541e+0, 0.00000e+0, 9.60427e+1, 0.00000e+0, 3.60643e+0, 0.00000e+0, 2.95525e+4, 0.00000e+0, 5.55463e+2, 0.00000e+0, 3.71626e+0, 0.00000e+0, 5.72378e+2, 0.00000e+0, 4.56894e+2, 0.00000e+0, 2.99504e+1, 0.00000e+0, 3.15999e+1, 0.00000e+0, 3.24245e+0, 0.00000e+0, 2.87884e+0, 0.00000e+0, 2.00000e+1, 0.00000e+0, 5.00000e+0, 0.00000e+0, 3, 4, 
08/28/2024 14:30:24.588, 08/28/2024 14:30:24.537, 4.14534e+0, 0.00000e+0, 9.60332e+1, 0.00000e+0, 3.61111e+0, 0.00000e+0, 2.94761e+4, 0.00000e+0, 5.55386e+2, 0.00000e+0, 3.72078e+0, 0.00000e+0, 5.72254e+2, 0.00000e+0, 4.57066e+2, 0.00000e+0, 2.99578e+1, 0.00000e+0, 3.16102e+1, 0.00000e+0, 3.24282e+0, 0.00000e+0, 2.87828e+0, 0.00000e+0, 2.00000e+1, 0.00000e+0, 5.00000e+0, 0.00000e+0, 3, 4, 
08/28/2024 14:30:25.599, 08/28/2024 14:30:25.538, 4.14553e+0, 0.00000e+0, 9.60605e+1, 0.00000e+0, 3.61664e+0, 0.00000e+0, 2.96449e+4, 0.00000e+0, 5.56693e+2, 0.00000e+0, 3.72713e+0, 0.00000e+0, 5.73700e+2, 0.00000e+0, 4.57101e+2, 0.00000e+0, 2.99487e+1, 0.00000e+0, 3.16221e+1, 0.00000e+0, 3.24364e+0, 0.00000e+0, 2.87818e+0, 0.00000e+0, 2.00000e+1, 0.00000e+0, 5.00000e+0, 0.00000e+0, 3, 5, 
08/28/2024 14:30:26.588, 08/28/2024 14:30:26.534, 4.14579e+0, 0.00000e+0, 9.60997e+1, 0.00000e+0, 3.63103e+0, 0.00000e+0, 2.96337e+4, 0.00000e+0, 5.57594e+2, 0.00000e+0, 3.74191e+0, 0.00000e+0, 5.74622e+2, 0.00000e+0, 4.57254e+2, 0.00000e+0, 2.99536e+1, 0.00000e+0, 3.16285e+1, 0.00000e+0, 3.24286e+0, 0.00000e+0, 2.87822e+0, 0.00000e+0, 2.00000e+1, 0.00000e+0, 5.00000e+0, 0.00000e+0, 3, 5, 
08/28/2024 14:30:27.581, 08/28/2024 14:30:27.528, 4.14555e+0, 0.00000e+0, 9.60647e+1, 0.00000e+0, 3.62706e+0, 0.00000e+0, 2.96614e+4, 0.00000e+0, 5.56980e+2, 0.00000e+0, 3.73793e+0, 0.00000e+0, 5.74006e+2, 0.00000e+0, 4.57137e+2, 0.00000e+0, 2.99514e+1, 0.00000e+0, 3.16323e+1, 0.00000e+0, 3.24284e+0, 0.00000e+0, 2.87845e+0, 0.00000e+0, 2.00000e+1, 0.00000e+0, 5.00000e+0, 0.00000e+0, 3, 5, 
08/28/2024 14:30:28.578, 08/28/2024 14:30:28.523, 4.14557e+0, 0.00000e+0, 9.60666e+1, 0.00000e+0, 3.63589e+0, 0.00000e+0, 2.95440e+4, 0.00000e+0, 5.58070e+2, 0.00000e+0, 3.74658e+0, 0.00000e+0, 5.75060e+2, 0.00000e+0, 4.57158e+2, 0.00000e+0, 2.99549e+1, 0.00000e+0, 3.16356e+1, 0.00000e+0, 3.24291e+0, 0.00000e+0, 2.87772e+0, 0.00000e+0, 2.00000e+1, 0.00000e+0, 5.00000e+0, 0.00000e+0, 3, 6, 
08/28/2024 14:30:29.575, 08/28/2024 14:30:29.518, 4.14553e+0, 0.00000e+0, 9.60609e+1, 0.00000e+0, 3.64779e+0, 0.00000e+0, 2.93877e+4, 0.00000e+0, 5.59221e+2, 0.00000e+0, 3.75823e+0, 0.00000e+0, 5.76152e+2, 0.00000e+0, 4.57100e+2, 0.00000e+0, 2.99576e+1, 0.00000e+0, 3.16335e+1, 0.00000e+0, 3.24464e+0, 0.00000e+0, 2.87826e+0, 0.00000e+0, 2.00000e+1, 0.00000e+0, 5.00000e+0, 0.00000e+0, 3, 6, 
08/28/2024 14:30:30.567, 08/28/2024 14:30:30.512, 4.14563e+0, 0.00000e+0, 9.60764e+1, 0.00000e+0, 3.65343e+0, 0.00000e+0, 2.97769e+4, 0.00000e+0, 5.58728e+2, 0.00000e+0, 3.76555e+0, 0.00000e+0, 5.75875e+2, 0.00000e+0, 4.57282e+2, 0.00000e+0, 2.99643e+1, 0.00000e+0, 3.16359e+1, 0.00000e+0, 3.24384e+0, 0.00000e+0, 2.87878e+0, 0.00000e+0, 2.00000e+1, 0.00000e+0, 5.00000e+0, 0.00000e+0, 3, 6, 
08/28/2024 14:30:31.562, 08/28/2024 14:30:31.506, 4.14552e+0, 0.00000e+0, 9.60590e+1, 0.00000e+0, 3.66119e+0, 0.00000e+0, 2.96479e+4, 0.00000e+0, 5.57818e+2, 0.00000e+0, 3.77305e+0, 0.00000e+0, 5.74861e+2, 0.00000e+0, 4.57212e+2, 0.00000e+0, 2.99628e+1, 0.00000e+0, 3.16352e+1, 0.00000e+0, 3.24409e+0, 0.00000e+0, 2.87988e+0, 0.00000e+0, 2.00000e+1, 0.00000e+0, 5.00000e+0, 0.00000e+0, 3, 7, 
08/28/2024 14:30:32.553, 08/28/2024 14:30:32.500, 4.14531e+0, 0.00000e+0, 9.60290e+1, 0.00000e+0, 3.67069e+0, 0.00000e+0, 2.96022e+4, 0.00000e+0, 5.61971e+2, 0.00000e+0, 3.78266e+0, 0.00000e+0, 5.79114e+2, 0.00000e+0, 4.57016e+2, 0.00000e+0, 2.99750e+1, 0.00000e+0, 3.16362e+1, 0.00000e+0, 3.24398e+0, 0.00000e+0, 2.87850e+0, 0.00000e+0, 2.00000e+1, 0.00000e+0, 5.00000e+0, 0.00000e+0, 3, 7, 
08/28/2024 14:30:33.554, 08/28/2024 14:30:33.495, 4.14547e+0, 0.00000e+0, 9.60522e+1, 0.00000e+0, 3.67591e+0, 0.00000e+0, 2.97496e+4, 0.00000e+0, 5.59929e+2, 0.00000e+0, 3.78862e+0, 0.00000e+0, 5.77097e+2, 0.00000e+0, 4.57164e+2, 0.00000e+0, 2.99741e+1, 0.00000e+0, 3.16404e+1, 0.00000e+0, 3.24387e+0, 0.00000e+0, 2.87871e+0, 0.00000e+0, 2.00000e+1, 0.00000e+0, 5.00000e+0, 0.00000e+0, 3, 7, 
08/28/2024 14:30:34.546, 08/28/2024 14:30:34.490, 4.14559e+0, 0.00000e+0, 9.60703e+1, 0.00000e+0, 3.68214e+0, 0.00000e+0, 2.98164e+4, 0.00000e+0, 5.60657e+2, 0.00000e+0, 3.79530e+0, 0.00000e+0, 5.77887e+2, 0.00000e+0, 4.57104e+2, 0.00000e+0, 2.99794e+1, 0.00000e+0, 3.16455e+1, 0.00000e+0, 3.24394e+0, 0.00000e+0, 2.87964e+0, 0.00000e+0, 2.00000e+1, 0.00000e+0, 5.00000e+0, 0.00000e+0, 3, 8, 
08/28/2024 14:30:35.531, 08/28/2024 14:30:35.484, 4.14564e+0, 0.00000e+0, 9.60769e+1, 0.00000e+0, 3.69164e+0, 0.00000e+0, 2.95043e+4, 0.00000e+0, 5.61647e+2, 0.00000e+0, 3.80387e+0, 0.00000e+0, 5.78722e+2, 0.00000e+0, 4.56983e+2, 0.00000e+0, 2.99719e+1, 0.00000e+0, 3.16438e+1, 0.00000e+0, 3.24300e+0, 0.00000e+0, 2.88026e+0, 0.00000e+0, 2.00000e+1, 0.00000e+0, 5.00000e+0, 0.00000e+0, 3, 8, 
08/28/2024 14:30:36.535, 08/28/2024 14:30:36.479, 4.14556e+0, 0.00000e+0, 9.60648e+1, 0.00000e+0, 3.69131e+0, 0.00000e+0, 2.96453e+4, 0.00000e+0, 5.61797e+2, 0.00000e+0, 3.80408e+0, 0.00000e+0, 5.78960e+2, 0.00000e+0, 4.57165e+2, 0.00000e+0, 2.99730e+1, 0.00000e+0, 3.16460e+1, 0.00000e+0, 3.24301e+0, 0.00000e+0, 2.87919e+0, 0.00000e+0, 2.00000e+1, 0.00000e+0, 5.00000e+0, 0.00000e+0, 3, 8, 
08/28/2024 14:30:37.530, 08/28/2024 14:30:37.474, 4.14562e+0, 0.00000e+0, 9.60739e+1, 0.00000e+0, 3.70455e+0, 0.00000e+0, 2.97063e+4, 0.00000e+0, 5.61066e+2, 0.00000e+0, 3.81797e+0, 0.00000e+0, 5.78243e+2, 0.00000e+0, 4.57221e+2, 0.00000e+0, 2.99725e+1, 0.00000e+0, 3.16537e+1, 0.00000e+0, 3.24256e+0, 0.00000e+0, 2.87908e+0, 0.00000e+0, 2.00000e+1, 0.00000e+0, 5.00000e+0, 0.00000e+0, 3, 1, 
08/28/2024 14:30:38.538, 08/28/2024 14:30:38.467, 4.14568e+0, 0.00000e+0, 9.60833e+1, 0.00000e+0, 3.71704e+0, 0.00000e+0, 2.95156e+4, 0.00000e+0, 5.62535e+2, 0.00000e+0, 3.83008e+0, 0.00000e+0, 5.79644e+2, 0.00000e+0, 4.57237e+2, 0.00000e+0, 2.99720e+1, 0.00000e+0, 3.16574e+1, 0.00000e+0, 3.24358e+0, 0.00000e+0, 2.87919e+0, 0.00000e+0, 2.00000e+1, 0.00000e+0, 5.00000e+0, 0.00000e+0, 3, 1, 
08/28/2024 14:30:39.514, 08/28/2024 14:30:39.463, 4.14564e+0, 0.00000e+0, 9.60776e+1, 0.00000e+0, 3.72855e+0, 0.00000e+0, 2.94158e+4, 0.00000e+0, 5.63475e+2, 0.00000e+0, 3.84155e+0, 0.00000e+0, 5.80553e+2, 0.00000e+0, 4.57137e+2, 0.00000e+0, 2.99739e+1, 0.00000e+0, 3.16641e+1, 0.00000e+0, 3.24383e+0, 0.00000e+0, 2.87831e+0, 0.00000e+0, 2.00000e+1, 0.00000e+0, 5.00000e+0, 0.00000e+0, 3, 1, 
08/28/2024 14:30:40.516, 08/28/2024 14:30:40.458, 4.14555e+0, 0.00000e+0, 9.60645e+1, 0.00000e+0, 3.72660e+0, 0.00000e+0, 2.91731e+4, 0.00000e+0, 5.63274e+2, 0.00000e+0, 3.83858e+0, 0.00000e+0, 5.80200e+2, 0.00000e+0, 4.57252e+2, 0.00000e+0, 2.99766e+1, 0.00000e+0, 3.16649e+1, 0.00000e+0, 3.24337e+0, 0.00000e+0, 2.87844e+0, 0.00000e+0, 2.00000e+1, 0.00000e+0, 5.00000e+0, 0.00000e+0, 3, 2, 
08/28/2024 14:30:41.516, 08/28/2024 14:30:41.451, 4.14588e+0, 0.00000e+0, 9.61130e+1, 0.00000e+0, 3.73039e+0, 0.00000e+0, 2.94160e+4, 0.00000e+0, 5.63036e+2, 0.00000e+0, 3.84345e+0, 0.00000e+0, 5.80100e+2, 0.00000e+0, 4.57195e+2, 0.00000e+0, 2.99793e+1, 0.00000e+0, 3.16722e+1, 0.00000e+0, 3.24265e+0, 0.00000e+0, 2.87877e+0, 0.00000e+0, 2.00000e+1, 0.00000e+0, 5.00000e+0, 0.00000e+0, 3, 2, 
08/28/2024 14:30:42.499, 08/28/2024 14:30:42.446, 4.14564e+0, 0.00000e+0, 9.60773e+1, 0.00000e+0, 3.73646e+0, 0.00000e+0, 2.93437e+4, 0.00000e+0, 5.62288e+2, 0.00000e+0, 3.84941e+0, 0.00000e+0, 5.79287e+2, 0.00000e+0, 4.57255e+2, 0.00000e+0, 2.99817e+1, 0.00000e+0, 3.16777e+1, 0.00000e+0, 3.24309e+0, 0.00000e+0, 2.87851e+0, 0.00000e+0, 2.00000e+1, 0.00000e+0, 5.00000e+0, 0.00000e+0, 3, 2, 
08/28/2024 14:30:43.501, 08/28/2024 14:30:43.440, 4.14562e+0, 0.00000e+0, 9.60742e+1, 0.00000e+0, 3.74580e+0, 0.00000e+0, 2.92874e+4, 0.00000e+0, 5.64020e+2, 0.00000e+0, 3.85882e+0, 0.00000e+0, 5.81037e+2, 0.00000e+0, 4.57205e+2, 0.00000e+0, 2.99834e+1, 0.00000e+0, 3.16744e+1, 0.00000e+0, 3.24323e+0, 0.00000e+0, 2.87843e+0, 0.00000e+0, 2.00000e+1, 0.00000e+0, 5.00000e+0, 0.00000e+0, 3, 3, 
08/28/2024 14:30:44.492, 08/28/2024 14:30:44.436, 4.14523e+0, 0.00000e+0, 9.60161e+1, 0.00000e+0, 3.75131e+0, 0.00000e+0, 2.93982e+4, 0.00000e+0, 5.64310e+2, 0.00000e+0, 3.86493e+0, 0.00000e+0, 5.81403e+2, 0.00000e+0, 4.57217e+2, 0.00000e+0, 2.99798e+1, 0.00000e+0, 3.16779e+1, 0.00000e+0, 3.24362e+0, 0.00000e+0, 2.87995e+0, 0.00000e+0, 2.00000e+1, 0.00000e+0, 5.00000e+0, 0.00000e+0, 3, 3, 
08/28/2024 14:30:45.486, 08/28/2024 14:30:45.430, 4.14577e+0, 0.00000e+0, 9.60972e+1, 0.00000e+0, 3.75740e+0, 0.00000e+0, 2.92120e+4, 0.00000e+0, 5.64555e+2, 0.00000e+0, 3.87046e+0, 0.00000e+0, 5.81543e+2, 0.00000e+0, 4.57224e+2, 0.00000e+0, 2.99825e+1, 0.00000e+0, 3.16807e+1, 0.00000e+0, 3.24302e+0, 0.00000e+0, 2.87930e+0, 0.00000e+0, 2.00000e+1, 0.00000e+0, 5.00000e+0, 0.00000e+0, 3, 3, 
08/28/2024 14:30:46.472, 08/28/2024 14:30:46.424, 4.14536e+0, 0.00000e+0, 9.60354e+1, 0.00000e+0, 3.75977e+0, 0.00000e+0, 2.90005e+4, 0.00000e+0, 5.64320e+2, 0.00000e+0, 3.87206e+0, 0.00000e+0, 5.81174e+2, 0.00000e+0, 4.57342e+2, 0.00000e+0, 2.99837e+1, 0.00000e+0, 3.16862e+1, 0.00000e+0, 3.24312e+0, 0.00000e+0, 2.87890e+0, 0.00000e+0, 2.00000e+1, 0.00000e+0, 5.00000e+0, 0.00000e+0, 3, 4, 
08/28/2024 14:30:47.484, 08/28/2024 14:30:47.418, 4.14581e+0, 0.00000e+0, 9.61022e+1, 0.00000e+0, 3.77475e+0, 0.00000e+0, 2.92432e+4, 0.00000e+0, 5.65848e+2, 0.00000e+0, 3.88846e+0, 0.00000e+0, 5.82894e+2, 0.00000e+0, 4.57295e+2, 0.00000e+0, 2.99896e+1, 0.00000e+0, 3.16903e+1, 0.00000e+0, 3.24207e+0, 0.00000e+0, 2.87860e+0, 0.00000e+0, 2.00000e+1, 0.00000e+0, 5.00000e+0, 0.00000e+0, 3, 4, 
08/28/2024 14:30:48.465, 08/28/2024 14:30:48.414, 4.14540e+0, 0.00000e+0, 9.60412e+1, 0.00000e+0, 3.78192e+0, 0.00000e+0, 2.91294e+4, 0.00000e+0, 5.66855e+2, 0.00000e+0, 3.89539e+0, 0.00000e+0, 5.83862e+2, 0.00000e+0, 4.57203e+2, 0.00000e+0, 2.99900e+1, 0.00000e+0, 3.16980e+1, 0.00000e+0, 3.24369e+0, 0.00000e+0, 2.87849e+0, 0.00000e+0, 2.00000e+1, 0.00000e+0, 5.00000e+0, 0.00000e+0, 3, 4, 
08/28/2024 14:30:49.461, 08/28/2024 14:30:49.407, 4.14550e+0, 0.00000e+0, 9.60560e+1, 0.00000e+0, 3.78509e+0, 0.00000e+0, 2.91794e+4, 0.00000e+0, 5.67240e+2, 0.00000e+0, 3.89886e+0, 0.00000e+0, 5.84289e+2, 0.00000e+0, 4.57094e+2, 0.00000e+0, 2.99927e+1, 0.00000e+0, 3.17079e+1, 0.00000e+0, 3.24278e+0, 0.00000e+0, 2.87765e+0, 0.00000e+0, 2.00000e+1, 0.00000e+0, 5.00000e+0, 0.00000e+0, 3, 5, 
08/28/2024 14:30:50.458, 08/28/2024 14:30:50.403, 4.14596e+0, 0.00000e+0, 9.61257e+1, 0.00000e+0, 3.79202e+0, 0.00000e+0, 2.92298e+4, 0.00000e+0, 5.68114e+2, 0.00000e+0, 3.90620e+0, 0.00000e+0, 5.85220e+2, 0.00000e+0, 4.57273e+2, 0.00000e+0, 2.99963e+1, 0.00000e+0, 3.17088e+1, 0.00000e+0, 3.24252e+0, 0.00000e+0, 2.87856e+0, 0.00000e+0, 2.00000e+1, 0.00000e+0, 5.00000e+0, 0.00000e+0, 3, 5, 
08/28/2024 14:30:51.450, 08/28/2024 14:30:51.397, 4.14556e+0, 0.00000e+0, 9.60660e+1, 0.00000e+0, 3.80544e+0, 0.00000e+0, 2.92633e+4, 0.00000e+0, 5.69495e+2, 0.00000e+0, 3.92016e+0, 0.00000e+0, 5.86663e+2, 0.00000e+0, 4.57215e+2, 0.00000e+0, 2.99980e+1, 0.00000e+0, 3.17126e+1, 0.00000e+0, 3.24346e+0, 0.00000e+0, 2.87823e+0, 0.00000e+0, 2.00000e+1, 0.00000e+0, 5.00000e+0, 0.00000e+0, 3, 5, 
08/28/2024 14:30:52.443, 08/28/2024 14:30:52.391, 4.14567e+0, 0.00000e+0, 9.60816e+1, 0.00000e+0, 3.82027e+0, 0.00000e+0, 2.90979e+4, 0.00000e+0, 5.70195e+2, 0.00000e+0, 3.93476e+0, 0.00000e+0, 5.87283e+2, 0.00000e+0, 4.57278e+2, 0.00000e+0, 2.99997e+1, 0.00000e+0, 3.17170e+1, 0.00000e+0, 3.24334e+0, 0.00000e+0, 2.87892e+0, 0.00000e+0, 2.00000e+1, 0.00000e+0, 5.00000e+0, 0.00000e+0, 3, 6, 
08/28/2024 14:30:53.434, 08/28/2024 14:30:53.385, 4.14560e+0, 0.00000e+0, 9.60711e+1, 0.00000e+0, 3.82283e+0, 0.00000e+0, 2.92053e+4, 0.00000e+0, 5.70268e+2, 0.00000e+0, 3.93783e+0, 0.00000e+0, 5.87423e+2, 0.00000e+0, 4.57302e+2, 0.00000e+0, 3.00025e+1, 0.00000e+0, 3.17203e+1, 0.00000e+0, 3.24234e+0, 0.00000e+0, 2.87846e+0, 0.00000e+0, 2.00000e+1, 0.00000e+0, 5.00000e+0, 0.00000e+0, 3, 6, 
08/28/2024 14:30:54.436, 08/28/2024 14:30:54.381, 4.14527e+0, 0.00000e+0, 9.60223e+1, 0.00000e+0, 3.82026e+0, 0.00000e+0, 2.92441e+4, 0.00000e+0, 5.70522e+2, 0.00000e+0, 3.93535e+0, 0.00000e+0, 5.87709e+2, 0.00000e+0, 4.57336e+2, 0.00000e+0, 3.00041e+1, 0.00000e+0, 3.17277e+1, 0.00000e+0, 3.24302e+0, 0.00000e+0, 2.87875e+0, 0.00000e+0, 2.00000e+1, 0.00000e+0, 5.00000e+0, 0.00000e+0, 3, 6, 
08/28/2024 14:30:55.431, 08/28/2024 14:30:55.376, 4.14563e+0, 0.00000e+0, 9.60755e+1, 0.00000e+0, 3.81633e+0, 0.00000e+0, 2.92004e+4, 0.00000e+0, 5.69862e+2, 0.00000e+0, 3.93112e+0, 0.00000e+0, 5.87003e+2, 0.00000e+0, 4.57370e+2, 0.00000e+0, 3.00067e+1, 0.00000e+0, 3.17293e+1, 0.00000e+0, 3.24365e+0, 0.00000e+0, 2.87961e+0, 0.00000e+0, 2.00000e+1, 0.00000e+0, 5.00000e+0, 0.00000e+0, 3, 7, 
08/28/2024 14:30:56.427, 08/28/2024 14:30:56.369, 4.14517e+0, 0.00000e+0, 9.60076e+1, 0.00000e+0, 3.79194e+0, 0.00000e+0, 2.92257e+4, 0.00000e+0, 5.67758e+2, 0.00000e+0, 3.90610e+0, 0.00000e+0, 5.84851e+2, 0.00000e+0, 4.57278e+2, 0.00000e+0, 3.00087e+1, 0.00000e+0, 3.17342e+1, 0.00000e+0, 3.24413e+0, 0.00000e+0, 2.87897e+0, 0.00000e+0, 2.00000e+1, 0.00000e+0, 5.00000e+0, 0.00000e+0, 3, 7, 
08/28/2024 14:30:57.414, 08/28/2024 14:30:57.365, 4.14555e+0, 0.00000e+0, 9.60642e+1, 0.00000e+0, 3.78630e+0, 0.00000e+0, 2.91434e+4, 0.00000e+0, 5.67810e+2, 0.00000e+0, 3.89995e+0, 0.00000e+0, 5.84855e+2, 0.00000e+0, 4.57336e+2, 0.00000e+0, 3.00106e+1, 0.00000e+0, 3.17304e+1, 0.00000e+0, 3.24249e+0, 0.00000e+0, 2.87996e+0, 0.00000e+0, 2.00000e+1, 0.00000e+0, 5.00000e+0, 0.00000e+0, 3, 7, 
08/28/2024 14:30:58.416, 08/28/2024 14:30:58.359, 4.14572e+0, 0.00000e+0, 9.60892e+1, 0.00000e+0, 3.76442e+0, 0.00000e+0, 2.94702e+4, 0.00000e+0, 5.65980e+2, 0.00000e+0, 3.87873e+0, 0.00000e+0, 5.83166e+2, 0.00000e+0, 4.57222e+2, 0.00000e+0, 3.00119e+1, 0.00000e+0, 3.17305e+1, 0.00000e+0, 3.24377e+0, 0.00000e+0, 2.87910e+0, 0.00000e+0, 2.00000e+1, 0.00000e+0, 5.00000e+0, 0.00000e+0, 3, 8, 
08/28/2024 14:30:59.404, 08/28/2024 14:30:59.354, 4.14559e+0, 0.00000e+0, 9.60699e+1, 0.00000e+0, 3.69613e+0, 0.00000e+0, 2.96469e+4, 0.00000e+0, 5.58857e+2, 0.00000e+0, 3.80906e+0, 0.00000e+0, 5.75932e+2, 0.00000e+0, 4.57221e+2, 0.00000e+0, 3.00133e+1, 0.00000e+0, 3.17335e+1, 0.00000e+0, 3.24320e+0, 0.00000e+0, 2.87973e+0, 0.00000e+0, 2.00000e+1, 0.00000e+0, 5.00000e+0, 0.00000e+0, 3, 8, 
08/28/2024 14:31:00.397, 08/28/2024 14:31:00.348, 4.14537e+0, 0.00000e+0, 9.60366e+1, 0.00000e+0, 2.58655e+0, 0.00000e+0, 2.98824e+4, 0.00000e+0, 4.62376e+2, 0.00000e+0, 2.66622e+0, 0.00000e+0, 4.76618e+2, 0.00000e+0, 4.57115e+2, 0.00000e+0, 3.00153e+1, 0.00000e+0, 3.17432e+1, 0.00000e+0, 3.24173e+0, 0.00000e+0, 2.87914e+0, 0.00000e+0, 2.00000e+1, 0.00000e+0, 5.00000e+0, 0.00000e+0, 3, 8, 
08/28/2024 14:31:01.396, 08/28/2024 14:31:01.343, 4.14540e+0, 0.00000e+0, 9.60413e+1, 0.00000e+0, 2.03914e+0, 0.00000e+0, 2.92729e+4, 0.00000e+0, 4.13152e+2, 0.00000e+0, 2.10063e+0, 0.00000e+0, 4.25611e+2, 0.00000e+0, 4.57312e+2, 0.00000e+0, 3.00137e+1, 0.00000e+0, 3.17469e+1, 0.00000e+0, 3.24056e+0, 0.00000e+0, 2.87989e+0, 0.00000e+0, 2.00000e+1, 0.00000e+0, 5.00000e+0, 0.00000e+0, 3, 1, 
08/28/2024 14:31:02.392, 08/28/2024 14:31:02.338, 4.14575e+0, 0.00000e+0, 9.60942e+1, 0.00000e+0, 2.03239e+0, 0.00000e+0, 2.92284e+4, 0.00000e+0, 4.07757e+2, 0.00000e+0, 2.09358e+0, 0.00000e+0, 4.20034e+2, 0.00000e+0, 4.57161e+2, 0.00000e+0, 3.00166e+1, 0.00000e+0, 3.17478e+1, 0.00000e+0, 3.24187e+0, 0.00000e+0, 2.88014e+0, 0.00000e+0, 2.00000e+1, 0.00000e+0, 5.00000e+0, 0.00000e+0, 3, 1, 
08/28/2024 14:31:03.383, 08/28/2024 14:31:03.332, 4.14592e+0, 0.00000e+0, 9.61197e+1, 0.00000e+0, 1.99493e+0, 0.00000e+0, 2.92512e+4, 0.00000e+0, 4.07792e+2, 0.00000e+0, 2.05504e+0, 0.00000e+0, 4.20080e+2, 0.00000e+0, 4.57445e+2, 0.00000e+0, 3.00197e+1, 0.00000e+0, 3.17555e+1, 0.00000e+0, 3.24143e+0, 0.00000e+0, 2.88026e+0, 0.00000e+0, 2.00000e+1, 0.00000e+0, 5.00000e+0, 0.00000e+0, 3, 1, 
08/28/2024 14:31:04.378, 08/28/2024 14:31:04.327, 4.14595e+0, 0.00000e+0, 9.61229e+1, 0.00000e+0, 1.99372e+0, 0.00000e+0, 2.93126e+4, 0.00000e+0, 4.05084e+2, 0.00000e+0, 2.05392e+0, 0.00000e+0, 4.17317e+2, 0.00000e+0, 4.57352e+2, 0.00000e+0, 3.00256e+1, 0.00000e+0, 3.17599e+1, 0.00000e+0, 3.24070e+0, 0.00000e+0, 2.88003e+0, 0.00000e+0, 2.00000e+1, 0.00000e+0, 5.00000e+0, 0.00000e+0, 3, 2, 
08/28/2024 14:31:05.374, 08/28/2024 14:31:05.321, 4.14533e+0, 0.00000e+0, 9.60318e+1, 0.00000e+0, 2.02672e+0, 0.00000e+0, 2.90903e+4, 0.00000e+0, 4.04650e+2, 0.00000e+0, 2.08745e+0, 0.00000e+0, 4.16774e+2, 0.00000e+0, 4.57096e+2, 0.00000e+0, 3.00267e+1, 0.00000e+0, 3.17588e+1, 0.00000e+0, 3.24096e+0, 0.00000e+0, 2.88145e+0, 0.00000e+0, 2.00000e+1, 0.00000e+0, 5.00000e+0, 0.00000e+0, 3, 2, 
08/28/2024 14:31:06.369, 08/28/2024 14:31:06.315, 4.14530e+0, 0.00000e+0, 9.60273e+1, 0.00000e+0, 2.06955e+0, 0.00000e+0, 2.91884e+4, 0.00000e+0, 4.05331e+2, 0.00000e+0, 2.13177e+0, 0.00000e+0, 4.17517e+2, 0.00000e+0, 4.57293e+2, 0.00000e+0, 3.00296e+1, 0.00000e+0, 3.17677e+1, 0.00000e+0, 3.24224e+0, 0.00000e+0, 2.88086e+0, 0.00000e+0, 2.00000e+1, 0.00000e+0, 5.00000e+0, 0.00000e+0, 3, 2, 
08/28/2024 14:31:07.366, 08/28/2024 14:31:07.309, 4.14564e+0, 0.00000e+0, 9.60778e+1, 0.00000e+0, 2.07705e+0, 0.00000e+0, 2.93474e+4, 0.00000e+0, 4.05782e+2, 0.00000e+0, 2.13985e+0, 0.00000e+0, 4.18051e+2, 0.00000e+0, 4.57059e+2, 0.00000e+0, 3.00326e+1, 0.00000e+0, 3.17701e+1, 0.00000e+0, 3.24230e+0, 0.00000e+0, 2.88017e+0, 0.00000e+0, 2.00000e+1, 0.00000e+0, 5.00000e+0, 0.00000e+0, 3, 3, 
08/28/2024 14:31:08.357, 08/28/2024 14:31:08.304, 4.14538e+0, 0.00000e+0, 9.60383e+1, 0.00000e+0, 2.06397e+0, 0.00000e+0, 2.94882e+4, 0.00000e+0, 4.05017e+2, 0.00000e+0, 2.12668e+0, 0.00000e+0, 4.17323e+2, 0.00000e+0, 4.56932e+2, 0.00000e+0, 3.00449e+1, 0.00000e+0, 3.17746e+1, 0.00000e+0, 3.24163e+0, 0.00000e+0, 2.88067e+0, 0.00000e+0, 2.00000e+1, 0.00000e+0, 5.00000e+0, 0.00000e+0, 3, 3, 
08/28/2024 14:31:09.353, 08/28/2024 14:31:09.299, 4.14524e+0, 0.00000e+0, 9.60182e+1, 0.00000e+0, 2.06451e+0, 0.00000e+0, 2.98443e+4, 0.00000e+0, 4.04453e+2, 0.00000e+0, 2.12802e+0, 0.00000e+0, 4.16895e+2, 0.00000e+0, 4.56926e+2, 0.00000e+0, 3.00467e+1, 0.00000e+0, 3.17780e+1, 0.00000e+0, 3.24190e+0, 0.00000e+0, 2.88115e+0, 0.00000e+0, 2.00000e+1, 0.00000e+0, 5.00000e+0, 0.00000e+0, 3, 3, 
08/28/2024 14:31:10.348, 08/28/2024 14:31:10.294, 4.14527e+0, 0.00000e+0, 9.60230e+1, 0.00000e+0, 2.15285e+0, 0.00000e+0, 2.96229e+4, 0.00000e+0, 4.08617e+2, 0.00000e+0, 2.21857e+0, 0.00000e+0, 4.21091e+2, 0.00000e+0, 4.57055e+2, 0.00000e+0, 3.00359e+1, 0.00000e+0, 3.17880e+1, 0.00000e+0, 3.24049e+0, 0.00000e+0, 2.88081e+0, 0.00000e+0, 2.00000e+1, 0.00000e+0, 5.00000e+0, 0.00000e+0, 3, 4, 
08/28/2024 14:31:11.338, 08/28/2024 14:31:11.289, 4.14527e+0, 0.00000e+0, 9.60220e+1, 0.00000e+0, 2.25380e+0, 0.00000e+0, 2.92020e+4, 0.00000e+0, 4.10162e+2, 0.00000e+0, 2.32160e+0, 0.00000e+0, 4.22500e+2, 0.00000e+0, 4.57103e+2, 0.00000e+0, 3.00379e+1, 0.00000e+0, 3.17934e+1, 0.00000e+0, 3.24046e+0, 0.00000e+0, 2.88013e+0, 0.00000e+0, 2.00000e+1, 0.00000e+0, 5.00000e+0, 0.00000e+0, 3, 4, 
08/28/2024 14:31:12.340, 08/28/2024 14:31:12.282, 4.14515e+0, 0.00000e+0, 9.60049e+1, 0.00000e+0, 2.29693e+0, 0.00000e+0, 2.88834e+4, 0.00000e+0, 4.13192e+2, 0.00000e+0, 2.36525e+0, 0.00000e+0, 4.25481e+2, 0.00000e+0, 4.57170e+2, 0.00000e+0, 3.00431e+1, 0.00000e+0, 3.17949e+1, 0.00000e+0, 3.24030e+0, 0.00000e+0, 2.88030e+0, 0.00000e+0, 2.00000e+1, 0.00000e+0, 5.00000e+0, 0.00000e+0, 3, 4, 
08/28/2024 14:31:13.331, 08/28/2024 14:31:13.278, 4.14511e+0, 0.00000e+0, 9.59978e+1, 0.00000e+0, 2.32617e+0, 0.00000e+0, 2.86766e+4, 0.00000e+0, 4.14614e+2, 0.00000e+0, 2.39484e+0, 0.00000e+0, 4.26854e+2, 0.00000e+0, 4.57140e+2, 0.00000e+0, 3.00563e+1, 0.00000e+0, 3.17953e+1, 0.00000e+0, 3.24040e+0, 0.00000e+0, 2.88091e+0, 0.00000e+0, 2.00000e+1, 0.00000e+0, 5.00000e+0, 0.00000e+0, 3, 5, 
08/28/2024 14:31:14.323, 08/28/2024 14:31:14.271, 4.14479e+0, 0.00000e+0, 9.59516e+1, 0.00000e+0, 2.35829e+0, 0.00000e+0, 2.88000e+4, 0.00000e+0, 4.14294e+2, 0.00000e+0, 2.42822e+0, 0.00000e+0, 4.26580e+2, 0.00000e+0, 4.56944e+2, 0.00000e+0, 3.00949e+1, 0.00000e+0, 3.17952e+1, 0.00000e+0, 3.24016e+0, 0.00000e+0, 2.88011e+0, 0.00000e+0, 2.00000e+1, 0.00000e+0, 5.00000e+0, 0.00000e+0, 3, 5, 
08/28/2024 14:31:15.348, 08/28/2024 14:31:15.266, 4.14538e+0, 0.00000e+0, 9.60392e+1, 0.00000e+0, 2.38325e+0, 0.00000e+0, 2.86689e+4, 0.00000e+0, 4.16434e+2, 0.00000e+0, 2.45359e+0, 0.00000e+0, 4.28725e+2, 0.00000e+0, 4.57236e+2, 0.00000e+0, 3.00494e+1, 0.00000e+0, 3.18043e+1, 0.00000e+0, 3.24108e+0, 0.00000e+0, 2.88081e+0, 0.00000e+0, 2.00000e+1, 0.00000e+0, 5.00000e+0, 0.00000e+0, 3, 5, 
08/28/2024 14:31:16.312, 08/28/2024 14:31:16.260, 4.14572e+0, 0.00000e+0, 9.60894e+1, 0.00000e+0, 2.41871e+0, 0.00000e+0, 2.84045e+4, 0.00000e+0, 4.17003e+2, 0.00000e+0, 2.48942e+0, 0.00000e+0, 4.29194e+2, 0.00000e+0, 4.57125e+2, 0.00000e+0, 3.00513e+1, 0.00000e+0, 3.18064e+1, 0.00000e+0, 3.24084e+0, 0.00000e+0, 2.87909e+0, 0.00000e+0, 2.00000e+1, 0.00000e+0, 5.00000e+0, 0.00000e+0, 3, 6, 
08/28/2024 14:31:17.308, 08/28/2024 14:31:17.255, 4.14549e+0, 0.00000e+0, 9.60555e+1, 0.00000e+0, 2.45088e+0, 0.00000e+0, 2.86312e+4, 0.00000e+0, 4.17095e+2, 0.00000e+0, 2.52312e+0, 0.00000e+0, 4.29389e+2, 0.00000e+0, 4.57166e+2, 0.00000e+0, 3.00485e+1, 0.00000e+0, 3.18088e+1, 0.00000e+0, 3.24137e+0, 0.00000e+0, 2.87999e+0, 0.00000e+0, 2.00000e+1, 0.00000e+0, 5.00000e+0, 0.00000e+0, 3, 6, 
08/28/2024 14:31:18.297, 08/28/2024 14:31:18.249, 4.14568e+0, 0.00000e+0, 9.60839e+1, 0.00000e+0, 2.47721e+0, 0.00000e+0, 2.84002e+4, 0.00000e+0, 4.17459e+2, 0.00000e+0, 2.54962e+0, 0.00000e+0, 4.29661e+2, 0.00000e+0, 4.57228e+2, 0.00000e+0, 3.00501e+1, 0.00000e+0, 3.18202e+1, 0.00000e+0, 3.24174e+0, 0.00000e+0, 2.88000e+0, 0.00000e+0, 2.00000e+1, 0.00000e+0, 5.00000e+0, 0.00000e+0, 3, 6, 
08/28/2024 14:31:19.301, 08/28/2024 14:31:19.245, 4.14566e+0, 0.00000e+0, 9.60804e+1, 0.00000e+0, 2.51139e+0, 0.00000e+0, 2.83447e+4, 0.00000e+0, 4.19571e+2, 0.00000e+0, 2.58465e+0, 0.00000e+0, 4.31811e+2, 0.00000e+0, 4.57404e+2, 0.00000e+0, 3.00539e+1, 0.00000e+0, 3.18226e+1, 0.00000e+0, 3.24235e+0, 0.00000e+0, 2.88053e+0, 0.00000e+0, 2.00000e+1, 0.00000e+0, 5.00000e+0, 0.00000e+0, 3, 7, 
08/28/2024 14:31:20.294, 08/28/2024 14:31:20.238, 4.14550e+0, 0.00000e+0, 9.60569e+1, 0.00000e+0, 2.54271e+0, 0.00000e+0, 2.83226e+4, 0.00000e+0, 4.20809e+2, 0.00000e+0, 2.61683e+0, 0.00000e+0, 4.33075e+2, 0.00000e+0, 4.57178e+2, 0.00000e+0, 3.00590e+1, 0.00000e+0, 3.18320e+1, 0.00000e+0, 3.24208e+0, 0.00000e+0, 2.88022e+0, 0.00000e+0, 2.00000e+1, 0.00000e+0, 5.00000e+0, 0.00000e+0, 3, 7, 
08/28/2024 14:31:21.291, 08/28/2024 14:31:21.233, 4.14556e+0, 0.00000e+0, 9.60662e+1, 0.00000e+0, 2.57198e+0, 0.00000e+0, 2.82153e+4, 0.00000e+0, 4.21286e+2, 0.00000e+0, 2.64665e+0, 0.00000e+0, 4.33518e+2, 0.00000e+0, 4.57237e+2, 0.00000e+0, 3.00587e+1, 0.00000e+0, 3.18298e+1, 0.00000e+0, 3.24262e+0, 0.00000e+0, 2.88067e+0, 0.00000e+0, 2.00000e+1, 0.00000e+0, 5.00000e+0, 0.00000e+0, 3, 7, 
08/28/2024 14:31:22.277, 08/28/2024 14:31:22.229, 4.14530e+0, 0.00000e+0, 9.60269e+1, 0.00000e+0, 2.61309e+0, 0.00000e+0, 2.81988e+4, 0.00000e+0, 4.22239e+2, 0.00000e+0, 2.68892e+0, 0.00000e+0, 4.34492e+2, 0.00000e+0, 4.57104e+2, 0.00000e+0, 3.00620e+1, 0.00000e+0, 3.18329e+1, 0.00000e+0, 3.24095e+0, 0.00000e+0, 2.87928e+0, 0.00000e+0, 2.00000e+1, 0.00000e+0, 5.00000e+0, 0.00000e+0, 3, 8, 
08/28/2024 14:31:23.283, 08/28/2024 14:31:23.222, 4.14548e+0, 0.00000e+0, 9.60541e+1, 0.00000e+0, 2.63916e+0, 0.00000e+0, 2.82165e+4, 0.00000e+0, 4.23952e+2, 0.00000e+0, 2.71579e+0, 0.00000e+0, 4.36262e+2, 0.00000e+0, 4.56993e+2, 0.00000e+0, 3.00633e+1, 0.00000e+0, 3.18357e+1, 0.00000e+0, 3.24164e+0, 0.00000e+0, 2.87885e+0, 0.00000e+0, 2.00000e+1, 0.00000e+0, 5.00000e+0, 0.00000e+0, 3, 8, 
08/28/2024 14:31:24.271, 08/28/2024 14:31:24.217, 4.14567e+0, 0.00000e+0, 9.60815e+1, 0.00000e+0, 2.67662e+0, 0.00000e+0, 2.84254e+4, 0.00000e+0, 4.24362e+2, 0.00000e+0, 2.75493e+0, 0.00000e+0, 4.36778e+2, 0.00000e+0, 4.57351e+2, 0.00000e+0, 3.00674e+1, 0.00000e+0, 3.18491e+1, 0.00000e+0, 3.24107e+0, 0.00000e+0, 2.87871e+0, 0.00000e+0, 2.00000e+1, 0.00000e+0, 5.00000e+0, 0.00000e+0, 3, 8, 
08/28/2024 14:31:25.262, 08/28/2024 14:31:25.211, 4.14562e+0, 0.00000e+0, 9.60743e+1, 0.00000e+0, 2.26389e+0, 0.00000e+0, 2.84299e+4, 0.00000e+0, 4.15553e+2, 0.00000e+0, 2.33014e+0, 0.00000e+0, 4.27713e+2, 0.00000e+0, 4.57238e+2, 0.00000e+0, 3.00737e+1, 0.00000e+0, 3.18516e+1, 0.00000e+0, 3.24091e+0, 0.00000e+0, 2.87936e+0, 0.00000e+0, 2.00000e+1, 0.00000e+0, 5.00000e+0, 0.00000e+0, 3, 1, 
08/28/2024 14:31:26.257, 08/28/2024 14:31:26.205, 4.14546e+0, 0.00000e+0, 9.60511e+1, 0.00000e+0, 2.02959e+0, 0.00000e+0, 2.84028e+4, 0.00000e+0, 4.09382e+2, 0.00000e+0, 2.08892e+0, 0.00000e+0, 4.21350e+2, 0.00000e+0, 4.57294e+2, 0.00000e+0, 3.00775e+1, 0.00000e+0, 3.18480e+1, 0.00000e+0, 3.24047e+0, 0.00000e+0, 2.87946e+0, 0.00000e+0, 2.00000e+1, 0.00000e+0, 5.00000e+0, 0.00000e+0, 3, 1, 
08/28/2024 14:31:27.253, 08/28/2024 14:31:27.201, 4.14562e+0, 0.00000e+0, 9.60738e+1, 0.00000e+0, 2.01667e+0, 0.00000e+0, 2.83620e+4, 0.00000e+0, 4.10302e+2, 0.00000e+0, 2.07554e+0, 0.00000e+0, 4.22278e+2, 0.00000e+0, 4.57194e+2, 0.00000e+0, 3.00683e+1, 0.00000e+0, 3.18472e+1, 0.00000e+0, 3.23951e+0, 0.00000e+0, 2.87752e+0, 0.00000e+0, 2.00000e+1, 0.00000e+0, 5.00000e+0, 0.00000e+0, 3, 1, 
08/28/2024 14:31:28.251, 08/28/2024 14:31:28.195, 4.14523e+0, 0.00000e+0, 9.60166e+1, 0.00000e+0, 1.99727e+0, 0.00000e+0, 2.82279e+4, 0.00000e+0, 4.07885e+2, 0.00000e+0, 2.05529e+0, 0.00000e+0, 4.19734e+2, 0.00000e+0, 4.57238e+2, 0.00000e+0, 3.00715e+1, 0.00000e+0, 3.18470e+1, 0.00000e+0, 3.24176e+0, 0.00000e+0, 2.87931e+0, 0.00000e+0, 2.00000e+1, 0.00000e+0, 5.00000e+0, 0.00000e+0, 3, 2, 
08/28/2024 14:31:29.239, 08/28/2024 14:31:29.190, 4.14541e+0, 0.00000e+0, 9.60437e+1, 0.00000e+0, 1.98345e+0, 0.00000e+0, 2.80152e+4, 0.00000e+0, 4.03688e+2, 0.00000e+0, 2.04061e+0, 0.00000e+0, 4.15324e+2, 0.00000e+0, 4.57167e+2, 0.00000e+0, 3.00777e+1, 0.00000e+0, 3.18532e+1, 0.00000e+0, 3.24010e+0, 0.00000e+0, 2.87892e+0, 0.00000e+0, 2.00000e+1, 0.00000e+0, 5.00000e+0, 0.00000e+0, 3, 2, 
08/28/2024 14:31:30.244, 08/28/2024 14:31:30.185, 4.14564e+0, 0.00000e+0, 9.60776e+1, 0.00000e+0, 1.98480e+0, 0.00000e+0, 2.78857e+4, 0.00000e+0, 4.04227e+2, 0.00000e+0, 2.04174e+0, 0.00000e+0, 4.15822e+2, 0.00000e+0, 4.57242e+2, 0.00000e+0, 3.00727e+1, 0.00000e+0, 3.18589e+1, 0.00000e+0, 3.24111e+0, 0.00000e+0, 2.88049e+0, 0.00000e+0, 2.00000e+1, 0.00000e+0, 5.00000e+0, 0.00000e+0, 3, 2, 
08/28/2024 14:31:31.232, 08/28/2024 14:31:31.179, 4.14537e+0, 0.00000e+0, 9.60378e+1, 0.00000e+0, 2.01077e+0, 0.00000e+0, 2.79952e+4, 0.00000e+0, 4.05662e+2, 0.00000e+0, 2.06869e+0, 0.00000e+0, 4.17346e+2, 0.00000e+0, 4.57244e+2, 0.00000e+0, 3.00749e+1, 0.00000e+0, 3.18642e+1, 0.00000e+0, 3.24152e+0, 0.00000e+0, 2.88041e+0, 0.00000e+0, 2.00000e+1, 0.00000e+0, 5.00000e+0, 0.00000e+0, 3, 3, 
08/28/2024 14:31:32.223, 08/28/2024 14:31:32.173, 4.14550e+0, 0.00000e+0, 9.60569e+1, 0.00000e+0, 2.06907e+0, 0.00000e+0, 2.79593e+4, 0.00000e+0, 4.09199e+2, 0.00000e+0, 2.12858e+0, 0.00000e+0, 4.20969e+2, 0.00000e+0, 4.57141e+2, 0.00000e+0, 3.00834e+1, 0.00000e+0, 3.18605e+1, 0.00000e+0, 3.24163e+0, 0.00000e+0, 2.87988e+0, 0.00000e+0, 2.00000e+1, 0.00000e+0, 5.00000e+0, 0.00000e+0, 3, 3, 
08/28/2024 14:31:33.221, 08/28/2024 14:31:33.169, 4.14571e+0, 0.00000e+0, 9.60877e+1, 0.00000e+0, 1.99268e+0, 0.00000e+0, 2.83029e+4, 0.00000e+0, 4.07184e+2, 0.00000e+0, 2.05072e+0, 0.00000e+0, 4.19044e+2, 0.00000e+0, 4.57393e+2, 0.00000e+0, 3.00813e+1, 0.00000e+0, 3.18625e+1, 0.00000e+0, 3.24089e+0, 0.00000e+0, 2.87974e+0, 0.00000e+0, 2.00000e+1, 0.00000e+0, 5.00000e+0, 0.00000e+0, 3, 3, 
08/28/2024 14:31:34.216, 08/28/2024 14:31:34.163, 4.14556e+0, 0.00000e+0, 9.60649e+1, 0.00000e+0, 2.17164e+0, 0.00000e+0, 2.79276e+4, 0.00000e+0, 4.11672e+2, 0.00000e+0, 2.23403e+0, 0.00000e+0, 4.23499e+2, 0.00000e+0, 4.57221e+2, 0.00000e+0, 3.00905e+1, 0.00000e+0, 3.18681e+1, 0.00000e+0, 3.24129e+0, 0.00000e+0, 2.87980e+0, 0.00000e+0, 2.00000e+1, 0.00000e+0, 5.00000e+0, 0.00000e+0, 3, 4, 
08/28/2024 14:31:35.212, 08/28/2024 14:31:35.156, 4.14551e+0, 0.00000e+0, 9.60581e+1, 0.00000e+0, 2.08512e+0, 0.00000e+0, 2.81480e+4, 0.00000e+0, 4.08671e+2, 0.00000e+0, 2.14552e+0, 0.00000e+0, 4.20507e+2, 0.00000e+0, 4.57412e+2, 0.00000e+0, 3.00903e+1, 0.00000e+0, 3.18684e+1, 0.00000e+0, 3.24202e+0, 0.00000e+0, 2.87856e+0, 0.00000e+0, 2.00000e+1, 0.00000e+0, 5.00000e+0, 0.00000e+0, 3, 4, 
08/28/2024 14:31:36.206, 08/28/2024 14:31:36.151, 4.14545e+0, 0.00000e+0, 9.60493e+1, 0.00000e+0, 1.99583e+0, 0.00000e+0, 2.77249e+4, 0.00000e+0, 4.05436e+2, 0.00000e+0, 2.05274e+0, 0.00000e+0, 4.16997e+2, 0.00000e+0, 4.57264e+2, 0.00000e+0, 3.00881e+1, 0.00000e+0, 3.18693e+1, 0.00000e+0, 3.23982e+0, 0.00000e+0, 2.87799e+0, 0.00000e+0, 2.00000e+1, 0.00000e+0, 5.00000e+0, 0.00000e+0, 3, 4, 
08/28/2024 14:31:37.203, 08/28/2024 14:31:37.147, 4.14543e+0, 0.00000e+0, 9.60455e+1, 0.00000e+0, 1.98540e+0, 0.00000e+0, 2.77247e+4, 0.00000e+0, 4.05135e+2, 0.00000e+0, 2.04201e+0, 0.00000e+0, 4.16688e+2, 0.00000e+0, 4.57210e+2, 0.00000e+0, 3.00952e+1, 0.00000e+0, 3.18858e+1, 0.00000e+0, 3.24016e+0, 0.00000e+0, 2.87845e+0, 0.00000e+0, 2.00000e+1, 0.00000e+0, 5.00000e+0, 0.00000e+0, 3, 5, 
08/28/2024 14:31:38.198, 08/28/2024 14:31:38.141, 4.14554e+0, 0.00000e+0, 9.60625e+1, 0.00000e+0, 1.98176e+0, 0.00000e+0, 2.76147e+4, 0.00000e+0, 4.04819e+2, 0.00000e+0, 2.03804e+0, 0.00000e+0, 4.16315e+2, 0.00000e+0, 4.57446e+2, 0.00000e+0, 3.00951e+1, 0.00000e+0, 3.18914e+1, 0.00000e+0, 3.24090e+0, 0.00000e+0, 2.87859e+0, 0.00000e+0, 2.00000e+1, 0.00000e+0, 5.00000e+0, 0.00000e+0, 3, 5, 
08/28/2024 14:31:39.186, 08/28/2024 14:31:39.134, 4.14558e+0, 0.00000e+0, 9.60689e+1, 0.00000e+0, 1.98487e+0, 0.00000e+0, 2.76292e+4, 0.00000e+0, 4.04337e+2, 0.00000e+0, 2.04127e+0, 0.00000e+0, 4.15826e+2, 0.00000e+0, 4.57285e+2, 0.00000e+0, 3.01122e+1, 0.00000e+0, 3.18941e+1, 0.00000e+0, 3.23977e+0, 0.00000e+0, 2.87885e+0, 0.00000e+0, 2.00000e+1, 0.00000e+0, 5.00000e+0, 0.00000e+0, 3, 5, 
08/28/2024 14:31:40.180, 08/28/2024 14:31:40.129, 4.14539e+0, 0.00000e+0, 9.60397e+1, 0.00000e+0, 1.98263e+0, 0.00000e+0, 2.77693e+4, 0.00000e+0, 4.05439e+2, 0.00000e+0, 2.03926e+0, 0.00000e+0, 4.17019e+2, 0.00000e+0, 4.57377e+2, 0.00000e+0, 3.01039e+1, 0.00000e+0, 3.18981e+1, 0.00000e+0, 3.24106e+0, 0.00000e+0, 2.87853e+0, 0.00000e+0, 2.00000e+1, 0.00000e+0, 5.00000e+0, 0.00000e+0, 3, 6, 
08/28/2024 14:31:41.175, 08/28/2024 14:31:41.124, 4.14570e+0, 0.00000e+0, 9.60863e+1, 0.00000e+0, 1.94796e+0, 0.00000e+0, 2.77028e+4, 0.00000e+0, 4.12163e+2, 0.00000e+0, 2.00346e+0, 0.00000e+0, 4.23906e+2, 0.00000e+0, 4.57323e+2, 0.00000e+0, 3.01019e+1, 0.00000e+0, 3.19073e+1, 0.00000e+0, 3.24050e+0, 0.00000e+0, 2.87839e+0, 0.00000e+0, 2.00000e+1, 0.00000e+0, 5.00000e+0, 0.00000e+0, 3, 6, 
08/28/2024 14:31:42.171, 08/28/2024 14:31:42.118, 4.14557e+0, 0.00000e+0, 9.60669e+1, 0.00000e+0, 1.98515e+0, 0.00000e+0, 2.81456e+4, 0.00000e+0, 4.12989e+2, 0.00000e+0, 2.04264e+0, 0.00000e+0, 4.24950e+2, 0.00000e+0, 4.57265e+2, 0.00000e+0, 3.01141e+1, 0.00000e+0, 3.19107e+1, 0.00000e+0, 3.24062e+0, 0.00000e+0, 2.87869e+0, 0.00000e+0, 2.00000e+1, 0.00000e+0, 5.00000e+0, 0.00000e+0, 3, 6, 
08/28/2024 14:31:43.162, 08/28/2024 14:31:43.113, 4.14548e+0, 0.00000e+0, 9.60530e+1, 0.00000e+0, 1.99360e+0, 0.00000e+0, 2.80022e+4, 0.00000e+0, 4.14397e+2, 0.00000e+0, 2.05103e+0, 0.00000e+0, 4.26336e+2, 0.00000e+0, 4.57197e+2, 0.00000e+0, 3.01191e+1, 0.00000e+0, 3.19162e+1, 0.00000e+0, 3.24000e+0, 0.00000e+0, 2.87832e+0, 0.00000e+0, 2.00000e+1, 0.00000e+0, 5.00000e+0, 0.00000e+0, 3, 7, 
08/28/2024 14:31:44.169, 08/28/2024 14:31:44.109, 4.14500e+0, 0.00000e+0, 9.59818e+1, 0.00000e+0, 1.98953e+0, 0.00000e+0, 2.81073e+4, 0.00000e+0, 4.18449e+2, 0.00000e+0, 2.04707e+0, 0.00000e+0, 4.30551e+2, 0.00000e+0, 4.57285e+2, 0.00000e+0, 3.01125e+1, 0.00000e+0, 3.19178e+1, 0.00000e+0, 3.23944e+0, 0.00000e+0, 2.87933e+0, 0.00000e+0, 2.00000e+1, 0.00000e+0, 5.00000e+0, 0.00000e+0, 3, 7, 
08/28/2024 14:31:45.158, 08/28/2024 14:31:45.103, 4.14552e+0, 0.00000e+0, 9.60589e+1, 0.00000e+0, 2.00786e+0, 0.00000e+0, 2.81531e+4, 0.00000e+0, 4.15765e+2, 0.00000e+0, 2.06603e+0, 0.00000e+0, 4.27809e+2, 0.00000e+0, 4.57388e+2, 0.00000e+0, 3.01126e+1, 0.00000e+0, 3.19266e+1, 0.00000e+0, 3.23895e+0, 0.00000e+0, 2.87864e+0, 0.00000e+0, 2.00000e+1, 0.00000e+0, 5.00000e+0, 0.00000e+0, 3, 7, 
08/28/2024 14:31:46.148, 08/28/2024 14:31:46.097, 4.14571e+0, 0.00000e+0, 9.60874e+1, 0.00000e+0, 2.32915e+0, 0.00000e+0, 2.79416e+4, 0.00000e+0, 4.19207e+2, 0.00000e+0, 2.39610e+0, 0.00000e+0, 4.31257e+2, 0.00000e+0, 4.57230e+2, 0.00000e+0, 3.01166e+1, 0.00000e+0, 3.19324e+1, 0.00000e+0, 3.23927e+0, 0.00000e+0, 2.87933e+0, 0.00000e+0, 2.00000e+1, 0.00000e+0, 5.00000e+0, 0.00000e+0, 3, 8, 
08/28/2024 14:31:47.141, 08/28/2024 14:31:47.092, 4.14527e+0, 0.00000e+0, 9.60224e+1, 0.00000e+0, 2.43209e+0, 0.00000e+0, 2.79513e+4, 0.00000e+0, 4.20748e+2, 0.00000e+0, 2.50203e+0, 0.00000e+0, 4.32847e+2, 0.00000e+0, 4.57167e+2, 0.00000e+0, 3.01218e+1, 0.00000e+0, 3.19360e+1, 0.00000e+0, 3.23950e+0, 0.00000e+0, 2.87871e+0, 0.00000e+0, 2.00000e+1, 0.00000e+0, 5.00000e+0, 0.00000e+0, 3, 8, 
08/28/2024 14:31:48.146, 08/28/2024 14:31:48.086, 4.14575e+0, 0.00000e+0, 9.60938e+1, 0.00000e+0, 2.44537e+0, 0.00000e+0, 2.79061e+4, 0.00000e+0, 4.21673e+2, 0.00000e+0, 2.51557e+0, 0.00000e+0, 4.33778e+2, 0.00000e+0, 4.57239e+2, 0.00000e+0, 3.01195e+1, 0.00000e+0, 3.19368e+1, 0.00000e+0, 3.24061e+0, 0.00000e+0, 2.87860e+0, 0.00000e+0, 2.00000e+1, 0.00000e+0, 5.00000e+0, 0.00000e+0, 3, 8, 
08/28/2024 14:31:49.132, 08/28/2024 14:31:49.080, 4.14549e+0, 0.00000e+0, 9.60548e+1, 0.00000e+0, 2.45621e+0, 0.00000e+0, 2.78474e+4, 0.00000e+0, 4.23831e+2, 0.00000e+0, 2.52657e+0, 0.00000e+0, 4.35971e+2, 0.00000e+0, 4.57184e+2, 0.00000e+0, 3.01341e+1, 0.00000e+0, 3.19297e+1, 0.00000e+0, 3.24002e+0, 0.00000e+0, 2.87923e+0, 0.00000e+0, 2.00000e+1, 0.00000e+0, 5.00000e+0, 0.00000e+0, 3, 1, 
08/28/2024 14:31:50.122, 08/28/2024 14:31:50.074, 4.14550e+0, 0.00000e+0, 9.60564e+1, 0.00000e+0, 2.46456e+0, 0.00000e+0, 2.81936e+4, 0.00000e+0, 4.23636e+2, 0.00000e+0, 2.53606e+0, 0.00000e+0, 4.35926e+2, 0.00000e+0, 4.57431e+2, 0.00000e+0, 3.01320e+1, 0.00000e+0, 3.19327e+1, 0.00000e+0, 3.24151e+0, 0.00000e+0, 2.87896e+0, 0.00000e+0, 2.00000e+1, 0.00000e+0, 5.00000e+0, 0.00000e+0, 3, 1, 
08/28/2024 14:31:51.120, 08/28/2024 14:31:51.069, 4.14544e+0, 0.00000e+0, 9.60480e+1, 0.00000e+0, 2.49568e+0, 0.00000e+0, 2.81805e+4, 0.00000e+0, 4.23456e+2, 0.00000e+0, 2.56805e+0, 0.00000e+0, 4.35735e+2, 0.00000e+0, 4.57332e+2, 0.00000e+0, 3.01249e+1, 0.00000e+0, 3.19371e+1, 0.00000e+0, 3.24146e+0, 0.00000e+0, 2.87823e+0, 0.00000e+0, 2.00000e+1, 0.00000e+0, 5.00000e+0, 0.00000e+0, 3, 1, 
08/28/2024 14:31:52.116, 08/28/2024 14:31:52.064, 4.14555e+0, 0.00000e+0, 9.60645e+1, 0.00000e+0, 2.52582e+0, 0.00000e+0, 2.78355e+4, 0.00000e+0, 4.24194e+2, 0.00000e+0, 2.59814e+0, 0.00000e+0, 4.36340e+2, 0.00000e+0, 4.57303e+2, 0.00000e+0, 3.01334e+1, 0.00000e+0, 3.19494e+1, 0.00000e+0, 3.24214e+0, 0.00000e+0, 2.87910e+0, 0.00000e+0, 2.00000e+1, 0.00000e+0, 5.00000e+0, 0.00000e+0, 3, 2, 
08/28/2024 14:31:53.113, 08/28/2024 14:31:53.058, 4.14530e+0, 0.00000e+0, 9.60267e+1, 0.00000e+0, 2.56808e+0, 0.00000e+0, 2.80686e+4, 0.00000e+0, 4.26444e+2, 0.00000e+0, 2.64224e+0, 0.00000e+0, 4.38760e+2, 0.00000e+0, 4.57329e+2, 0.00000e+0, 3.01340e+1, 0.00000e+0, 3.19509e+1, 0.00000e+0, 3.24105e+0, 0.00000e+0, 2.87818e+0, 0.00000e+0, 2.00000e+1, 0.00000e+0, 5.00000e+0, 0.00000e+0, 3, 2, 
08/28/2024 14:31:54.109, 08/28/2024 14:31:54.053, 4.14555e+0, 0.00000e+0, 9.60647e+1, 0.00000e+0, 2.59593e+0, 0.00000e+0, 2.78993e+4, 0.00000e+0, 4.26086e+2, 0.00000e+0, 2.67044e+0, 0.00000e+0, 4.38314e+2, 0.00000e+0, 4.57444e+2, 0.00000e+0, 3.01345e+1, 0.00000e+0, 3.19468e+1, 0.00000e+0, 3.24059e+0, 0.00000e+0, 2.87893e+0, 0.00000e+0, 2.00000e+1, 0.00000e+0, 5.00000e+0, 0.00000e+0, 3, 2, 
08/28/2024 14:31:55.102, 08/28/2024 14:31:55.048, 4.14541e+0, 0.00000e+0, 9.60431e+1, 0.00000e+0, 2.62943e+0, 0.00000e+0, 2.79228e+4, 0.00000e+0, 4.27479e+2, 0.00000e+0, 2.70496e+0, 0.00000e+0, 4.39759e+2, 0.00000e+0, 4.57396e+2, 0.00000e+0, 3.01455e+1, 0.00000e+0, 3.19549e+1, 0.00000e+0, 3.24087e+0, 0.00000e+0, 2.87798e+0, 0.00000e+0, 2.00000e+1, 0.00000e+0, 5.00000e+0, 0.00000e+0, 3, 3, 
08/28/2024 14:31:56.125, 08/28/2024 14:31:56.043, 4.14539e+0, 0.00000e+0, 9.60396e+1, 0.00000e+0, 2.66116e+0, 0.00000e+0, 2.77063e+4, 0.00000e+0, 4.29124e+2, 0.00000e+0, 2.73699e+0, 0.00000e+0, 4.41352e+2, 0.00000e+0, 4.57305e+2, 0.00000e+0, 3.01429e+1, 0.00000e+0, 3.19564e+1, 0.00000e+0, 3.24060e+0, 0.00000e+0, 2.87747e+0, 0.00000e+0, 2.00000e+1, 0.00000e+0, 5.00000e+0, 0.00000e+0, 3, 3, 
08/28/2024 14:31:57.088, 08/28/2024 14:31:57.036, 4.14535e+0, 0.00000e+0, 9.60343e+1, 0.00000e+0, 2.68836e+0, 0.00000e+0, 2.79306e+4, 0.00000e+0, 4.30399e+2, 0.00000e+0, 2.76561e+0, 0.00000e+0, 4.42766e+2, 0.00000e+0, 4.57429e+2, 0.00000e+0, 3.01463e+1, 0.00000e+0, 3.19617e+1, 0.00000e+0, 3.23934e+0, 0.00000e+0, 2.87765e+0, 0.00000e+0, 2.00000e+1, 0.00000e+0, 5.00000e+0, 0.00000e+0, 3, 3, 
08/28/2024 14:31:58.086, 08/28/2024 14:31:58.039, 4.14549e+0, 0.00000e+0, 9.60548e+1, 0.00000e+0, 2.70924e+0, 0.00000e+0, 2.79255e+4, 0.00000e+0, 4.31705e+2, 0.00000e+0, 2.78707e+0, 0.00000e+0, 4.44107e+2, 0.00000e+0, 4.57486e+2, 0.00000e+0, 3.01445e+1, 0.00000e+0, 3.19535e+1, 0.00000e+0, 3.24136e+0, 0.00000e+0, 2.87909e+0, 0.00000e+0, 2.00000e+1, 0.00000e+0, 5.00000e+0, 0.00000e+0, 3, 4, 
08/28/2024 14:31:59.091, 08/28/2024 14:31:59.033, 4.14593e+0, 0.00000e+0, 9.61209e+1, 0.00000e+0, 2.74940e+0, 0.00000e+0, 2.77274e+4, 0.00000e+0, 4.32544e+2, 0.00000e+0, 2.82780e+0, 0.00000e+0, 4.44880e+2, 0.00000e+0, 4.57315e+2, 0.00000e+0, 3.01423e+1, 0.00000e+0, 3.19612e+1, 0.00000e+0, 3.24002e+0, 0.00000e+0, 2.87771e+0, 0.00000e+0, 2.00000e+1, 0.00000e+0, 5.00000e+0, 0.00000e+0, 3, 4, 
08/28/2024 14:32:00.077, 08/28/2024 14:32:00.027, 4.14524e+0, 0.00000e+0, 9.60175e+1, 0.00000e+0, 2.77737e+0, 0.00000e+0, 2.78486e+4, 0.00000e+0, 4.32284e+2, 0.00000e+0, 2.85693e+0, 0.00000e+0, 4.44667e+2, 0.00000e+0, 4.57306e+2, 0.00000e+0, 3.01440e+1, 0.00000e+0, 3.19673e+1, 0.00000e+0, 3.24018e+0, 0.00000e+0, 2.87859e+0, 0.00000e+0, 2.00000e+1, 0.00000e+0, 5.00000e+0, 0.00000e+0, 3, 4, 
08/28/2024 14:32:01.071, 08/28/2024 14:32:01.021, 4.14522e+0, 0.00000e+0, 9.60142e+1, 0.00000e+0, 2.80850e+0, 0.00000e+0, 2.77735e+4, 0.00000e+0, 4.33026e+2, 0.00000e+0, 2.88873e+0, 0.00000e+0, 4.45396e+2, 0.00000e+0, 4.57302e+2, 0.00000e+0, 3.01595e+1, 0.00000e+0, 3.19694e+1, 0.00000e+0, 3.23951e+0, 0.00000e+0, 2.87824e+0, 0.00000e+0, 2.00000e+1, 0.00000e+0, 5.00000e+0, 0.00000e+0, 3, 5, 
08/28/2024 14:32:02.070, 08/28/2024 14:32:02.017, 4.14546e+0, 0.00000e+0, 9.60512e+1, 0.00000e+0, 2.83142e+0, 0.00000e+0, 2.76377e+4, 0.00000e+0, 4.34126e+2, 0.00000e+0, 2.91190e+0, 0.00000e+0, 4.46466e+2, 0.00000e+0, 4.57445e+2, 0.00000e+0, 3.01474e+1, 0.00000e+0, 3.19730e+1, 0.00000e+0, 3.24000e+0, 0.00000e+0, 2.87757e+0, 0.00000e+0, 2.00000e+1, 0.00000e+0, 5.00000e+0, 0.00000e+0, 3, 5, 
08/28/2024 14:32:03.063, 08/28/2024 14:32:03.011, 4.14519e+0, 0.00000e+0, 9.60106e+1, 0.00000e+0, 2.85618e+0, 0.00000e+0, 2.76962e+4, 0.00000e+0, 4.35173e+2, 0.00000e+0, 2.93754e+0, 0.00000e+0, 4.47569e+2, 0.00000e+0, 4.57403e+2, 0.00000e+0, 3.01499e+1, 0.00000e+0, 3.19674e+1, 0.00000e+0, 3.24065e+0, 0.00000e+0, 2.87735e+0, 0.00000e+0, 2.00000e+1, 0.00000e+0, 5.00000e+0, 0.00000e+0, 3, 5, 
08/28/2024 14:32:04.057, 08/28/2024 14:32:04.005, 4.14551e+0, 0.00000e+0, 9.60574e+1, 0.00000e+0, 2.88519e+0, 0.00000e+0, 2.76035e+4, 0.00000e+0, 4.34575e+2, 0.00000e+0, 2.96709e+0, 0.00000e+0, 4.46912e+2, 0.00000e+0, 4.57473e+2, 0.00000e+0, 3.01420e+1, 0.00000e+0, 3.19652e+1, 0.00000e+0, 3.24123e+0, 0.00000e+0, 2.87714e+0, 0.00000e+0, 2.00000e+1, 0.00000e+0, 5.00000e+0, 0.00000e+0, 3, 6, 
08/28/2024 14:32:05.059, 08/28/2024 14:32:04.999, 4.14576e+0, 0.00000e+0, 9.60947e+1, 0.00000e+0, 2.92439e+0, 0.00000e+0, 2.75557e+4, 0.00000e+0, 4.36755e+2, 0.00000e+0, 3.00725e+0, 0.00000e+0, 4.49131e+2, 0.00000e+0, 4.57430e+2, 0.00000e+0, 3.01437e+1, 0.00000e+0, 3.19679e+1, 0.00000e+0, 3.24058e+0, 0.00000e+0, 2.87706e+0, 0.00000e+0, 2.00000e+1, 0.00000e+0, 5.00000e+0, 0.00000e+0, 3, 6, 
08/28/2024 14:32:06.051, 08/28/2024 14:32:05.995, 4.14607e+0, 0.00000e+0, 9.61412e+1, 0.00000e+0, 2.94844e+0, 0.00000e+0, 2.77839e+4, 0.00000e+0, 4.37963e+2, 0.00000e+0, 3.03270e+0, 0.00000e+0, 4.50479e+2, 0.00000e+0, 4.57495e+2, 0.00000e+0, 3.01469e+1, 0.00000e+0, 3.19685e+1, 0.00000e+0, 3.24160e+0, 0.00000e+0, 2.87675e+0, 0.00000e+0, 2.00000e+1, 0.00000e+0, 5.00000e+0, 0.00000e+0, 3, 6, 
08/28/2024 14:32:07.043, 08/28/2024 14:32:06.989, 4.14547e+0, 0.00000e+0, 9.60524e+1, 0.00000e+0, 2.97510e+0, 0.00000e+0, 2.76238e+4, 0.00000e+0, 4.38541e+2, 0.00000e+0, 3.05962e+0, 0.00000e+0, 4.51000e+2, 0.00000e+0, 4.57389e+2, 0.00000e+0, 3.01529e+1, 0.00000e+0, 3.19686e+1, 0.00000e+0, 3.24119e+0, 0.00000e+0, 2.87706e+0, 0.00000e+0, 2.00000e+1, 0.00000e+0, 5.00000e+0, 0.00000e+0, 3, 7, 
08/28/2024 14:32:08.038, 08/28/2024 14:32:07.983, 4.14553e+0, 0.00000e+0, 9.60604e+1, 0.00000e+0, 3.00725e+0, 0.00000e+0, 2.76157e+4, 0.00000e+0, 4.39589e+2, 0.00000e+0, 3.09266e+0, 0.00000e+0, 4.52073e+2, 0.00000e+0, 4.57471e+2, 0.00000e+0, 3.01549e+1, 0.00000e+0, 3.19792e+1, 0.00000e+0, 3.24078e+0, 0.00000e+0, 2.87666e+0, 0.00000e+0, 2.00000e+1, 0.00000e+0, 5.00000e+0, 0.00000e+0, 3, 7, 
08/28/2024 14:32:09.028, 08/28/2024 14:32:08.978, 4.14564e+0, 0.00000e+0, 9.60767e+1, 0.00000e+0, 3.03726e+0, 0.00000e+0, 2.76219e+4, 0.00000e+0, 4.38806e+2, 0.00000e+0, 3.12354e+0, 0.00000e+0, 4.51271e+2, 0.00000e+0, 4.57402e+2, 0.00000e+0, 3.01664e+1, 0.00000e+0, 3.19789e+1, 0.00000e+0, 3.23998e+0, 0.00000e+0, 2.87671e+0, 0.00000e+0, 2.00000e+1, 0.00000e+0, 5.00000e+0, 0.00000e+0, 3, 7, 
08/28/2024 14:32:10.024, 08/28/2024 14:32:09.972, 4.14545e+0, 0.00000e+0, 9.60497e+1, 0.00000e+0, 3.06167e+0, 0.00000e+0, 2.75568e+4, 0.00000e+0, 4.40033e+2, 0.00000e+0, 3.14843e+0, 0.00000e+0, 4.52503e+2, 0.00000e+0, 4.57593e+2, 0.00000e+0, 3.01595e+1, 0.00000e+0, 3.19764e+1, 0.00000e+0, 3.24092e+0, 0.00000e+0, 2.87663e+0, 0.00000e+0, 2.00000e+1, 0.00000e+0, 5.00000e+0, 0.00000e+0, 3, 8, 
08/28/2024 14:32:11.028, 08/28/2024 14:32:10.974, 4.14561e+0, 0.00000e+0, 9.60726e+1, 0.00000e+0, 3.09370e+0, 0.00000e+0, 2.75297e+4, 0.00000e+0, 4.40601e+2, 0.00000e+0, 3.18128e+0, 0.00000e+0, 4.53074e+2, 0.00000e+0, 4.57417e+2, 0.00000e+0, 3.01612e+1, 0.00000e+0, 3.19692e+1, 0.00000e+0, 3.24005e+0, 0.00000e+0, 2.87700e+0, 0.00000e+0, 2.00000e+1, 0.00000e+0, 5.00000e+0, 0.00000e+0, 3, 8, 
08/28/2024 14:32:12.023, 08/28/2024 14:32:11.968, 4.14593e+0, 0.00000e+0, 9.61205e+1, 0.00000e+0, 3.12561e+0, 0.00000e+0, 2.73784e+4, 0.00000e+0, 4.41700e+2, 0.00000e+0, 3.21360e+0, 0.00000e+0, 4.54134e+2, 0.00000e+0, 4.57401e+2, 0.00000e+0, 3.01688e+1, 0.00000e+0, 3.19715e+1, 0.00000e+0, 3.24249e+0, 0.00000e+0, 2.87698e+0, 0.00000e+0, 2.00000e+1, 0.00000e+0, 5.00000e+0, 0.00000e+0, 3, 8, 
08/28/2024 14:32:13.015, 08/28/2024 14:32:12.963, 4.14603e+0, 0.00000e+0, 9.61347e+1, 0.00000e+0, 3.15591e+0, 0.00000e+0, 2.76888e+4, 0.00000e+0, 4.41986e+2, 0.00000e+0, 3.24579e+0, 0.00000e+0, 4.54572e+2, 0.00000e+0, 4.57426e+2, 0.00000e+0, 3.01662e+1, 0.00000e+0, 3.19740e+1, 0.00000e+0, 3.24022e+0, 0.00000e+0, 2.87789e+0, 0.00000e+0, 2.00000e+1, 0.00000e+0, 5.00000e+0, 0.00000e+0, 3, 1, 
08/28/2024 14:32:14.008, 08/28/2024 14:32:13.957, 4.14559e+0, 0.00000e+0, 9.60707e+1, 0.00000e+0, 3.18452e+0, 0.00000e+0, 2.75039e+4, 0.00000e+0, 4.43701e+2, 0.00000e+0, 3.27458e+0, 0.00000e+0, 4.56250e+2, 0.00000e+0, 4.57359e+2, 0.00000e+0, 3.01778e+1, 0.00000e+0, 3.19810e+1, 0.00000e+0, 3.24044e+0, 0.00000e+0, 2.87654e+0, 0.00000e+0, 2.00000e+1, 0.00000e+0, 5.00000e+0, 0.00000e+0, 3, 1, 
08/28/2024 14:32:15.005, 08/28/2024 14:32:14.951, 4.14569e+0, 0.00000e+0, 9.60851e+1, 0.00000e+0, 3.20805e+0, 0.00000e+0, 2.75080e+4, 0.00000e+0, 4.43130e+2, 0.00000e+0, 3.29879e+0, 0.00000e+0, 4.55664e+2, 0.00000e+0, 4.57650e+2, 0.00000e+0, 3.01729e+1, 0.00000e+0, 3.19785e+1, 0.00000e+0, 3.23934e+0, 0.00000e+0, 2.87768e+0, 0.00000e+0, 2.00000e+1, 0.00000e+0, 5.00000e+0, 0.00000e+0, 3, 1, 
08/28/2024 14:32:15.999, 08/28/2024 14:32:15.946, 4.14544e+0, 0.00000e+0, 9.60474e+1, 0.00000e+0, 3.22844e+0, 0.00000e+0, 2.73682e+4, 0.00000e+0, 4.44693e+2, 0.00000e+0, 3.31929e+0, 0.00000e+0, 4.57205e+2, 0.00000e+0, 4.57457e+2, 0.00000e+0, 3.01776e+1, 0.00000e+0, 3.19804e+1, 0.00000e+0, 3.24059e+0, 0.00000e+0, 2.87828e+0, 0.00000e+0, 2.00000e+1, 0.00000e+0, 5.00000e+0, 0.00000e+0, 3, 2, 
08/28/2024 14:32:16.994, 08/28/2024 14:32:16.940, 4.14557e+0, 0.00000e+0, 9.60669e+1, 0.00000e+0, 3.25500e+0, 0.00000e+0, 2.74333e+4, 0.00000e+0, 4.45706e+2, 0.00000e+0, 3.34682e+0, 0.00000e+0, 4.58278e+2, 0.00000e+0, 4.57444e+2, 0.00000e+0, 3.01800e+1, 0.00000e+0, 3.19925e+1, 0.00000e+0, 3.24037e+0, 0.00000e+0, 2.87723e+0, 0.00000e+0, 2.00000e+1, 0.00000e+0, 5.00000e+0, 0.00000e+0, 3, 2, 
08/28/2024 14:32:17.991, 08/28/2024 14:32:17.936, 4.14562e+0, 0.00000e+0, 9.60742e+1, 0.00000e+0, 3.28529e+0, 0.00000e+0, 2.73310e+4, 0.00000e+0, 4.45414e+2, 0.00000e+0, 3.37760e+0, 0.00000e+0, 4.57930e+2, 0.00000e+0, 4.57372e+2, 0.00000e+0, 3.01810e+1, 0.00000e+0, 3.19912e+1, 0.00000e+0, 3.23954e+0, 0.00000e+0, 2.87777e+0, 0.00000e+0, 2.00000e+1, 0.00000e+0, 5.00000e+0, 0.00000e+0, 3, 2, 
08/28/2024 14:32:18.987, 08/28/2024 14:32:18.930, 4.14529e+0, 0.00000e+0, 9.60252e+1, 0.00000e+0, 3.32293e+0, 0.00000e+0, 2.72783e+4, 0.00000e+0, 4.46623e+2, 0.00000e+0, 3.41611e+0, 0.00000e+0, 4.59148e+2, 0.00000e+0, 4.57407e+2, 0.00000e+0, 3.01833e+1, 0.00000e+0, 3.19898e+1, 0.00000e+0, 3.24045e+0, 0.00000e+0, 2.87717e+0, 0.00000e+0, 2.00000e+1, 0.00000e+0, 5.00000e+0, 0.00000e+0, 3, 2, 
08/28/2024 14:32:19.981, 08/28/2024 14:32:19.924, 4.14573e+0, 0.00000e+0, 9.60915e+1, 0.00000e+0, 3.35081e+0, 0.00000e+0, 2.72620e+4, 0.00000e+0, 4.47082e+2, 0.00000e+0, 3.44472e+0, 0.00000e+0, 4.59612e+2, 0.00000e+0, 4.57561e+2, 0.00000e+0, 3.01831e+1, 0.00000e+0, 3.19859e+1, 0.00000e+0, 3.23953e+0, 0.00000e+0, 2.87727e+0, 0.00000e+0, 2.00000e+1, 0.00000e+0, 5.00000e+0, 0.00000e+0, 3, 3, 
08/28/2024 14:32:20.973, 08/28/2024 14:32:20.919, 4.14531e+0, 0.00000e+0, 9.60277e+1, 0.00000e+0, 3.37340e+0, 0.00000e+0, 2.72780e+4, 0.00000e+0, 4.47997e+2, 0.00000e+0, 3.46800e+0, 0.00000e+0, 4.60560e+2, 0.00000e+0, 4.57445e+2, 0.00000e+0, 3.01865e+1, 0.00000e+0, 3.19878e+1, 0.00000e+0, 3.24043e+0, 0.00000e+0, 2.87736e+0, 0.00000e+0, 2.00000e+1, 0.00000e+0, 5.00000e+0, 0.00000e+0, 3, 3, 
08/28/2024 14:32:21.966, 08/28/2024 14:32:21.914, 4.14558e+0, 0.00000e+0, 9.60691e+1, 0.00000e+0, 3.40372e+0, 0.00000e+0, 2.72507e+4, 0.00000e+0, 4.49852e+2, 0.00000e+0, 3.49907e+0, 0.00000e+0, 4.62454e+2, 0.00000e+0, 4.57453e+2, 0.00000e+0, 3.01878e+1, 0.00000e+0, 3.19916e+1, 0.00000e+0, 3.23981e+0, 0.00000e+0, 2.87793e+0, 0.00000e+0, 2.00000e+1, 0.00000e+0, 5.00000e+0, 0.00000e+0, 3, 3, 
08/28/2024 14:32:22.962, 08/28/2024 14:32:22.908, 4.14552e+0, 0.00000e+0, 9.60590e+1, 0.00000e+0, 3.42847e+0, 0.00000e+0, 2.72231e+4, 0.00000e+0, 4.49098e+2, 0.00000e+0, 3.52441e+0, 0.00000e+0, 4.61666e+2, 0.00000e+0, 4.57378e+2, 0.00000e+0, 3.01922e+1, 0.00000e+0, 3.19983e+1, 0.00000e+0, 3.24029e+0, 0.00000e+0, 2.87756e+0, 0.00000e+0, 2.00000e+1, 0.00000e+0, 5.00000e+0, 0.00000e+0, 3, 4, 
08/28/2024 14:32:23.957, 08/28/2024 14:32:23.903, 4.14570e+0, 0.00000e+0, 9.60860e+1, 0.00000e+0, 3.45495e+0, 0.00000e+0, 2.72039e+4, 0.00000e+0, 4.50284e+2, 0.00000e+0, 3.55157e+0, 0.00000e+0, 4.62876e+2, 0.00000e+0, 4.57447e+2, 0.00000e+0, 3.02039e+1, 0.00000e+0, 3.20042e+1, 0.00000e+0, 3.24238e+0, 0.00000e+0, 2.87739e+0, 0.00000e+0, 2.00000e+1, 0.00000e+0, 5.00000e+0, 0.00000e+0, 3, 4, 
08/28/2024 14:32:24.952, 08/28/2024 14:32:24.898, 4.14576e+0, 0.00000e+0, 9.60948e+1, 0.00000e+0, 3.48231e+0, 0.00000e+0, 2.70413e+4, 0.00000e+0, 4.51586e+2, 0.00000e+0, 3.57910e+0, 0.00000e+0, 4.64137e+2, 0.00000e+0, 4.57408e+2, 0.00000e+0, 3.02029e+1, 0.00000e+0, 3.20017e+1, 0.00000e+0, 3.24178e+0, 0.00000e+0, 2.87744e+0, 0.00000e+0, 2.00000e+1, 0.00000e+0, 5.00000e+0, 0.00000e+0, 3, 4, 
08/28/2024 14:32:25.947, 08/28/2024 14:32:25.891, 4.14556e+0, 0.00000e+0, 9.60651e+1, 0.00000e+0, 3.50905e+0, 0.00000e+0, 2.72610e+4, 0.00000e+0, 4.51606e+2, 0.00000e+0, 3.60739e+0, 0.00000e+0, 4.64262e+2, 0.00000e+0, 4.57463e+2, 0.00000e+0, 3.02023e+1, 0.00000e+0, 3.20015e+1, 0.00000e+0, 3.23999e+0, 0.00000e+0, 2.87839e+0, 0.00000e+0, 2.00000e+1, 0.00000e+0, 5.00000e+0, 0.00000e+0, 3, 5, 
08/28/2024 14:32:26.937, 08/28/2024 14:32:26.887, 4.14591e+0, 0.00000e+0, 9.61179e+1, 0.00000e+0, 3.53366e+0, 0.00000e+0, 2.70095e+4, 0.00000e+0, 4.52317e+2, 0.00000e+0, 3.63175e+0, 0.00000e+0, 4.64873e+2, 0.00000e+0, 4.57508e+2, 0.00000e+0, 3.02072e+1, 0.00000e+0, 3.19989e+1, 0.00000e+0, 3.24100e+0, 0.00000e+0, 2.87827e+0, 0.00000e+0, 2.00000e+1, 0.00000e+0, 5.00000e+0, 0.00000e+0, 3, 5, 
08/28/2024 14:32:27.940, 08/28/2024 14:32:27.881, 4.14540e+0, 0.00000e+0, 9.60419e+1, 0.00000e+0, 3.56098e+0, 0.00000e+0, 2.69727e+4, 0.00000e+0, 4.53138e+2, 0.00000e+0, 3.65969e+0, 0.00000e+0, 4.65699e+2, 0.00000e+0, 4.57366e+2, 0.00000e+0, 3.02086e+1, 0.00000e+0, 3.19978e+1, 0.00000e+0, 3.24146e+0, 0.00000e+0, 2.87875e+0, 0.00000e+0, 2.00000e+1, 0.00000e+0, 5.00000e+0, 0.00000e+0, 3, 5, 
08/28/2024 14:32:28.930, 08/28/2024 14:32:28.876, 4.14582e+0, 0.00000e+0, 9.61043e+1, 0.00000e+0, 3.58709e+0, 0.00000e+0, 2.71434e+4, 0.00000e+0, 4.54102e+2, 0.00000e+0, 3.68717e+0, 0.00000e+0, 4.66771e+2, 0.00000e+0, 4.57628e+2, 0.00000e+0, 3.02043e+1, 0.00000e+0, 3.19993e+1, 0.00000e+0, 3.24107e+0, 0.00000e+0, 2.87870e+0, 0.00000e+0, 2.00000e+1, 0.00000e+0, 5.00000e+0, 0.00000e+0, 3, 6, 
08/28/2024 14:32:29.921, 08/28/2024 14:32:29.869, 4.14590e+0, 0.00000e+0, 9.61167e+1, 0.00000e+0, 3.62376e+0, 0.00000e+0, 2.70642e+4, 0.00000e+0, 4.53913e+2, 0.00000e+0, 3.72457e+0, 0.00000e+0, 4.66539e+2, 0.00000e+0, 4.57532e+2, 0.00000e+0, 3.02098e+1, 0.00000e+0, 3.20059e+1, 0.00000e+0, 3.24008e+0, 0.00000e+0, 2.87857e+0, 0.00000e+0, 2.00000e+1, 0.00000e+0, 5.00000e+0, 0.00000e+0, 3, 6, 
08/28/2024 14:32:30.917, 08/28/2024 14:32:30.865, 4.14565e+0, 0.00000e+0, 9.60790e+1, 0.00000e+0, 3.64248e+0, 0.00000e+0, 2.72880e+4, 0.00000e+0, 4.54367e+2, 0.00000e+0, 3.74466e+0, 0.00000e+0, 4.67113e+2, 0.00000e+0, 4.57559e+2, 0.00000e+0, 3.02074e+1, 0.00000e+0, 3.20099e+1, 0.00000e+0, 3.24042e+0, 0.00000e+0, 2.87913e+0, 0.00000e+0, 2.00000e+1, 0.00000e+0, 5.00000e+0, 0.00000e+0, 3, 6, 
08/28/2024 14:32:31.912, 08/28/2024 14:32:31.859, 4.14550e+0, 0.00000e+0, 9.60569e+1, 0.00000e+0, 3.67066e+0, 0.00000e+0, 2.72764e+4, 0.00000e+0, 4.55486e+2, 0.00000e+0, 3.77359e+0, 0.00000e+0, 4.68259e+2, 0.00000e+0, 4.57358e+2, 0.00000e+0, 3.02084e+1, 0.00000e+0, 3.20151e+1, 0.00000e+0, 3.24018e+0, 0.00000e+0, 2.87958e+0, 0.00000e+0, 2.00000e+1, 0.00000e+0, 5.00000e+0, 0.00000e+0, 3, 7, 
08/28/2024 14:32:32.904, 08/28/2024 14:32:32.854, 4.14564e+0, 0.00000e+0, 9.60777e+1, 0.00000e+0, 3.70150e+0, 0.00000e+0, 2.69115e+4, 0.00000e+0, 4.57014e+2, 0.00000e+0, 3.80387e+0, 0.00000e+0, 4.69653e+2, 0.00000e+0, 4.57406e+2, 0.00000e+0, 3.02111e+1, 0.00000e+0, 3.20266e+1, 0.00000e+0, 3.23952e+0, 0.00000e+0, 2.87829e+0, 0.00000e+0, 2.00000e+1, 0.00000e+0, 5.00000e+0, 0.00000e+0, 3, 7, 
08/28/2024 14:32:33.896, 08/28/2024 14:32:33.849, 4.14574e+0, 0.00000e+0, 9.60923e+1, 0.00000e+0, 3.72666e+0, 0.00000e+0, 2.71931e+4, 0.00000e+0, 4.56326e+2, 0.00000e+0, 3.83083e+0, 0.00000e+0, 4.69082e+2, 0.00000e+0, 4.57644e+2, 0.00000e+0, 3.02138e+1, 0.00000e+0, 3.20334e+1, 0.00000e+0, 3.24055e+0, 0.00000e+0, 2.87910e+0, 0.00000e+0, 2.00000e+1, 0.00000e+0, 5.00000e+0, 0.00000e+0, 3, 7, 
08/28/2024 14:32:34.893, 08/28/2024 14:32:34.842, 4.14564e+0, 0.00000e+0, 9.60772e+1, 0.00000e+0, 3.74719e+0, 0.00000e+0, 2.70847e+4, 0.00000e+0, 4.57970e+2, 0.00000e+0, 3.85151e+0, 0.00000e+0, 4.70719e+2, 0.00000e+0, 4.57509e+2, 0.00000e+0, 3.02157e+1, 0.00000e+0, 3.20337e+1, 0.00000e+0, 3.24145e+0, 0.00000e+0, 2.87893e+0, 0.00000e+0, 2.00000e+1, 0.00000e+0, 5.00000e+0, 0.00000e+0, 3, 8, 
08/28/2024 14:32:35.896, 08/28/2024 14:32:35.837, 4.14574e+0, 0.00000e+0, 9.60923e+1, 0.00000e+0, 3.77632e+0, 0.00000e+0, 2.71153e+4, 0.00000e+0, 4.58447e+2, 0.00000e+0, 3.88157e+0, 0.00000e+0, 4.71225e+2, 0.00000e+0, 4.57513e+2, 0.00000e+0, 3.02186e+1, 0.00000e+0, 3.20382e+1, 0.00000e+0, 3.24174e+0, 0.00000e+0, 2.87911e+0, 0.00000e+0, 2.00000e+1, 0.00000e+0, 5.00000e+0, 0.00000e+0, 3, 8, 
08/28/2024 14:32:36.884, 08/28/2024 14:32:36.831, 4.14560e+0, 0.00000e+0, 9.60715e+1, 0.00000e+0, 3.81139e+0, 0.00000e+0, 2.71388e+4, 0.00000e+0, 4.59838e+2, 0.00000e+0, 3.91772e+0, 0.00000e+0, 4.72666e+2, 0.00000e+0, 4.57527e+2, 0.00000e+0, 3.02269e+1, 0.00000e+0, 3.20386e+1, 0.00000e+0, 3.24092e+0, 0.00000e+0, 2.87966e+0, 0.00000e+0, 2.00000e+1, 0.00000e+0, 5.00000e+0, 0.00000e+0, 3, 8, 
08/28/2024 14:32:37.879, 08/28/2024 14:32:37.827, 4.14568e+0, 0.00000e+0, 9.60839e+1, 0.00000e+0, 3.83050e+0, 0.00000e+0, 2.70311e+4, 0.00000e+0, 4.60018e+2, 0.00000e+0, 3.93692e+0, 0.00000e+0, 4.72798e+2, 0.00000e+0, 4.57560e+2, 0.00000e+0, 3.02194e+1, 0.00000e+0, 3.20486e+1, 0.00000e+0, 3.24203e+0, 0.00000e+0, 2.87943e+0, 0.00000e+0, 2.00000e+1, 0.00000e+0, 5.00000e+0, 0.00000e+0, 3, 1, 
08/28/2024 14:32:38.872, 08/28/2024 14:32:38.821, 4.14555e+0, 0.00000e+0, 9.60637e+1, 0.00000e+0, 3.84995e+0, 0.00000e+0, 2.69913e+4, 0.00000e+0, 4.59851e+2, 0.00000e+0, 3.95675e+0, 0.00000e+0, 4.72607e+2, 0.00000e+0, 4.57603e+2, 0.00000e+0, 3.02219e+1, 0.00000e+0, 3.20472e+1, 0.00000e+0, 3.24173e+0, 0.00000e+0, 2.87935e+0, 0.00000e+0, 2.00000e+1, 0.00000e+0, 5.00000e+0, 0.00000e+0, 3, 1, 
08/28/2024 14:32:39.868, 08/28/2024 14:32:39.815, 4.14557e+0, 0.00000e+0, 9.60664e+1, 0.00000e+0, 3.88492e+0, 0.00000e+0, 2.71280e+4, 0.00000e+0, 4.61617e+2, 0.00000e+0, 3.99325e+0, 0.00000e+0, 4.74489e+2, 0.00000e+0, 4.57519e+2, 0.00000e+0, 3.02247e+1, 0.00000e+0, 3.20457e+1, 0.00000e+0, 3.24195e+0, 0.00000e+0, 2.87870e+0, 0.00000e+0, 2.00000e+1, 0.00000e+0, 5.00000e+0, 0.00000e+0, 3, 1, 
08/28/2024 14:32:40.856, 08/28/2024 14:32:40.809, 4.14572e+0, 0.00000e+0, 9.60894e+1, 0.00000e+0, 3.90799e+0, 0.00000e+0, 2.69370e+4, 0.00000e+0, 4.61997e+2, 0.00000e+0, 4.01617e+0, 0.00000e+0, 4.74787e+2, 0.00000e+0, 4.57739e+2, 0.00000e+0, 3.02267e+1, 0.00000e+0, 3.20500e+1, 0.00000e+0, 3.24133e+0, 0.00000e+0, 2.87995e+0, 0.00000e+0, 2.00000e+1, 0.00000e+0, 5.00000e+0, 0.00000e+0, 3, 2, 
08/28/2024 14:32:41.871, 08/28/2024 14:32:41.805, 4.14594e+0, 0.00000e+0, 9.61224e+1, 0.00000e+0, 3.93725e+0, 0.00000e+0, 2.69339e+4, 0.00000e+0, 4.62568e+2, 0.00000e+0, 4.04623e+0, 0.00000e+0, 4.75372e+2, 0.00000e+0, 4.57682e+2, 0.00000e+0, 3.02344e+1, 0.00000e+0, 3.20556e+1, 0.00000e+0, 3.24029e+0, 0.00000e+0, 2.87946e+0, 0.00000e+0, 2.00000e+1, 0.00000e+0, 5.00000e+0, 0.00000e+0, 3, 2, 
08/28/2024 14:32:42.856, 08/28/2024 14:32:42.799, 4.14581e+0, 0.00000e+0, 9.61023e+1, 0.00000e+0, 3.96480e+0, 0.00000e+0, 2.72136e+4, 0.00000e+0, 4.63918e+2, 0.00000e+0, 4.07572e+0, 0.00000e+0, 4.76896e+2, 0.00000e+0, 4.57625e+2, 0.00000e+0, 3.02368e+1, 0.00000e+0, 3.20655e+1, 0.00000e+0, 3.24080e+0, 0.00000e+0, 2.87836e+0, 0.00000e+0, 2.00000e+1, 0.00000e+0, 5.00000e+0, 0.00000e+0, 3, 2, 
08/28/2024 14:32:43.850, 08/28/2024 14:32:43.793, 4.14544e+0, 0.00000e+0, 9.60481e+1, 0.00000e+0, 3.98401e+0, 0.00000e+0, 2.71787e+4, 0.00000e+0, 4.65155e+2, 0.00000e+0, 4.09531e+0, 0.00000e+0, 4.78150e+2, 0.00000e+0, 4.57505e+2, 0.00000e+0, 3.02389e+1, 0.00000e+0, 3.20676e+1, 0.00000e+0, 3.24078e+0, 0.00000e+0, 2.87873e+0, 0.00000e+0, 2.00000e+1, 0.00000e+0, 5.00000e+0, 0.00000e+0, 3, 3, 
08/28/2024 14:32:44.839, 08/28/2024 14:32:44.789, 4.14565e+0, 0.00000e+0, 9.60791e+1, 0.00000e+0, 4.01201e+0, 0.00000e+0, 2.72874e+4, 0.00000e+0, 4.64356e+2, 0.00000e+0, 4.12455e+0, 0.00000e+0, 4.77382e+2, 0.00000e+0, 4.57507e+2, 0.00000e+0, 3.02427e+1, 0.00000e+0, 3.20667e+1, 0.00000e+0, 3.24112e+0, 0.00000e+0, 2.87943e+0, 0.00000e+0, 2.00000e+1, 0.00000e+0, 5.00000e+0, 0.00000e+0, 3, 3, 
08/28/2024 14:32:45.847, 08/28/2024 14:32:45.782, 4.14602e+0, 0.00000e+0, 9.61336e+1, 0.00000e+0, 4.02816e+0, 0.00000e+0, 2.72952e+4, 0.00000e+0, 4.65034e+2, 0.00000e+0, 4.14120e+0, 0.00000e+0, 4.78084e+2, 0.00000e+0, 4.57630e+2, 0.00000e+0, 3.02439e+1, 0.00000e+0, 3.20797e+1, 0.00000e+0, 3.24161e+0, 0.00000e+0, 2.87918e+0, 0.00000e+0, 2.00000e+1, 0.00000e+0, 5.00000e+0, 0.00000e+0, 3, 3, 
08/28/2024 14:32:46.842, 08/28/2024 14:32:46.778, 4.14557e+0, 0.00000e+0, 9.60672e+1, 0.00000e+0, 4.05886e+0, 0.00000e+0, 2.70766e+4, 0.00000e+0, 4.66453e+2, 0.00000e+0, 4.17181e+0, 0.00000e+0, 4.79434e+2, 0.00000e+0, 4.57655e+2, 0.00000e+0, 3.02460e+1, 0.00000e+0, 3.20861e+1, 0.00000e+0, 3.24165e+0, 0.00000e+0, 2.87853e+0, 0.00000e+0, 2.00000e+1, 0.00000e+0, 5.00000e+0, 0.00000e+0, 3, 4, 
08/28/2024 14:32:47.821, 08/28/2024 14:32:47.771, 4.14584e+0, 0.00000e+0, 9.61068e+1, 0.00000e+0, 4.09551e+0, 0.00000e+0, 2.73572e+4, 0.00000e+0, 4.66606e+2, 0.00000e+0, 4.21070e+0, 0.00000e+0, 4.79730e+2, 0.00000e+0, 4.57636e+2, 0.00000e+0, 3.02482e+1, 0.00000e+0, 3.20808e+1, 0.00000e+0, 3.24214e+0, 0.00000e+0, 2.87870e+0, 0.00000e+0, 2.00000e+1, 0.00000e+0, 5.00000e+0, 0.00000e+0, 3, 4, 
08/28/2024 14:32:48.823, 08/28/2024 14:32:48.766, 4.14580e+0, 0.00000e+0, 9.61007e+1, 0.00000e+0, 4.11366e+0, 0.00000e+0, 2.73868e+4, 0.00000e+0, 4.68575e+2, 0.00000e+0, 4.22949e+0, 0.00000e+0, 4.81769e+2, 0.00000e+0, 4.57519e+2, 0.00000e+0, 3.02506e+1, 0.00000e+0, 3.20861e+1, 0.00000e+0, 3.24137e+0, 0.00000e+0, 2.87943e+0, 0.00000e+0, 2.00000e+1, 0.00000e+0, 5.00000e+0, 0.00000e+0, 3, 4, 
08/28/2024 14:32:49.816, 08/28/2024 14:32:49.761, 4.14574e+0, 0.00000e+0, 9.60921e+1, 0.00000e+0, 4.14242e+0, 0.00000e+0, 2.73227e+4, 0.00000e+0, 4.68540e+2, 0.00000e+0, 4.25878e+0, 0.00000e+0, 4.81701e+2, 0.00000e+0, 4.57594e+2, 0.00000e+0, 3.02534e+1, 0.00000e+0, 3.20901e+1, 0.00000e+0, 3.24253e+0, 0.00000e+0, 2.87925e+0, 0.00000e+0, 2.00000e+1, 0.00000e+0, 5.00000e+0, 0.00000e+0, 3, 5, 
08/28/2024 14:32:50.811, 08/28/2024 14:32:50.755, 4.14584e+0, 0.00000e+0, 9.61075e+1, 0.00000e+0, 4.15878e+0, 0.00000e+0, 2.73718e+4, 0.00000e+0, 4.69185e+2, 0.00000e+0, 4.27582e+0, 0.00000e+0, 4.82389e+2, 0.00000e+0, 4.57737e+2, 0.00000e+0, 3.02565e+1, 0.00000e+0, 3.20940e+1, 0.00000e+0, 3.24118e+0, 0.00000e+0, 2.87908e+0, 0.00000e+0, 2.00000e+1, 0.00000e+0, 5.00000e+0, 0.00000e+0, 3, 5, 
08/28/2024 14:32:51.810, 08/28/2024 14:32:51.750, 4.14599e+0, 0.00000e+0, 9.61291e+1, 0.00000e+0, 4.19234e+0, 0.00000e+0, 2.73699e+4, 0.00000e+0, 4.71293e+2, 0.00000e+0, 4.31031e+0, 0.00000e+0, 4.84555e+2, 0.00000e+0, 4.57719e+2, 0.00000e+0, 3.02586e+1, 0.00000e+0, 3.20929e+1, 0.00000e+0, 3.24062e+0, 0.00000e+0, 2.87866e+0, 0.00000e+0, 2.00000e+1, 0.00000e+0, 5.00000e+0, 0.00000e+0, 3, 5, 
08/28/2024 14:32:52.804, 08/28/2024 14:32:52.745, 4.14569e+0, 0.00000e+0, 9.60849e+1, 0.00000e+0, 4.20867e+0, 0.00000e+0, 2.74154e+4, 0.00000e+0, 4.71676e+2, 0.00000e+0, 4.32731e+0, 0.00000e+0, 4.84972e+2, 0.00000e+0, 4.57671e+2, 0.00000e+0, 3.02598e+1, 0.00000e+0, 3.20989e+1, 0.00000e+0, 3.24155e+0, 0.00000e+0, 2.87856e+0, 0.00000e+0, 2.00000e+1, 0.00000e+0, 5.00000e+0, 0.00000e+0, 3, 6, 
08/28/2024 14:32:53.792, 08/28/2024 14:32:53.739, 4.14601e+0, 0.00000e+0, 9.61321e+1, 0.00000e+0, 4.24724e+0, 0.00000e+0, 2.73114e+4, 0.00000e+0, 4.72438e+2, 0.00000e+0, 4.36650e+0, 0.00000e+0, 4.85704e+2, 0.00000e+0, 4.57676e+2, 0.00000e+0, 3.02621e+1, 0.00000e+0, 3.21026e+1, 0.00000e+0, 3.23951e+0, 0.00000e+0, 2.87857e+0, 0.00000e+0, 2.00000e+1, 0.00000e+0, 5.00000e+0, 0.00000e+0, 3, 6, 
08/28/2024 14:32:54.783, 08/28/2024 14:32:54.733, 4.14614e+0, 0.00000e+0, 9.61513e+1, 0.00000e+0, 4.26869e+0, 0.00000e+0, 2.73680e+4, 0.00000e+0, 4.72903e+2, 0.00000e+0, 4.38880e+0, 0.00000e+0, 4.86210e+2, 0.00000e+0, 4.57721e+2, 0.00000e+0, 3.02635e+1, 0.00000e+0, 3.21133e+1, 0.00000e+0, 3.24027e+0, 0.00000e+0, 2.87808e+0, 0.00000e+0, 2.00000e+1, 0.00000e+0, 5.00000e+0, 0.00000e+0, 3, 6, 
08/28/2024 14:32:55.781, 08/28/2024 14:32:55.728, 4.14607e+0, 0.00000e+0, 9.61409e+1, 0.00000e+0, 4.29653e+0, 0.00000e+0, 2.74318e+4, 0.00000e+0, 4.74003e+2, 0.00000e+0, 4.41771e+0, 0.00000e+0, 4.87373e+2, 0.00000e+0, 4.57565e+2, 0.00000e+0, 3.02597e+1, 0.00000e+0, 3.21211e+1, 0.00000e+0, 3.24195e+0, 0.00000e+0, 2.87823e+0, 0.00000e+0, 2.00000e+1, 0.00000e+0, 5.00000e+0, 0.00000e+0, 3, 7, 
08/28/2024 14:32:56.787, 08/28/2024 14:32:56.723, 4.14578e+0, 0.00000e+0, 9.60978e+1, 0.00000e+0, 4.32162e+0, 0.00000e+0, 2.74397e+4, 0.00000e+0, 4.74785e+2, 0.00000e+0, 4.44355e+0, 0.00000e+0, 4.88181e+2, 0.00000e+0, 4.57631e+2, 0.00000e+0, 3.02606e+1, 0.00000e+0, 3.21242e+1, 0.00000e+0, 3.24188e+0, 0.00000e+0, 2.87795e+0, 0.00000e+0, 2.00000e+1, 0.00000e+0, 5.00000e+0, 0.00000e+0, 3, 7, 
08/28/2024 14:32:57.773, 08/28/2024 14:32:57.717, 4.14558e+0, 0.00000e+0, 9.60689e+1, 0.00000e+0, 4.33978e+0, 0.00000e+0, 2.73541e+4, 0.00000e+0, 4.74745e+2, 0.00000e+0, 4.46183e+0, 0.00000e+0, 4.88096e+2, 0.00000e+0, 4.57678e+2, 0.00000e+0, 3.02628e+1, 0.00000e+0, 3.21309e+1, 0.00000e+0, 3.24171e+0, 0.00000e+0, 2.87765e+0, 0.00000e+0, 2.00000e+1, 0.00000e+0, 5.00000e+0, 0.00000e+0, 3, 7, 
08/28/2024 14:32:58.763, 08/28/2024 14:32:58.712, 4.14564e+0, 0.00000e+0, 9.60776e+1, 0.00000e+0, 4.36618e+0, 0.00000e+0, 2.74135e+4, 0.00000e+0, 4.75205e+2, 0.00000e+0, 4.48925e+0, 0.00000e+0, 4.88600e+2, 0.00000e+0, 4.57530e+2, 0.00000e+0, 3.02724e+1, 0.00000e+0, 3.21342e+1, 0.00000e+0, 3.24089e+0, 0.00000e+0, 2.87809e+0, 0.00000e+0, 2.00000e+1, 0.00000e+0, 5.00000e+0, 0.00000e+0, 3, 8, 
08/28/2024 14:32:59.765, 08/28/2024 14:32:59.707, 4.14581e+0, 0.00000e+0, 9.61025e+1, 0.00000e+0, 4.38804e+0, 0.00000e+0, 2.73523e+4, 0.00000e+0, 4.75688e+2, 0.00000e+0, 4.51143e+0, 0.00000e+0, 4.89065e+2, 0.00000e+0, 4.57684e+2, 0.00000e+0, 3.02740e+1, 0.00000e+0, 3.21405e+1, 0.00000e+0, 3.24038e+0, 0.00000e+0, 2.87903e+0, 0.00000e+0, 2.00000e+1, 0.00000e+0, 5.00000e+0, 0.00000e+0, 3, 8, 
08/28/2024 14:33:00.756, 08/28/2024 14:33:00.701, 4.14590e+0, 0.00000e+0, 9.61159e+1, 0.00000e+0, 4.41291e+0, 0.00000e+0, 2.74246e+4, 0.00000e+0, 4.77338e+2, 0.00000e+0, 4.53734e+0, 0.00000e+0, 4.90798e+2, 0.00000e+0, 4.57588e+2, 0.00000e+0, 3.02760e+1, 0.00000e+0, 3.21537e+1, 0.00000e+0, 3.24142e+0, 0.00000e+0, 2.87847e+0, 0.00000e+0, 2.00000e+1, 0.00000e+0, 5.00000e+0, 0.00000e+0, 3, 8, 
08/28/2024 14:33:01.760, 08/28/2024 14:33:01.695, 4.14579e+0, 0.00000e+0, 9.61002e+1, 0.00000e+0, 4.44164e+0, 0.00000e+0, 2.72570e+4, 0.00000e+0, 4.77635e+2, 0.00000e+0, 4.56610e+0, 0.00000e+0, 4.91018e+2, 0.00000e+0, 4.57632e+2, 0.00000e+0, 3.02778e+1, 0.00000e+0, 3.21562e+1, 0.00000e+0, 3.24192e+0, 0.00000e+0, 2.87843e+0, 0.00000e+0, 2.00000e+1, 0.00000e+0, 5.00000e+0, 0.00000e+0, 3, 1, 
08/28/2024 14:33:02.739, 08/28/2024 14:33:02.690, 4.14576e+0, 0.00000e+0, 9.60949e+1, 0.00000e+0, 4.46645e+0, 0.00000e+0, 2.71693e+4, 0.00000e+0, 4.77468e+2, 0.00000e+0, 4.59119e+0, 0.00000e+0, 4.90803e+2, 0.00000e+0, 4.57545e+2, 0.00000e+0, 3.02811e+1, 0.00000e+0, 3.21607e+1, 0.00000e+0, 3.24262e+0, 0.00000e+0, 2.87803e+0, 0.00000e+0, 2.00000e+1, 0.00000e+0, 5.00000e+0, 0.00000e+0, 3, 1, 
08/28/2024 14:33:03.738, 08/28/2024 14:33:03.684, 4.14589e+0, 0.00000e+0, 9.61144e+1, 0.00000e+0, 4.48545e+0, 0.00000e+0, 2.73448e+4, 0.00000e+0, 4.78766e+2, 0.00000e+0, 4.61155e+0, 0.00000e+0, 4.92226e+2, 0.00000e+0, 4.57478e+2, 0.00000e+0, 3.02909e+1, 0.00000e+0, 3.21672e+1, 0.00000e+0, 3.24301e+0, 0.00000e+0, 2.87857e+0, 0.00000e+0, 2.00000e+1, 0.00000e+0, 5.00000e+0, 0.00000e+0, 3, 1, 
08/28/2024 14:33:04.732, 08/28/2024 14:33:04.679, 4.14558e+0, 0.00000e+0, 9.60690e+1, 0.00000e+0, 4.51123e+0, 0.00000e+0, 2.72160e+4, 0.00000e+0, 4.78649e+2, 0.00000e+0, 4.63744e+0, 0.00000e+0, 4.92041e+2, 0.00000e+0, 4.57840e+2, 0.00000e+0, 3.02928e+1, 0.00000e+0, 3.21720e+1, 0.00000e+0, 3.24302e+0, 0.00000e+0, 2.87759e+0, 0.00000e+0, 2.00000e+1, 0.00000e+0, 5.00000e+0, 0.00000e+0, 3, 2, 
08/28/2024 14:33:05.720, 08/28/2024 14:33:05.673, 4.14588e+0, 0.00000e+0, 9.61132e+1, 0.00000e+0, 4.53743e+0, 0.00000e+0, 2.71717e+4, 0.00000e+0, 4.80328e+2, 0.00000e+0, 4.66417e+0, 0.00000e+0, 4.93744e+2, 0.00000e+0, 4.57641e+2, 0.00000e+0, 3.02955e+1, 0.00000e+0, 3.21711e+1, 0.00000e+0, 3.24285e+0, 0.00000e+0, 2.87760e+0, 0.00000e+0, 2.00000e+1, 0.00000e+0, 5.00000e+0, 0.00000e+0, 3, 2, 
08/28/2024 14:33:06.725, 08/28/2024 14:33:06.669, 4.14578e+0, 0.00000e+0, 9.60987e+1, 0.00000e+0, 4.56110e+0, 0.00000e+0, 2.71667e+4, 0.00000e+0, 4.79647e+2, 0.00000e+0, 4.68847e+0, 0.00000e+0, 4.93041e+2, 0.00000e+0, 4.57599e+2, 0.00000e+0, 3.02959e+1, 0.00000e+0, 3.21766e+1, 0.00000e+0, 3.24319e+0, 0.00000e+0, 2.87778e+0, 0.00000e+0, 2.00000e+1, 0.00000e+0, 5.00000e+0, 0.00000e+0, 3, 2, 
08/28/2024 14:33:07.724, 08/28/2024 14:33:07.663, 4.14557e+0, 0.00000e+0, 9.60668e+1, 0.00000e+0, 4.58912e+0, 0.00000e+0, 2.71877e+4, 0.00000e+0, 4.82616e+2, 0.00000e+0, 4.71737e+0, 0.00000e+0, 4.96104e+2, 0.00000e+0, 4.57694e+2, 0.00000e+0, 3.02941e+1, 0.00000e+0, 3.21727e+1, 0.00000e+0, 3.24249e+0, 0.00000e+0, 2.87706e+0, 0.00000e+0, 2.00000e+1, 0.00000e+0, 5.00000e+0, 0.00000e+0, 3, 3, 
08/28/2024 14:33:08.711, 08/28/2024 14:33:08.656, 4.14567e+0, 0.00000e+0, 9.60824e+1, 0.00000e+0, 4.60970e+0, 0.00000e+0, 2.71856e+4, 0.00000e+0, 4.81362e+2, 0.00000e+0, 4.73852e+0, 0.00000e+0, 4.94814e+2, 0.00000e+0, 4.57521e+2, 0.00000e+0, 3.03008e+1, 0.00000e+0, 3.21721e+1, 0.00000e+0, 3.24329e+0, 0.00000e+0, 2.87718e+0, 0.00000e+0, 2.00000e+1, 0.00000e+0, 5.00000e+0, 0.00000e+0, 3, 3, 
08/28/2024 14:33:09.708, 08/28/2024 14:33:09.651, 4.14577e+0, 0.00000e+0, 9.60965e+1, 0.00000e+0, 4.63297e+0, 0.00000e+0, 2.71361e+4, 0.00000e+0, 4.83935e+2, 0.00000e+0, 4.76220e+0, 0.00000e+0, 4.97433e+2, 0.00000e+0, 4.57846e+2, 0.00000e+0, 3.03042e+1, 0.00000e+0, 3.21828e+1, 0.00000e+0, 3.24364e+0, 0.00000e+0, 2.87669e+0, 0.00000e+0, 2.00000e+1, 0.00000e+0, 5.00000e+0, 0.00000e+0, 3, 3, 
08/28/2024 14:33:10.707, 08/28/2024 14:33:10.646, 4.14609e+0, 0.00000e+0, 9.61445e+1, 0.00000e+0, 4.65683e+0, 0.00000e+0, 2.72642e+4, 0.00000e+0, 4.83810e+2, 0.00000e+0, 4.78735e+0, 0.00000e+0, 4.97370e+2, 0.00000e+0, 4.57738e+2, 0.00000e+0, 3.02990e+1, 0.00000e+0, 3.21853e+1, 0.00000e+0, 3.24306e+0, 0.00000e+0, 2.87618e+0, 0.00000e+0, 2.00000e+1, 0.00000e+0, 5.00000e+0, 0.00000e+0, 3, 4, 
08/28/2024 14:33:11.693, 08/28/2024 14:33:11.640, 4.14601e+0, 0.00000e+0, 9.61318e+1, 0.00000e+0, 4.68153e+0, 0.00000e+0, 2.71925e+4, 0.00000e+0, 4.83771e+2, 0.00000e+0, 4.81239e+0, 0.00000e+0, 4.97294e+2, 0.00000e+0, 4.57694e+2, 0.00000e+0, 3.03015e+1, 0.00000e+0, 3.21847e+1, 0.00000e+0, 3.24381e+0, 0.00000e+0, 2.87808e+0, 0.00000e+0, 2.00000e+1, 0.00000e+0, 5.00000e+0, 0.00000e+0, 3, 4, 
08/28/2024 14:33:12.683, 08/28/2024 14:33:12.634, 4.14570e+0, 0.00000e+0, 9.60856e+1, 0.00000e+0, 4.70356e+0, 0.00000e+0, 2.72388e+4, 0.00000e+0, 4.84493e+2, 0.00000e+0, 4.83526e+0, 0.00000e+0, 4.98060e+2, 0.00000e+0, 4.57589e+2, 0.00000e+0, 3.03014e+1, 0.00000e+0, 3.21869e+1, 0.00000e+0, 3.24389e+0, 0.00000e+0, 2.87655e+0, 0.00000e+0, 2.00000e+1, 0.00000e+0, 5.00000e+0, 0.00000e+0, 3, 4, 
08/28/2024 14:33:13.686, 08/28/2024 14:33:13.630, 4.14567e+0, 0.00000e+0, 9.60816e+1, 0.00000e+0, 4.71747e+0, 0.00000e+0, 2.72318e+4, 0.00000e+0, 4.85498e+2, 0.00000e+0, 4.84954e+0, 0.00000e+0, 4.99089e+2, 0.00000e+0, 4.57644e+2, 0.00000e+0, 3.03014e+1, 0.00000e+0, 3.21894e+1, 0.00000e+0, 3.24365e+0, 0.00000e+0, 2.87629e+0, 0.00000e+0, 2.00000e+1, 0.00000e+0, 5.00000e+0, 0.00000e+0, 3, 5, 
08/28/2024 14:33:14.690, 08/28/2024 14:33:14.625, 4.14602e+0, 0.00000e+0, 9.61347e+1, 0.00000e+0, 4.74351e+0, 0.00000e+0, 2.72596e+4, 0.00000e+0, 4.86311e+2, 0.00000e+0, 4.87644e+0, 0.00000e+0, 4.99939e+2, 0.00000e+0, 4.57764e+2, 0.00000e+0, 3.02992e+1, 0.00000e+0, 3.22013e+1, 0.00000e+0, 3.24224e+0, 0.00000e+0, 2.87698e+0, 0.00000e+0, 2.00000e+1, 0.00000e+0, 5.00000e+0, 0.00000e+0, 3, 5, 
08/28/2024 14:33:15.675, 08/28/2024 14:33:15.618, 4.14590e+0, 0.00000e+0, 9.61154e+1, 0.00000e+0, 4.77477e+0, 0.00000e+0, 2.74937e+4, 0.00000e+0, 4.85462e+2, 0.00000e+0, 4.90976e+0, 0.00000e+0, 4.99187e+2, 0.00000e+0, 4.57579e+2, 0.00000e+0, 3.03123e+1, 0.00000e+0, 3.22143e+1, 0.00000e+0, 3.24353e+0, 0.00000e+0, 2.87631e+0, 0.00000e+0, 2.00000e+1, 0.00000e+0, 5.00000e+0, 0.00000e+0, 3, 5, 
08/28/2024 14:33:16.662, 08/28/2024 14:33:16.614, 4.14599e+0, 0.00000e+0, 9.61300e+1, 0.00000e+0, 4.80094e+0, 0.00000e+0, 2.72107e+4, 0.00000e+0, 4.86130e+2, 0.00000e+0, 4.93523e+0, 0.00000e+0, 4.99728e+2, 0.00000e+0, 4.57764e+2, 0.00000e+0, 3.03143e+1, 0.00000e+0, 3.22237e+1, 0.00000e+0, 3.24382e+0, 0.00000e+0, 2.87611e+0, 0.00000e+0, 2.00000e+1, 0.00000e+0, 5.00000e+0, 0.00000e+0, 3, 6, 
08/28/2024 14:33:17.662, 08/28/2024 14:33:17.608, 4.14594e+0, 0.00000e+0, 9.61219e+1, 0.00000e+0, 4.82170e+0, 0.00000e+0, 2.73140e+4, 0.00000e+0, 4.86006e+2, 0.00000e+0, 4.95710e+0, 0.00000e+0, 4.99653e+2, 0.00000e+0, 4.57710e+2, 0.00000e+0, 3.03104e+1, 0.00000e+0, 3.22246e+1, 0.00000e+0, 3.24381e+0, 0.00000e+0, 2.87578e+0, 0.00000e+0, 2.00000e+1, 0.00000e+0, 5.00000e+0, 0.00000e+0, 3, 6, 
08/28/2024 14:33:18.654, 08/28/2024 14:33:18.603, 4.14561e+0, 0.00000e+0, 9.60732e+1, 0.00000e+0, 4.84282e+0, 0.00000e+0, 2.71884e+4, 0.00000e+0, 4.87656e+2, 0.00000e+0, 4.97817e+0, 0.00000e+0, 5.01285e+2, 0.00000e+0, 4.57736e+2, 0.00000e+0, 3.03125e+1, 0.00000e+0, 3.22327e+1, 0.00000e+0, 3.24377e+0, 0.00000e+0, 2.87629e+0, 0.00000e+0, 2.00000e+1, 0.00000e+0, 5.00000e+0, 0.00000e+0, 3, 6, 
08/28/2024 14:33:19.649, 08/28/2024 14:33:19.598, 4.14569e+0, 0.00000e+0, 9.60841e+1, 0.00000e+0, 4.86133e+0, 0.00000e+0, 2.72236e+4, 0.00000e+0, 4.87827e+2, 0.00000e+0, 4.99738e+0, 0.00000e+0, 5.01479e+2, 0.00000e+0, 4.57650e+2, 0.00000e+0, 3.03225e+1, 0.00000e+0, 3.22439e+1, 0.00000e+0, 3.24338e+0, 0.00000e+0, 2.87598e+0, 0.00000e+0, 2.00000e+1, 0.00000e+0, 5.00000e+0, 0.00000e+0, 3, 7, 
08/28/2024 14:33:20.645, 08/28/2024 14:33:20.592, 4.14593e+0, 0.00000e+0, 9.61199e+1, 0.00000e+0, 4.87868e+0, 0.00000e+0, 2.73481e+4, 0.00000e+0, 4.88875e+2, 0.00000e+0, 5.01586e+0, 0.00000e+0, 5.02620e+2, 0.00000e+0, 4.57509e+2, 0.00000e+0, 3.03170e+1, 0.00000e+0, 3.22486e+1, 0.00000e+0, 3.24387e+0, 0.00000e+0, 2.87641e+0, 0.00000e+0, 2.00000e+1, 0.00000e+0, 5.00000e+0, 0.00000e+0, 3, 7, 
08/28/2024 14:33:21.650, 08/28/2024 14:33:21.587, 4.14589e+0, 0.00000e+0, 9.61152e+1, 0.00000e+0, 4.91376e+0, 0.00000e+0, 2.72590e+4, 0.00000e+0, 4.89730e+2, 0.00000e+0, 5.05146e+0, 0.00000e+0, 5.03454e+2, 0.00000e+0, 4.57686e+2, 0.00000e+0, 3.03173e+1, 0.00000e+0, 3.22524e+1, 0.00000e+0, 3.24304e+0, 0.00000e+0, 2.87660e+0, 0.00000e+0, 2.00000e+1, 0.00000e+0, 5.00000e+0, 0.00000e+0, 3, 7, 
08/28/2024 14:33:22.636, 08/28/2024 14:33:22.580, 4.14575e+0, 0.00000e+0, 9.60931e+1, 0.00000e+0, 4.93681e+0, 0.00000e+0, 2.74151e+4, 0.00000e+0, 4.90425e+2, 0.00000e+0, 5.07597e+0, 0.00000e+0, 5.04249e+2, 0.00000e+0, 4.57748e+2, 0.00000e+0, 3.03212e+1, 0.00000e+0, 3.22517e+1, 0.00000e+0, 3.24391e+0, 0.00000e+0, 2.87734e+0, 0.00000e+0, 2.00000e+1, 0.00000e+0, 5.00000e+0, 0.00000e+0, 3, 8, 
08/28/2024 14:33:23.630, 08/28/2024 14:33:23.574, 4.14547e+0, 0.00000e+0, 9.60515e+1, 0.00000e+0, 4.96212e+0, 0.00000e+0, 2.72234e+4, 0.00000e+0, 4.91715e+2, 0.00000e+0, 5.10098e+0, 0.00000e+0, 5.05476e+2, 0.00000e+0, 4.57693e+2, 0.00000e+0, 3.03251e+1, 0.00000e+0, 3.22537e+1, 0.00000e+0, 3.24343e+0, 0.00000e+0, 2.87670e+0, 0.00000e+0, 2.00000e+1, 0.00000e+0, 5.00000e+0, 0.00000e+0, 3, 8, 
08/28/2024 14:33:24.626, 08/28/2024 14:33:24.569, 4.14574e+0, 0.00000e+0, 9.60929e+1, 0.00000e+0, 4.98307e+0, 0.00000e+0, 2.74458e+4, 0.00000e+0, 4.91323e+2, 0.00000e+0, 5.12370e+0, 0.00000e+0, 5.05189e+2, 0.00000e+0, 4.57865e+2, 0.00000e+0, 3.03261e+1, 0.00000e+0, 3.22625e+1, 0.00000e+0, 3.24298e+0, 0.00000e+0, 2.87772e+0, 0.00000e+0, 2.00000e+1, 0.00000e+0, 5.00000e+0, 0.00000e+0, 3, 8, 
08/28/2024 14:33:25.623, 08/28/2024 14:33:25.571, 4.14561e+0, 0.00000e+0, 9.60726e+1, 0.00000e+0, 5.00545e+0, 0.00000e+0, 2.74138e+4, 0.00000e+0, 4.93079e+2, 0.00000e+0, 5.14654e+0, 0.00000e+0, 5.06977e+2, 0.00000e+0, 4.57748e+2, 0.00000e+0, 3.03332e+1, 0.00000e+0, 3.22761e+1, 0.00000e+0, 3.24366e+0, 0.00000e+0, 2.87641e+0, 0.00000e+0, 2.00000e+1, 0.00000e+0, 5.00000e+0, 0.00000e+0, 3, 1, 
08/28/2024 14:33:26.620, 08/28/2024 14:33:26.566, 4.14525e+0, 0.00000e+0, 9.60199e+1, 0.00000e+0, 5.03412e+0, 0.00000e+0, 2.72065e+4, 0.00000e+0, 4.91818e+2, 0.00000e+0, 5.17491e+0, 0.00000e+0, 5.05573e+2, 0.00000e+0, 4.57690e+2, 0.00000e+0, 3.03674e+1, 0.00000e+0, 3.22754e+1, 0.00000e+0, 3.24239e+0, 0.00000e+0, 2.87749e+0, 0.00000e+0, 2.00000e+1, 0.00000e+0, 5.00000e+0, 0.00000e+0, 3, 1, 
08/28/2024 14:33:27.613, 08/28/2024 14:33:27.560, 4.14542e+0, 0.00000e+0, 9.60443e+1, 0.00000e+0, 5.04852e+0, 0.00000e+0, 2.74720e+4, 0.00000e+0, 4.92722e+2, 0.00000e+0, 5.19114e+0, 0.00000e+0, 5.06640e+2, 0.00000e+0, 4.57572e+2, 0.00000e+0, 3.03351e+1, 0.00000e+0, 3.22791e+1, 0.00000e+0, 3.24316e+0, 0.00000e+0, 2.87862e+0, 0.00000e+0, 2.00000e+1, 0.00000e+0, 5.00000e+0, 0.00000e+0, 3, 1, 
08/28/2024 14:33:28.615, 08/28/2024 14:33:28.554, 4.14582e+0, 0.00000e+0, 9.61046e+1, 0.00000e+0, 5.07679e+0, 0.00000e+0, 2.73132e+4, 0.00000e+0, 4.94084e+2, 0.00000e+0, 5.21935e+0, 0.00000e+0, 5.07958e+2, 0.00000e+0, 4.57818e+2, 0.00000e+0, 3.03386e+1, 0.00000e+0, 3.22834e+1, 0.00000e+0, 3.24226e+0, 0.00000e+0, 2.87751e+0, 0.00000e+0, 2.00000e+1, 0.00000e+0, 5.00000e+0, 0.00000e+0, 3, 2, 
08/28/2024 14:33:29.602, 08/28/2024 14:33:29.550, 4.14573e+0, 0.00000e+0, 9.60913e+1, 0.00000e+0, 5.10752e+0, 0.00000e+0, 2.75587e+4, 0.00000e+0, 4.94166e+2, 0.00000e+0, 5.25226e+0, 0.00000e+0, 5.08171e+2, 0.00000e+0, 4.57810e+2, 0.00000e+0, 3.03453e+1, 0.00000e+0, 3.22879e+1, 0.00000e+0, 3.24207e+0, 0.00000e+0, 2.87677e+0, 0.00000e+0, 2.00000e+1, 0.00000e+0, 5.00000e+0, 0.00000e+0, 3, 2, 
08/28/2024 14:33:30.595, 08/28/2024 14:33:30.543, 4.14575e+0, 0.00000e+0, 9.60934e+1, 0.00000e+0, 5.12544e+0, 0.00000e+0, 2.74448e+4, 0.00000e+0, 4.94623e+2, 0.00000e+0, 5.27008e+0, 0.00000e+0, 5.08581e+2, 0.00000e+0, 4.57835e+2, 0.00000e+0, 3.03436e+1, 0.00000e+0, 3.22973e+1, 0.00000e+0, 3.24136e+0, 0.00000e+0, 2.87768e+0, 0.00000e+0, 2.00000e+1, 0.00000e+0, 5.00000e+0, 0.00000e+0, 3, 2, 
08/28/2024 14:33:31.592, 08/28/2024 14:33:31.537, 4.14575e+0, 0.00000e+0, 9.60944e+1, 0.00000e+0, 5.14615e+0, 0.00000e+0, 2.72294e+4, 0.00000e+0, 4.95275e+2, 0.00000e+0, 5.29020e+0, 0.00000e+0, 5.09139e+2, 0.00000e+0, 4.57709e+2, 0.00000e+0, 3.03513e+1, 0.00000e+0, 3.22980e+1, 0.00000e+0, 3.24173e+0, 0.00000e+0, 2.87632e+0, 0.00000e+0, 2.00000e+1, 0.00000e+0, 5.00000e+0, 0.00000e+0, 3, 3, 
08/28/2024 14:33:32.581, 08/28/2024 14:33:32.533, 4.14547e+0, 0.00000e+0, 9.60517e+1, 0.00000e+0, 5.17524e+0, 0.00000e+0, 2.73011e+4, 0.00000e+0, 4.95810e+2, 0.00000e+0, 5.32050e+0, 0.00000e+0, 5.09726e+2, 0.00000e+0, 4.57739e+2, 0.00000e+0, 3.03450e+1, 0.00000e+0, 3.23003e+1, 0.00000e+0, 3.24233e+0, 0.00000e+0, 2.87686e+0, 0.00000e+0, 2.00000e+1, 0.00000e+0, 5.00000e+0, 0.00000e+0, 3, 3, 
08/28/2024 14:33:33.581, 08/28/2024 14:33:33.527, 4.14583e+0, 0.00000e+0, 9.61050e+1, 0.00000e+0, 5.20242e+0, 0.00000e+0, 2.74713e+4, 0.00000e+0, 4.96407e+2, 0.00000e+0, 5.34937e+0, 0.00000e+0, 5.10429e+2, 0.00000e+0, 4.57725e+2, 0.00000e+0, 3.03466e+1, 0.00000e+0, 3.23030e+1, 0.00000e+0, 3.24099e+0, 0.00000e+0, 2.87772e+0, 0.00000e+0, 2.00000e+1, 0.00000e+0, 5.00000e+0, 0.00000e+0, 3, 3, 
08/28/2024 14:33:34.575, 08/28/2024 14:33:34.521, 4.14569e+0, 0.00000e+0, 9.60842e+1, 0.00000e+0, 5.22391e+0, 0.00000e+0, 2.74502e+4, 0.00000e+0, 4.97199e+2, 0.00000e+0, 5.37135e+0, 0.00000e+0, 5.11233e+2, 0.00000e+0, 4.57657e+2, 0.00000e+0, 3.03479e+1, 0.00000e+0, 3.23082e+1, 0.00000e+0, 3.24091e+0, 0.00000e+0, 2.87751e+0, 0.00000e+0, 2.00000e+1, 0.00000e+0, 5.00000e+0, 0.00000e+0, 3, 4, 
08/28/2024 14:33:35.578, 08/28/2024 14:33:35.515, 4.14594e+0, 0.00000e+0, 9.61217e+1, 0.00000e+0, 5.24679e+0, 0.00000e+0, 2.75580e+4, 0.00000e+0, 4.98063e+2, 0.00000e+0, 5.39547e+0, 0.00000e+0, 5.12178e+2, 0.00000e+0, 4.57531e+2, 0.00000e+0, 3.03512e+1, 0.00000e+0, 3.23084e+1, 0.00000e+0, 3.24176e+0, 0.00000e+0, 2.87790e+0, 0.00000e+0, 2.00000e+1, 0.00000e+0, 5.00000e+0, 0.00000e+0, 3, 4, 
08/28/2024 14:33:36.570, 08/28/2024 14:33:36.510, 4.14583e+0, 0.00000e+0, 9.61055e+1, 0.00000e+0, 5.26195e+0, 0.00000e+0, 2.74869e+4, 0.00000e+0, 4.96983e+2, 0.00000e+0, 5.41068e+0, 0.00000e+0, 5.11030e+2, 0.00000e+0, 4.57723e+2, 0.00000e+0, 3.03527e+1, 0.00000e+0, 3.23136e+1, 0.00000e+0, 3.24194e+0, 0.00000e+0, 2.87748e+0, 0.00000e+0, 2.00000e+1, 0.00000e+0, 5.00000e+0, 0.00000e+0, 3, 4, 
08/28/2024 14:33:37.556, 08/28/2024 14:33:37.505, 4.14547e+0, 0.00000e+0, 9.60517e+1, 0.00000e+0, 5.28463e+0, 0.00000e+0, 2.74174e+4, 0.00000e+0, 4.98225e+2, 0.00000e+0, 5.43361e+0, 0.00000e+0, 5.12270e+2, 0.00000e+0, 4.57639e+2, 0.00000e+0, 3.03576e+1, 0.00000e+0, 3.23187e+1, 0.00000e+0, 3.23951e+0, 0.00000e+0, 2.87750e+0, 0.00000e+0, 2.00000e+1, 0.00000e+0, 5.00000e+0, 0.00000e+0, 3, 5, 
08/28/2024 14:33:38.559, 08/28/2024 14:33:38.499, 4.14560e+0, 0.00000e+0, 9.60709e+1, 0.00000e+0, 5.30433e+0, 0.00000e+0, 2.75019e+4, 0.00000e+0, 4.99800e+2, 0.00000e+0, 5.45434e+0, 0.00000e+0, 5.13934e+2, 0.00000e+0, 4.57877e+2, 0.00000e+0, 3.03581e+1, 0.00000e+0, 3.23230e+1, 0.00000e+0, 3.24135e+0, 0.00000e+0, 2.87664e+0, 0.00000e+0, 2.00000e+1, 0.00000e+0, 5.00000e+0, 0.00000e+0, 3, 5, 
08/28/2024 14:33:39.547, 08/28/2024 14:33:39.494, 4.14580e+0, 0.00000e+0, 9.61006e+1, 0.00000e+0, 5.33123e+0, 0.00000e+0, 2.73710e+4, 0.00000e+0, 5.01368e+2, 0.00000e+0, 5.48126e+0, 0.00000e+0, 5.15477e+2, 0.00000e+0, 4.57734e+2, 0.00000e+0, 3.03617e+1, 0.00000e+0, 3.23304e+1, 0.00000e+0, 3.24215e+0, 0.00000e+0, 2.87729e+0, 0.00000e+0, 2.00000e+1, 0.00000e+0, 5.00000e+0, 0.00000e+0, 3, 5, 
08/28/2024 14:33:40.541, 08/28/2024 14:33:40.489, 4.14565e+0, 0.00000e+0, 9.60782e+1, 0.00000e+0, 5.36086e+0, 0.00000e+0, 2.73955e+4, 0.00000e+0, 5.00820e+2, 0.00000e+0, 5.51186e+0, 0.00000e+0, 5.14927e+2, 0.00000e+0, 4.57724e+2, 0.00000e+0, 3.03631e+1, 0.00000e+0, 3.23351e+1, 0.00000e+0, 3.24168e+0, 0.00000e+0, 2.87897e+0, 0.00000e+0, 2.00000e+1, 0.00000e+0, 5.00000e+0, 0.00000e+0, 3, 6, 
08/28/2024 14:33:41.532, 08/28/2024 14:33:41.483, 4.14583e+0, 0.00000e+0, 9.61062e+1, 0.00000e+0, 5.37534e+0, 0.00000e+0, 2.74806e+4, 0.00000e+0, 5.01023e+2, 0.00000e+0, 5.52723e+0, 0.00000e+0, 5.15180e+2, 0.00000e+0, 4.57788e+2, 0.00000e+0, 3.03690e+1, 0.00000e+0, 3.23315e+1, 0.00000e+0, 3.24169e+0, 0.00000e+0, 2.87788e+0, 0.00000e+0, 2.00000e+1, 0.00000e+0, 5.00000e+0, 0.00000e+0, 3, 6, 
08/28/2024 14:33:42.533, 08/28/2024 14:33:42.478, 4.14581e+0, 0.00000e+0, 9.61023e+1, 0.00000e+0, 5.39861e+0, 0.00000e+0, 2.73694e+4, 0.00000e+0, 5.01828e+2, 0.00000e+0, 5.55053e+0, 0.00000e+0, 5.15949e+2, 0.00000e+0, 4.57741e+2, 0.00000e+0, 3.03682e+1, 0.00000e+0, 3.23312e+1, 0.00000e+0, 3.24218e+0, 0.00000e+0, 2.87777e+0, 0.00000e+0, 2.00000e+1, 0.00000e+0, 5.00000e+0, 0.00000e+0, 3, 6, 
08/28/2024 14:33:43.539, 08/28/2024 14:33:43.473, 4.14582e+0, 0.00000e+0, 9.61045e+1, 0.00000e+0, 5.41849e+0, 0.00000e+0, 2.74090e+4, 0.00000e+0, 5.02596e+2, 0.00000e+0, 5.57119e+0, 0.00000e+0, 5.16760e+2, 0.00000e+0, 4.57840e+2, 0.00000e+0, 3.03698e+1, 0.00000e+0, 3.23312e+1, 0.00000e+0, 3.24258e+0, 0.00000e+0, 2.87687e+0, 0.00000e+0, 2.00000e+1, 0.00000e+0, 5.00000e+0, 0.00000e+0, 3, 7, 
08/28/2024 14:33:44.523, 08/28/2024 14:33:44.466, 4.14577e+0, 0.00000e+0, 9.60967e+1, 0.00000e+0, 5.45256e+0, 0.00000e+0, 2.72983e+4, 0.00000e+0, 5.03205e+2, 0.00000e+0, 5.60559e+0, 0.00000e+0, 5.17327e+2, 0.00000e+0, 4.57557e+2, 0.00000e+0, 3.03718e+1, 0.00000e+0, 3.23308e+1, 0.00000e+0, 3.24068e+0, 0.00000e+0, 2.87749e+0, 0.00000e+0, 2.00000e+1, 0.00000e+0, 5.00000e+0, 0.00000e+0, 3, 7, 
08/28/2024 14:33:45.515, 08/28/2024 14:33:45.462, 4.14595e+0, 0.00000e+0, 9.61241e+1, 0.00000e+0, 5.46818e+0, 0.00000e+0, 2.73988e+4, 0.00000e+0, 5.03268e+2, 0.00000e+0, 5.62222e+0, 0.00000e+0, 5.17445e+2, 0.00000e+0, 4.57877e+2, 0.00000e+0, 3.03736e+1, 0.00000e+0, 3.23359e+1, 0.00000e+0, 3.24200e+0, 0.00000e+0, 2.87706e+0, 0.00000e+0, 2.00000e+1, 0.00000e+0, 5.00000e+0, 0.00000e+0, 3, 7, 
08/28/2024 14:33:46.511, 08/28/2024 14:33:46.457, 4.14547e+0, 0.00000e+0, 9.60516e+1, 0.00000e+0, 5.49236e+0, 0.00000e+0, 2.76708e+4, 0.00000e+0, 5.03753e+2, 0.00000e+0, 5.64866e+0, 0.00000e+0, 5.18088e+2, 0.00000e+0, 4.57685e+2, 0.00000e+0, 3.03749e+1, 0.00000e+0, 3.23424e+1, 0.00000e+0, 3.24213e+0, 0.00000e+0, 2.87716e+0, 0.00000e+0, 2.00000e+1, 0.00000e+0, 5.00000e+0, 0.00000e+0, 3, 8, 
08/28/2024 14:33:47.503, 08/28/2024 14:33:47.451, 4.14562e+0, 0.00000e+0, 9.60748e+1, 0.00000e+0, 5.50956e+0, 0.00000e+0, 2.75052e+4, 0.00000e+0, 5.05480e+2, 0.00000e+0, 5.66539e+0, 0.00000e+0, 5.19777e+2, 0.00000e+0, 4.57762e+2, 0.00000e+0, 3.03792e+1, 0.00000e+0, 3.23510e+1, 0.00000e+0, 3.24197e+0, 0.00000e+0, 2.87720e+0, 0.00000e+0, 2.00000e+1, 0.00000e+0, 5.00000e+0, 0.00000e+0, 3, 8, 
08/28/2024 14:33:48.495, 08/28/2024 14:33:48.444, 4.14609e+0, 0.00000e+0, 9.61439e+1, 0.00000e+0, 5.53435e+0, 0.00000e+0, 2.74861e+4, 0.00000e+0, 5.05639e+2, 0.00000e+0, 5.69076e+0, 0.00000e+0, 5.19930e+2, 0.00000e+0, 4.57874e+2, 0.00000e+0, 3.03792e+1, 0.00000e+0, 3.23563e+1, 0.00000e+0, 3.24173e+0, 0.00000e+0, 2.87709e+0, 0.00000e+0, 2.00000e+1, 0.00000e+0, 5.00000e+0, 0.00000e+0, 3, 8, 
08/28/2024 14:33:49.493, 08/28/2024 14:33:49.440, 4.14582e+0, 0.00000e+0, 9.61048e+1, 0.00000e+0, 5.56128e+0, 0.00000e+0, 2.74829e+4, 0.00000e+0, 5.07571e+2, 0.00000e+0, 5.71844e+0, 0.00000e+0, 5.21915e+2, 0.00000e+0, 4.57575e+2, 0.00000e+0, 3.03789e+1, 0.00000e+0, 3.23585e+1, 0.00000e+0, 3.24228e+0, 0.00000e+0, 2.87610e+0, 0.00000e+0, 2.00000e+1, 0.00000e+0, 5.00000e+0, 0.00000e+0, 3, 1, 
08/28/2024 14:33:50.483, 08/28/2024 14:33:50.434, 4.14606e+0, 0.00000e+0, 9.61393e+1, 0.00000e+0, 5.57860e+0, 0.00000e+0, 2.75826e+4, 0.00000e+0, 5.07972e+2, 0.00000e+0, 5.73683e+0, 0.00000e+0, 5.22381e+2, 0.00000e+0, 4.57764e+2, 0.00000e+0, 3.03808e+1, 0.00000e+0, 3.23586e+1, 0.00000e+0, 3.24236e+0, 0.00000e+0, 2.87695e+0, 0.00000e+0, 2.00000e+1, 0.00000e+0, 5.00000e+0, 0.00000e+0, 3, 1, 
08/28/2024 14:33:51.493, 08/28/2024 14:33:51.429, 4.14629e+0, 0.00000e+0, 9.61743e+1, 0.00000e+0, 5.61029e+0, 0.00000e+0, 2.74687e+4, 0.00000e+0, 5.07615e+2, 0.00000e+0, 5.76875e+0, 0.00000e+0, 5.21952e+2, 0.00000e+0, 4.57792e+2, 0.00000e+0, 3.03832e+1, 0.00000e+0, 3.23572e+1, 0.00000e+0, 3.24049e+0, 0.00000e+0, 2.87673e+0, 0.00000e+0, 2.00000e+1, 0.00000e+0, 5.00000e+0, 0.00000e+0, 3, 1, 
08/28/2024 14:33:52.478, 08/28/2024 14:33:52.423, 4.14590e+0, 0.00000e+0, 9.61163e+1, 0.00000e+0, 5.62988e+0, 0.00000e+0, 2.73743e+4, 0.00000e+0, 5.08756e+2, 0.00000e+0, 5.78834e+0, 0.00000e+0, 5.23075e+2, 0.00000e+0, 4.57670e+2, 0.00000e+0, 3.03883e+1, 0.00000e+0, 3.23578e+1, 0.00000e+0, 3.23996e+0, 0.00000e+0, 2.87650e+0, 0.00000e+0, 2.00000e+1, 0.00000e+0, 5.00000e+0, 0.00000e+0, 3, 2, 
08/28/2024 14:33:53.473, 08/28/2024 14:33:53.419, 4.14623e+0, 0.00000e+0, 9.61659e+1, 0.00000e+0, 5.65567e+0, 0.00000e+0, 2.73381e+4, 0.00000e+0, 5.09214e+2, 0.00000e+0, 5.81463e+0, 0.00000e+0, 5.23526e+2, 0.00000e+0, 4.57894e+2, 0.00000e+0, 3.03907e+1, 0.00000e+0, 3.23612e+1, 0.00000e+0, 3.23969e+0, 0.00000e+0, 2.87610e+0, 0.00000e+0, 2.00000e+1, 0.00000e+0, 5.00000e+0, 0.00000e+0, 3, 2, 
08/28/2024 14:33:54.467, 08/28/2024 14:33:54.413, 4.14593e+0, 0.00000e+0, 9.61212e+1, 0.00000e+0, 5.67565e+0, 0.00000e+0, 2.76429e+4, 0.00000e+0, 5.10324e+2, 0.00000e+0, 5.83700e+0, 0.00000e+0, 5.24832e+2, 0.00000e+0, 4.57665e+2, 0.00000e+0, 3.03971e+1, 0.00000e+0, 3.23586e+1, 0.00000e+0, 3.24252e+0, 0.00000e+0, 2.87622e+0, 0.00000e+0, 2.00000e+1, 0.00000e+0, 5.00000e+0, 0.00000e+0, 3, 2, 
08/28/2024 14:33:55.459, 08/28/2024 14:33:55.406, 4.14555e+0, 0.00000e+0, 9.60634e+1, 0.00000e+0, 5.69474e+0, 0.00000e+0, 2.74361e+4, 0.00000e+0, 5.10386e+2, 0.00000e+0, 5.85539e+0, 0.00000e+0, 5.24784e+2, 0.00000e+0, 4.57940e+2, 0.00000e+0, 3.03978e+1, 0.00000e+0, 3.23641e+1, 0.00000e+0, 3.24181e+0, 0.00000e+0, 2.87716e+0, 0.00000e+0, 2.00000e+1, 0.00000e+0, 5.00000e+0, 0.00000e+0, 3, 3, 
08/28/2024 14:33:56.455, 08/28/2024 14:33:56.402, 4.14589e+0, 0.00000e+0, 9.61150e+1, 0.00000e+0, 5.72178e+0, 0.00000e+0, 2.72885e+4, 0.00000e+0, 5.10803e+2, 0.00000e+0, 5.88230e+0, 0.00000e+0, 5.25133e+2, 0.00000e+0, 4.57696e+2, 0.00000e+0, 3.03983e+1, 0.00000e+0, 3.23656e+1, 0.00000e+0, 3.24114e+0, 0.00000e+0, 2.87667e+0, 0.00000e+0, 2.00000e+1, 0.00000e+0, 5.00000e+0, 0.00000e+0, 3, 3, 
08/28/2024 14:33:57.448, 08/28/2024 14:33:57.396, 4.14620e+0, 0.00000e+0, 9.61606e+1, 0.00000e+0, 5.73902e+0, 0.00000e+0, 2.73675e+4, 0.00000e+0, 5.11487e+2, 0.00000e+0, 5.90050e+0, 0.00000e+0, 5.25879e+2, 0.00000e+0, 4.57796e+2, 0.00000e+0, 3.03989e+1, 0.00000e+0, 3.23640e+1, 0.00000e+0, 3.24225e+0, 0.00000e+0, 2.87694e+0, 0.00000e+0, 2.00000e+1, 0.00000e+0, 5.00000e+0, 0.00000e+0, 3, 3, 
08/28/2024 14:33:58.442, 08/28/2024 14:33:58.390, 4.14561e+0, 0.00000e+0, 9.60723e+1, 0.00000e+0, 5.75915e+0, 0.00000e+0, 2.75342e+4, 0.00000e+0, 5.11501e+2, 0.00000e+0, 5.92222e+0, 0.00000e+0, 5.25984e+2, 0.00000e+0, 4.57822e+2, 0.00000e+0, 3.04002e+1, 0.00000e+0, 3.23649e+1, 0.00000e+0, 3.24181e+0, 0.00000e+0, 2.87706e+0, 0.00000e+0, 2.00000e+1, 0.00000e+0, 5.00000e+0, 0.00000e+0, 3, 4, 
08/28/2024 14:33:59.439, 08/28/2024 14:33:59.385, 4.14608e+0, 0.00000e+0, 9.61423e+1, 0.00000e+0, 5.77791e+0, 0.00000e+0, 2.75546e+4, 0.00000e+0, 5.11920e+2, 0.00000e+0, 5.94163e+0, 0.00000e+0, 5.26426e+2, 0.00000e+0, 4.57831e+2, 0.00000e+0, 3.04009e+1, 0.00000e+0, 3.23680e+1, 0.00000e+0, 3.24224e+0, 0.00000e+0, 2.87780e+0, 0.00000e+0, 2.00000e+1, 0.00000e+0, 5.00000e+0, 0.00000e+0, 3, 4, 
08/28/2024 14:34:00.444, 08/28/2024 14:34:00.379, 4.14588e+0, 0.00000e+0, 9.61137e+1, 0.00000e+0, 5.80042e+0, 0.00000e+0, 2.73875e+4, 0.00000e+0, 5.13276e+2, 0.00000e+0, 5.96376e+0, 0.00000e+0, 5.27729e+2, 0.00000e+0, 4.58084e+2, 0.00000e+0, 3.04058e+1, 0.00000e+0, 3.23761e+1, 0.00000e+0, 3.24282e+0, 0.00000e+0, 2.87723e+0, 0.00000e+0, 2.00000e+1, 0.00000e+0, 5.00000e+0, 0.00000e+0, 3, 4, 
08/28/2024 14:34:01.428, 08/28/2024 14:34:01.375, 4.14602e+0, 0.00000e+0, 9.61332e+1, 0.00000e+0, 5.82217e+0, 0.00000e+0, 2.74314e+4, 0.00000e+0, 5.14085e+2, 0.00000e+0, 5.98639e+0, 0.00000e+0, 5.28585e+2, 0.00000e+0, 4.57835e+2, 0.00000e+0, 3.04108e+1, 0.00000e+0, 3.23859e+1, 0.00000e+0, 3.24271e+0, 0.00000e+0, 2.87705e+0, 0.00000e+0, 2.00000e+1, 0.00000e+0, 5.00000e+0, 0.00000e+0, 3, 5, 
08/28/2024 14:34:02.423, 08/28/2024 14:34:02.369, 4.14552e+0, 0.00000e+0, 9.60600e+1, 0.00000e+0, 5.84723e+0, 0.00000e+0, 2.74957e+4, 0.00000e+0, 5.15377e+2, 0.00000e+0, 6.01255e+0, 0.00000e+0, 5.29948e+2, 0.00000e+0, 4.57758e+2, 0.00000e+0, 3.04143e+1, 0.00000e+0, 3.23891e+1, 0.00000e+0, 3.24233e+0, 0.00000e+0, 2.87637e+0, 0.00000e+0, 2.00000e+1, 0.00000e+0, 5.00000e+0, 0.00000e+0, 3, 5, 
08/28/2024 14:34:03.419, 08/28/2024 14:34:03.363, 4.14562e+0, 0.00000e+0, 9.60746e+1, 0.00000e+0, 5.87290e+0, 0.00000e+0, 2.74685e+4, 0.00000e+0, 5.15389e+2, 0.00000e+0, 6.03877e+0, 0.00000e+0, 5.29946e+2, 0.00000e+0, 4.57850e+2, 0.00000e+0, 3.04229e+1, 0.00000e+0, 3.23944e+1, 0.00000e+0, 3.24425e+0, 0.00000e+0, 2.87724e+0, 0.00000e+0, 2.00000e+1, 0.00000e+0, 5.00000e+0, 0.00000e+0, 3, 5, 
08/28/2024 14:34:04.419, 08/28/2024 14:34:04.358, 4.14579e+0, 0.00000e+0, 9.60993e+1, 0.00000e+0, 5.88566e+0, 0.00000e+0, 2.70520e+4, 0.00000e+0, 5.16379e+2, 0.00000e+0, 6.04930e+0, 0.00000e+0, 5.30736e+2, 0.00000e+0, 4.57778e+2, 0.00000e+0, 3.04245e+1, 0.00000e+0, 3.23947e+1, 0.00000e+0, 3.24350e+0, 0.00000e+0, 2.87679e+0, 0.00000e+0, 2.00000e+1, 0.00000e+0, 5.00000e+0, 0.00000e+0, 3, 6, 
08/28/2024 14:34:05.404, 08/28/2024 14:34:05.353, 4.14579e+0, 0.00000e+0, 9.60996e+1, 0.00000e+0, 5.90607e+0, 0.00000e+0, 2.74031e+4, 0.00000e+0, 5.15158e+2, 0.00000e+0, 6.07247e+0, 0.00000e+0, 5.29673e+2, 0.00000e+0, 4.57884e+2, 0.00000e+0, 3.04294e+1, 0.00000e+0, 3.24044e+1, 0.00000e+0, 3.24407e+0, 0.00000e+0, 2.87610e+0, 0.00000e+0, 2.00000e+1, 0.00000e+0, 5.00000e+0, 0.00000e+0, 3, 6, 
08/28/2024 14:34:06.401, 08/28/2024 14:34:06.346, 4.14580e+0, 0.00000e+0, 9.61011e+1, 0.00000e+0, 5.92902e+0, 0.00000e+0, 2.72453e+4, 0.00000e+0, 5.17329e+2, 0.00000e+0, 6.09508e+0, 0.00000e+0, 5.31818e+2, 0.00000e+0, 4.57841e+2, 0.00000e+0, 3.04280e+1, 0.00000e+0, 3.24077e+1, 0.00000e+0, 3.24359e+0, 0.00000e+0, 2.87723e+0, 0.00000e+0, 2.00000e+1, 0.00000e+0, 5.00000e+0, 0.00000e+0, 3, 6, 
08/28/2024 14:34:07.392, 08/28/2024 14:34:07.341, 4.14598e+0, 0.00000e+0, 9.61280e+1, 0.00000e+0, 5.95111e+0, 0.00000e+0, 2.71757e+4, 0.00000e+0, 5.18258e+2, 0.00000e+0, 6.11735e+0, 0.00000e+0, 5.32736e+2, 0.00000e+0, 4.57763e+2, 0.00000e+0, 3.04267e+1, 0.00000e+0, 3.24099e+1, 0.00000e+0, 3.24440e+0, 0.00000e+0, 2.87698e+0, 0.00000e+0, 2.00000e+1, 0.00000e+0, 5.00000e+0, 0.00000e+0, 3, 7, 
08/28/2024 14:34:08.390, 08/28/2024 14:34:08.337, 4.14580e+0, 0.00000e+0, 9.61016e+1, 0.00000e+0, 5.97775e+0, 0.00000e+0, 2.74534e+4, 0.00000e+0, 5.19173e+2, 0.00000e+0, 6.14649e+0, 0.00000e+0, 5.33828e+2, 0.00000e+0, 4.57951e+2, 0.00000e+0, 3.04298e+1, 0.00000e+0, 3.24146e+1, 0.00000e+0, 3.24299e+0, 0.00000e+0, 2.87665e+0, 0.00000e+0, 2.00000e+1, 0.00000e+0, 5.00000e+0, 0.00000e+0, 3, 7, 
08/28/2024 14:34:09.396, 08/28/2024 14:34:09.331, 4.14574e+0, 0.00000e+0, 9.60919e+1, 0.00000e+0, 6.00042e+0, 0.00000e+0, 2.72657e+4, 0.00000e+0, 5.18925e+2, 0.00000e+0, 6.16861e+0, 0.00000e+0, 5.33470e+2, 0.00000e+0, 4.57818e+2, 0.00000e+0, 3.04347e+1, 0.00000e+0, 3.24187e+1, 0.00000e+0, 3.24457e+0, 0.00000e+0, 2.87605e+0, 0.00000e+0, 2.00000e+1, 0.00000e+0, 5.00000e+0, 0.00000e+0, 3, 7, 
08/28/2024 14:34:10.377, 08/28/2024 14:34:10.326, 4.14558e+0, 0.00000e+0, 9.60682e+1, 0.00000e+0, 6.01989e+0, 0.00000e+0, 2.73673e+4, 0.00000e+0, 5.20040e+2, 0.00000e+0, 6.18927e+0, 0.00000e+0, 5.34673e+2, 0.00000e+0, 4.57941e+2, 0.00000e+0, 3.04359e+1, 0.00000e+0, 3.24305e+1, 0.00000e+0, 3.24383e+0, 0.00000e+0, 2.87665e+0, 0.00000e+0, 2.00000e+1, 0.00000e+0, 5.00000e+0, 0.00000e+0, 3, 8, 
08/28/2024 14:34:11.380, 08/28/2024 14:34:11.320, 4.14569e+0, 0.00000e+0, 9.60844e+1, 0.00000e+0, 6.04314e+0, 0.00000e+0, 2.72577e+4, 0.00000e+0, 5.19098e+2, 0.00000e+0, 6.21248e+0, 0.00000e+0, 5.33644e+2, 0.00000e+0, 4.57713e+2, 0.00000e+0, 3.04433e+1, 0.00000e+0, 3.24276e+1, 0.00000e+0, 3.24363e+0, 0.00000e+0, 2.87681e+0, 0.00000e+0, 2.00000e+1, 0.00000e+0, 5.00000e+0, 0.00000e+0, 3, 8, 
08/28/2024 14:34:12.366, 08/28/2024 14:34:12.315, 4.14606e+0, 0.00000e+0, 9.61392e+1, 0.00000e+0, 6.05820e+0, 0.00000e+0, 2.72954e+4, 0.00000e+0, 5.19570e+2, 0.00000e+0, 6.22821e+0, 0.00000e+0, 5.34150e+2, 0.00000e+0, 4.57939e+2, 0.00000e+0, 3.04417e+1, 0.00000e+0, 3.24269e+1, 0.00000e+0, 3.24407e+0, 0.00000e+0, 2.87674e+0, 0.00000e+0, 2.00000e+1, 0.00000e+0, 5.00000e+0, 0.00000e+0, 3, 8, 
08/28/2024 14:34:13.359, 08/28/2024 14:34:13.308, 4.14588e+0, 0.00000e+0, 9.61128e+1, 0.00000e+0, 6.09134e+0, 0.00000e+0, 2.72629e+4, 0.00000e+0, 5.20710e+2, 0.00000e+0, 6.26206e+0, 0.00000e+0, 5.35304e+2, 0.00000e+0, 4.57596e+2, 0.00000e+0, 3.04452e+1, 0.00000e+0, 3.24191e+1, 0.00000e+0, 3.24283e+0, 0.00000e+0, 2.87700e+0, 0.00000e+0, 2.00000e+1, 0.00000e+0, 5.00000e+0, 0.00000e+0, 3, 1, 
08/28/2024 14:34:14.357, 08/28/2024 14:34:14.304, 4.14616e+0, 0.00000e+0, 9.61549e+1, 0.00000e+0, 6.11049e+0, 0.00000e+0, 2.72785e+4, 0.00000e+0, 5.19614e+2, 0.00000e+0, 6.28185e+0, 0.00000e+0, 5.34186e+2, 0.00000e+0, 4.57850e+2, 0.00000e+0, 3.04454e+1, 0.00000e+0, 3.24140e+1, 0.00000e+0, 3.24340e+0, 0.00000e+0, 2.87697e+0, 0.00000e+0, 2.00000e+1, 0.00000e+0, 5.00000e+0, 0.00000e+0, 3, 1, 
08/28/2024 14:34:15.356, 08/28/2024 14:34:15.298, 4.14602e+0, 0.00000e+0, 9.61335e+1, 0.00000e+0, 6.13083e+0, 0.00000e+0, 2.74352e+4, 0.00000e+0, 5.23262e+2, 0.00000e+0, 6.30377e+0, 0.00000e+0, 5.38023e+2, 0.00000e+0, 4.58006e+2, 0.00000e+0, 3.04412e+1, 0.00000e+0, 3.24143e+1, 0.00000e+0, 3.24280e+0, 0.00000e+0, 2.87717e+0, 0.00000e+0, 2.00000e+1, 0.00000e+0, 5.00000e+0, 0.00000e+0, 3, 1, 
08/28/2024 14:34:16.347, 08/28/2024 14:34:16.292, 4.14604e+0, 0.00000e+0, 9.61366e+1, 0.00000e+0, 6.15459e+0, 0.00000e+0, 2.72029e+4, 0.00000e+0, 5.23233e+2, 0.00000e+0, 6.32669e+0, 0.00000e+0, 5.37864e+2, 0.00000e+0, 4.57758e+2, 0.00000e+0, 3.04557e+1, 0.00000e+0, 3.24172e+1, 0.00000e+0, 3.24334e+0, 0.00000e+0, 2.87643e+0, 0.00000e+0, 2.00000e+1, 0.00000e+0, 5.00000e+0, 0.00000e+0, 3, 2, 
08/28/2024 14:34:17.340, 08/28/2024 14:34:17.287, 4.14534e+0, 0.00000e+0, 9.60334e+1, 0.00000e+0, 6.18158e+0, 0.00000e+0, 2.72816e+4, 0.00000e+0, 5.22449e+2, 0.00000e+0, 6.35496e+0, 0.00000e+0, 5.37102e+2, 0.00000e+0, 4.58000e+2, 0.00000e+0, 3.04453e+1, 0.00000e+0, 3.24170e+1, 0.00000e+0, 3.24285e+0, 0.00000e+0, 2.87640e+0, 0.00000e+0, 2.00000e+1, 0.00000e+0, 5.00000e+0, 0.00000e+0, 3, 2, 
08/28/2024 14:34:18.340, 08/28/2024 14:34:18.282, 4.14591e+0, 0.00000e+0, 9.61172e+1, 0.00000e+0, 6.19724e+0, 0.00000e+0, 2.73599e+4, 0.00000e+0, 5.23020e+2, 0.00000e+0, 6.37156e+0, 0.00000e+0, 5.37732e+2, 0.00000e+0, 4.57883e+2, 0.00000e+0, 3.04531e+1, 0.00000e+0, 3.24152e+1, 0.00000e+0, 3.24255e+0, 0.00000e+0, 2.87597e+0, 0.00000e+0, 2.00000e+1, 0.00000e+0, 5.00000e+0, 0.00000e+0, 3, 2, 
08/28/2024 14:34:19.340, 08/28/2024 14:34:19.276, 4.14599e+0, 0.00000e+0, 9.61300e+1, 0.00000e+0, 6.22049e+0, 0.00000e+0, 2.72957e+4, 0.00000e+0, 5.24654e+2, 0.00000e+0, 6.39504e+0, 0.00000e+0, 5.39377e+2, 0.00000e+0, 4.57768e+2, 0.00000e+0, 3.04628e+1, 0.00000e+0, 3.24195e+1, 0.00000e+0, 3.24282e+0, 0.00000e+0, 2.87671e+0, 0.00000e+0, 2.00000e+1, 0.00000e+0, 5.00000e+0, 0.00000e+0, 3, 3, 
08/28/2024 14:34:20.325, 08/28/2024 14:34:20.271, 4.14574e+0, 0.00000e+0, 9.60928e+1, 0.00000e+0, 6.23274e+0, 0.00000e+0, 2.73614e+4, 0.00000e+0, 5.25833e+2, 0.00000e+0, 6.40808e+0, 0.00000e+0, 5.40625e+2, 0.00000e+0, 4.58063e+2, 0.00000e+0, 3.04648e+1, 0.00000e+0, 3.24216e+1, 0.00000e+0, 3.24333e+0, 0.00000e+0, 2.87650e+0, 0.00000e+0, 2.00000e+1, 0.00000e+0, 5.00000e+0, 0.00000e+0, 3, 3, 
08/28/2024 14:34:21.320, 08/28/2024 14:34:21.266, 4.14583e+0, 0.00000e+0, 9.61052e+1, 0.00000e+0, 6.25585e+0, 0.00000e+0, 2.73423e+4, 0.00000e+0, 5.24513e+2, 0.00000e+0, 6.43171e+0, 0.00000e+0, 5.39258e+2, 0.00000e+0, 4.57893e+2, 0.00000e+0, 3.04658e+1, 0.00000e+0, 3.24204e+1, 0.00000e+0, 3.24331e+0, 0.00000e+0, 2.87699e+0, 0.00000e+0, 2.00000e+1, 0.00000e+0, 5.00000e+0, 0.00000e+0, 3, 3, 
08/28/2024 14:34:22.309, 08/28/2024 14:34:22.260, 4.14547e+0, 0.00000e+0, 9.60515e+1, 0.00000e+0, 6.28874e+0, 0.00000e+0, 2.74740e+4, 0.00000e+0, 5.25061e+2, 0.00000e+0, 6.46640e+0, 0.00000e+0, 5.39894e+2, 0.00000e+0, 4.58031e+2, 0.00000e+0, 3.04720e+1, 0.00000e+0, 3.24198e+1, 0.00000e+0, 3.24135e+0, 0.00000e+0, 2.87744e+0, 0.00000e+0, 2.00000e+1, 0.00000e+0, 5.00000e+0, 0.00000e+0, 3, 4, 
08/28/2024 14:34:23.308, 08/28/2024 14:34:23.255, 4.14621e+0, 0.00000e+0, 9.61615e+1, 0.00000e+0, 6.31155e+0, 0.00000e+0, 2.74271e+4, 0.00000e+0, 5.25951e+2, 0.00000e+0, 6.48954e+0, 0.00000e+0, 5.40783e+2, 0.00000e+0, 4.57748e+2, 0.00000e+0, 3.04718e+1, 0.00000e+0, 3.24236e+1, 0.00000e+0, 3.24262e+0, 0.00000e+0, 2.87747e+0, 0.00000e+0, 2.00000e+1, 0.00000e+0, 5.00000e+0, 0.00000e+0, 3, 4, 
08/28/2024 14:34:24.297, 08/28/2024 14:34:24.249, 4.14565e+0, 0.00000e+0, 9.60784e+1, 0.00000e+0, 6.33215e+0, 0.00000e+0, 2.73608e+4, 0.00000e+0, 5.26796e+2, 0.00000e+0, 6.51028e+0, 0.00000e+0, 5.41615e+2, 0.00000e+0, 4.57874e+2, 0.00000e+0, 3.04736e+1, 0.00000e+0, 3.24285e+1, 0.00000e+0, 3.24233e+0, 0.00000e+0, 2.87592e+0, 0.00000e+0, 2.00000e+1, 0.00000e+0, 5.00000e+0, 0.00000e+0, 3, 4, 
08/28/2024 14:34:25.301, 08/28/2024 14:34:25.244, 4.14594e+0, 0.00000e+0, 9.61223e+1, 0.00000e+0, 6.35451e+0, 0.00000e+0, 2.73490e+4, 0.00000e+0, 5.27366e+2, 0.00000e+0, 6.53318e+0, 0.00000e+0, 5.42194e+2, 0.00000e+0, 4.57812e+2, 0.00000e+0, 3.04726e+1, 0.00000e+0, 3.24349e+1, 0.00000e+0, 3.24234e+0, 0.00000e+0, 2.87658e+0, 0.00000e+0, 2.00000e+1, 0.00000e+0, 5.00000e+0, 0.00000e+0, 3, 5, 
08/28/2024 14:34:26.294, 08/28/2024 14:34:26.238, 4.14581e+0, 0.00000e+0, 9.61028e+1, 0.00000e+0, 6.36739e+0, 0.00000e+0, 2.73670e+4, 0.00000e+0, 5.28557e+2, 0.00000e+0, 6.54655e+0, 0.00000e+0, 5.43429e+2, 0.00000e+0, 4.57837e+2, 0.00000e+0, 3.04795e+1, 0.00000e+0, 3.24385e+1, 0.00000e+0, 3.24304e+0, 0.00000e+0, 2.87683e+0, 0.00000e+0, 2.00000e+1, 0.00000e+0, 5.00000e+0, 0.00000e+0, 3, 5, 
08/28/2024 14:34:27.285, 08/28/2024 14:34:27.232, 4.14581e+0, 0.00000e+0, 9.61031e+1, 0.00000e+0, 6.38963e+0, 0.00000e+0, 2.73730e+4, 0.00000e+0, 5.28210e+2, 0.00000e+0, 6.56945e+0, 0.00000e+0, 5.43076e+2, 0.00000e+0, 4.57939e+2, 0.00000e+0, 3.04826e+1, 0.00000e+0, 3.24378e+1, 0.00000e+0, 3.24216e+0, 0.00000e+0, 2.87636e+0, 0.00000e+0, 2.00000e+1, 0.00000e+0, 5.00000e+0, 0.00000e+0, 3, 5, 
08/28/2024 14:34:28.280, 08/28/2024 14:34:28.227, 4.14571e+0, 0.00000e+0, 9.60881e+1, 0.00000e+0, 6.40818e+0, 0.00000e+0, 2.74651e+4, 0.00000e+0, 5.28374e+2, 0.00000e+0, 6.58915e+0, 0.00000e+0, 5.43295e+2, 0.00000e+0, 4.57851e+2, 0.00000e+0, 3.04801e+1, 0.00000e+0, 3.24422e+1, 0.00000e+0, 3.24445e+0, 0.00000e+0, 2.87654e+0, 0.00000e+0, 2.00000e+1, 0.00000e+0, 5.00000e+0, 0.00000e+0, 3, 6, 
08/28/2024 14:34:29.273, 08/28/2024 14:34:29.222, 4.14554e+0, 0.00000e+0, 9.60628e+1, 0.00000e+0, 6.43109e+0, 0.00000e+0, 2.73978e+4, 0.00000e+0, 5.29142e+2, 0.00000e+0, 6.61225e+0, 0.00000e+0, 5.44048e+2, 0.00000e+0, 4.57743e+2, 0.00000e+0, 3.05028e+1, 0.00000e+0, 3.24457e+1, 0.00000e+0, 3.24356e+0, 0.00000e+0, 2.87691e+0, 0.00000e+0, 2.00000e+1, 0.00000e+0, 5.00000e+0, 0.00000e+0, 3, 6, 
08/28/2024 14:34:30.277, 08/28/2024 14:34:30.215, 4.14562e+0, 0.00000e+0, 9.60748e+1, 0.00000e+0, 6.45606e+0, 0.00000e+0, 2.74380e+4, 0.00000e+0, 5.29884e+2, 0.00000e+0, 6.63820e+0, 0.00000e+0, 5.44834e+2, 0.00000e+0, 4.57929e+2, 0.00000e+0, 3.04925e+1, 0.00000e+0, 3.24520e+1, 0.00000e+0, 3.24280e+0, 0.00000e+0, 2.87796e+0, 0.00000e+0, 2.00000e+1, 0.00000e+0, 5.00000e+0, 0.00000e+0, 3, 6, 
08/28/2024 14:34:31.257, 08/28/2024 14:34:31.210, 4.14566e+0, 0.00000e+0, 9.60797e+1, 0.00000e+0, 6.48033e+0, 0.00000e+0, 2.73603e+4, 0.00000e+0, 5.30894e+2, 0.00000e+0, 6.66262e+0, 0.00000e+0, 5.45828e+2, 0.00000e+0, 4.57993e+2, 0.00000e+0, 3.04926e+1, 0.00000e+0, 3.24618e+1, 0.00000e+0, 3.24216e+0, 0.00000e+0, 2.87682e+0, 0.00000e+0, 2.00000e+1, 0.00000e+0, 5.00000e+0, 0.00000e+0, 3, 7, 
08/28/2024 14:34:32.261, 08/28/2024 14:34:32.206, 4.14567e+0, 0.00000e+0, 9.60813e+1, 0.00000e+0, 6.49684e+0, 0.00000e+0, 2.70736e+4, 0.00000e+0, 5.31198e+2, 0.00000e+0, 6.67762e+0, 0.00000e+0, 5.45979e+2, 0.00000e+0, 4.58084e+2, 0.00000e+0, 3.04817e+1, 0.00000e+0, 3.24681e+1, 0.00000e+0, 3.24204e+0, 0.00000e+0, 2.87902e+0, 0.00000e+0, 2.00000e+1, 0.00000e+0, 5.00000e+0, 0.00000e+0, 3, 7, 
08/28/2024 14:34:33.253, 08/28/2024 14:34:33.199, 4.14578e+0, 0.00000e+0, 9.60989e+1, 0.00000e+0, 6.52385e+0, 0.00000e+0, 2.74888e+4, 0.00000e+0, 5.31287e+2, 0.00000e+0, 6.70825e+0, 0.00000e+0, 5.46305e+2, 0.00000e+0, 4.57951e+2, 0.00000e+0, 3.04930e+1, 0.00000e+0, 3.24714e+1, 0.00000e+0, 3.24167e+0, 0.00000e+0, 2.87757e+0, 0.00000e+0, 2.00000e+1, 0.00000e+0, 5.00000e+0, 0.00000e+0, 3, 7, 
08/28/2024 14:34:34.250, 08/28/2024 14:34:34.194, 4.14569e+0, 0.00000e+0, 9.60855e+1, 0.00000e+0, 6.53359e+0, 0.00000e+0, 2.73483e+4, 0.00000e+0, 5.31558e+2, 0.00000e+0, 6.71730e+0, 0.00000e+0, 5.46504e+2, 0.00000e+0, 4.58129e+2, 0.00000e+0, 3.04858e+1, 0.00000e+0, 3.24783e+1, 0.00000e+0, 3.24258e+0, 0.00000e+0, 2.87798e+0, 0.00000e+0, 2.00000e+1, 0.00000e+0, 5.00000e+0, 0.00000e+0, 3, 8, 
08/28/2024 14:34:35.238, 08/28/2024 14:34:35.189, 4.14517e+0, 0.00000e+0, 9.60079e+1, 0.00000e+0, 6.56213e+0, 0.00000e+0, 2.72935e+4, 0.00000e+0, 5.33129e+2, 0.00000e+0, 6.74626e+0, 0.00000e+0, 5.48088e+2, 0.00000e+0, 4.57938e+2, 0.00000e+0, 3.04913e+1, 0.00000e+0, 3.24760e+1, 0.00000e+0, 3.24243e+0, 0.00000e+0, 2.87845e+0, 0.00000e+0, 2.00000e+1, 0.00000e+0, 5.00000e+0, 0.00000e+0, 3, 8, 
08/28/2024 14:34:36.236, 08/28/2024 14:34:36.183, 4.14574e+0, 0.00000e+0, 9.60924e+1, 0.00000e+0, 6.58066e+0, 0.00000e+0, 2.73568e+4, 0.00000e+0, 5.34198e+2, 0.00000e+0, 6.76575e+0, 0.00000e+0, 5.49223e+2, 0.00000e+0, 4.57778e+2, 0.00000e+0, 3.05071e+1, 0.00000e+0, 3.24825e+1, 0.00000e+0, 3.24234e+0, 0.00000e+0, 2.87754e+0, 0.00000e+0, 2.00000e+1, 0.00000e+0, 5.00000e+0, 0.00000e+0, 3, 8, 
08/28/2024 14:34:37.237, 08/28/2024 14:34:37.177, 4.14603e+0, 0.00000e+0, 9.61348e+1, 0.00000e+0, 6.60958e+0, 0.00000e+0, 2.76473e+4, 0.00000e+0, 5.34007e+2, 0.00000e+0, 6.79752e+0, 0.00000e+0, 5.49191e+2, 0.00000e+0, 4.58016e+2, 0.00000e+0, 3.05002e+1, 0.00000e+0, 3.24890e+1, 0.00000e+0, 3.24078e+0, 0.00000e+0, 2.87781e+0, 0.00000e+0, 2.00000e+1, 0.00000e+0, 5.00000e+0, 0.00000e+0, 3, 1, 
08/28/2024 14:34:38.220, 08/28/2024 14:34:38.172, 4.14564e+0, 0.00000e+0, 9.60776e+1, 0.00000e+0, 6.62184e+0, 0.00000e+0, 2.74372e+4, 0.00000e+0, 5.35201e+2, 0.00000e+0, 6.80865e+0, 0.00000e+0, 5.50299e+2, 0.00000e+0, 4.57980e+2, 0.00000e+0, 3.05076e+1, 0.00000e+0, 3.24966e+1, 0.00000e+0, 3.24151e+0, 0.00000e+0, 2.87715e+0, 0.00000e+0, 2.00000e+1, 0.00000e+0, 5.00000e+0, 0.00000e+0, 3, 1, 
08/28/2024 14:34:39.219, 08/28/2024 14:34:39.167, 4.14590e+0, 0.00000e+0, 9.61165e+1, 0.00000e+0, 6.64935e+0, 0.00000e+0, 2.74384e+4, 0.00000e+0, 5.35041e+2, 0.00000e+0, 6.83694e+0, 0.00000e+0, 5.50135e+2, 0.00000e+0, 4.58021e+2, 0.00000e+0, 3.05036e+1, 0.00000e+0, 3.25023e+1, 0.00000e+0, 3.23927e+0, 0.00000e+0, 2.87740e+0, 0.00000e+0, 2.00000e+1, 0.00000e+0, 5.00000e+0, 0.00000e+0, 3, 1, 
08/28/2024 14:34:40.215, 08/28/2024 14:34:40.162, 4.14614e+0, 0.00000e+0, 9.61520e+1, 0.00000e+0, 6.66639e+0, 0.00000e+0, 2.75072e+4, 0.00000e+0, 5.36560e+2, 0.00000e+0, 6.85495e+0, 0.00000e+0, 5.51737e+2, 0.00000e+0, 4.58035e+2, 0.00000e+0, 3.05113e+1, 0.00000e+0, 3.25028e+1, 0.00000e+0, 3.24107e+0, 0.00000e+0, 2.87727e+0, 0.00000e+0, 2.00000e+1, 0.00000e+0, 5.00000e+0, 0.00000e+0, 3, 2, 
08/28/2024 14:34:41.221, 08/28/2024 14:34:41.155, 4.14558e+0, 0.00000e+0, 9.60688e+1, 0.00000e+0, 6.68731e+0, 0.00000e+0, 2.74531e+4, 0.00000e+0, 5.35674e+2, 0.00000e+0, 6.87608e+0, 0.00000e+0, 5.50795e+2, 0.00000e+0, 4.57943e+2, 0.00000e+0, 3.05090e+1, 0.00000e+0, 3.25035e+1, 0.00000e+0, 3.24100e+0, 0.00000e+0, 2.87745e+0, 0.00000e+0, 2.00000e+1, 0.00000e+0, 5.00000e+0, 0.00000e+0, 3, 2, 
08/28/2024 14:34:42.199, 08/28/2024 14:34:42.151, 4.14608e+0, 0.00000e+0, 9.61433e+1, 0.00000e+0, 6.70737e+0, 0.00000e+0, 2.73729e+4, 0.00000e+0, 5.35280e+2, 0.00000e+0, 6.89614e+0, 0.00000e+0, 5.50345e+2, 0.00000e+0, 4.57944e+2, 0.00000e+0, 3.05164e+1, 0.00000e+0, 3.25042e+1, 0.00000e+0, 3.24275e+0, 0.00000e+0, 2.87702e+0, 0.00000e+0, 2.00000e+1, 0.00000e+0, 5.00000e+0, 0.00000e+0, 3, 2, 
08/28/2024 14:34:43.198, 08/28/2024 14:34:43.145, 4.14562e+0, 0.00000e+0, 9.60744e+1, 0.00000e+0, 6.30208e+0, 0.00000e+0, 2.75933e+4, 0.00000e+0, 5.23531e+2, 0.00000e+0, 6.48091e+0, 0.00000e+0, 5.38387e+2, 0.00000e+0, 4.57959e+2, 0.00000e+0, 3.05180e+1, 0.00000e+0, 3.25116e+1, 0.00000e+0, 3.24103e+0, 0.00000e+0, 2.87746e+0, 0.00000e+0, 2.00000e+1, 0.00000e+0, 5.00000e+0, 0.00000e+0, 3, 3, 
08/28/2024 14:34:44.198, 08/28/2024 14:34:44.139, 4.14575e+0, 0.00000e+0, 9.60936e+1, 0.00000e+0, 3.03811e+0, 0.00000e+0, 2.76442e+4, 0.00000e+0, 4.20512e+2, 0.00000e+0, 3.12448e+0, 0.00000e+0, 4.32467e+2, 0.00000e+0, 4.57834e+2, 0.00000e+0, 3.05173e+1, 0.00000e+0, 3.25159e+1, 0.00000e+0, 3.23897e+0, 0.00000e+0, 2.87698e+0, 0.00000e+0, 2.00000e+1, 0.00000e+0, 5.00000e+0, 0.00000e+0, 3, 3, 
08/28/2024 14:34:45.185, 08/28/2024 14:34:45.133, 4.14584e+0, 0.00000e+0, 9.61075e+1, 0.00000e+0, 2.16521e+0, 0.00000e+0, 2.75183e+4, 0.00000e+0, 3.91780e+2, 0.00000e+0, 2.22648e+0, 0.00000e+0, 4.02866e+2, 0.00000e+0, 4.58010e+2, 0.00000e+0, 3.05186e+1, 0.00000e+0, 3.25275e+1, 0.00000e+0, 3.23842e+0, 0.00000e+0, 2.87839e+0, 0.00000e+0, 2.00000e+1, 0.00000e+0, 5.00000e+0, 0.00000e+0, 3, 3, 
08/28/2024 14:34:46.179, 08/28/2024 14:34:46.128, 4.14598e+0, 0.00000e+0, 9.61280e+1, 0.00000e+0, 2.14913e+0, 0.00000e+0, 2.70217e+4, 0.00000e+0, 3.88931e+2, 0.00000e+0, 2.20882e+0, 0.00000e+0, 3.99733e+2, 0.00000e+0, 4.57943e+2, 0.00000e+0, 3.05237e+1, 0.00000e+0, 3.25312e+1, 0.00000e+0, 3.23998e+0, 0.00000e+0, 2.87785e+0, 0.00000e+0, 2.00000e+1, 0.00000e+0, 5.00000e+0, 0.00000e+0, 3, 4, 
08/28/2024 14:34:47.171, 08/28/2024 14:34:47.124, 4.14593e+0, 0.00000e+0, 9.61202e+1, 0.00000e+0, 2.23989e+0, 0.00000e+0, 2.70878e+4, 0.00000e+0, 3.92558e+2, 0.00000e+0, 2.30225e+0, 0.00000e+0, 4.03487e+2, 0.00000e+0, 4.57873e+2, 0.00000e+0, 3.05263e+1, 0.00000e+0, 3.25356e+1, 0.00000e+0, 3.23894e+0, 0.00000e+0, 2.87669e+0, 0.00000e+0, 2.00000e+1, 0.00000e+0, 5.00000e+0, 0.00000e+0, 3, 4, 
08/28/2024 14:34:48.171, 08/28/2024 14:34:48.117, 4.14564e+0, 0.00000e+0, 9.60779e+1, 0.00000e+0, 2.24248e+0, 0.00000e+0, 2.73358e+4, 0.00000e+0, 3.92709e+2, 0.00000e+0, 2.30550e+0, 0.00000e+0, 4.03746e+2, 0.00000e+0, 4.58096e+2, 0.00000e+0, 3.05250e+1, 0.00000e+0, 3.25399e+1, 0.00000e+0, 3.23783e+0, 0.00000e+0, 2.87700e+0, 0.00000e+0, 2.00000e+1, 0.00000e+0, 5.00000e+0, 0.00000e+0, 3, 4, 
08/28/2024 14:34:49.167, 08/28/2024 14:34:49.112, 4.14549e+0, 0.00000e+0, 9.60544e+1, 0.00000e+0, 2.31144e+0, 0.00000e+0, 2.73571e+4, 0.00000e+0, 3.94655e+2, 0.00000e+0, 2.37645e+0, 0.00000e+0, 4.05755e+2, 0.00000e+0, 4.57733e+2, 0.00000e+0, 3.05278e+1, 0.00000e+0, 3.25351e+1, 0.00000e+0, 3.23907e+0, 0.00000e+0, 2.87728e+0, 0.00000e+0, 2.00000e+1, 0.00000e+0, 5.00000e+0, 0.00000e+0, 3, 5, 
08/28/2024 14:34:50.163, 08/28/2024 14:34:50.107, 4.14584e+0, 0.00000e+0, 9.61066e+1, 0.00000e+0, 2.24647e+0, 0.00000e+0, 2.73428e+4, 0.00000e+0, 3.91265e+2, 0.00000e+0, 2.30962e+0, 0.00000e+0, 4.02264e+2, 0.00000e+0, 4.57929e+2, 0.00000e+0, 3.05225e+1, 0.00000e+0, 3.25329e+1, 0.00000e+0, 3.23892e+0, 0.00000e+0, 2.87713e+0, 0.00000e+0, 2.00000e+1, 0.00000e+0, 5.00000e+0, 0.00000e+0, 3, 5, 
08/28/2024 14:34:51.156, 08/28/2024 14:34:51.101, 4.14613e+0, 0.00000e+0, 9.61501e+1, 0.00000e+0, 2.20091e+0, 0.00000e+0, 2.71563e+4, 0.00000e+0, 3.90765e+2, 0.00000e+0, 2.26235e+0, 0.00000e+0, 4.01673e+2, 0.00000e+0, 4.57661e+2, 0.00000e+0, 3.05242e+1, 0.00000e+0, 3.25356e+1, 0.00000e+0, 3.23866e+0, 0.00000e+0, 2.87804e+0, 0.00000e+0, 2.00000e+1, 0.00000e+0, 5.00000e+0, 0.00000e+0, 3, 5, 
08/28/2024 14:34:52.148, 08/28/2024 14:34:52.095, 4.14567e+0, 0.00000e+0, 9.60814e+1, 0.00000e+0, 2.47632e+0, 0.00000e+0, 2.76162e+4, 0.00000e+0, 3.95862e+2, 0.00000e+0, 2.54665e+0, 0.00000e+0, 4.07105e+2, 0.00000e+0, 4.57828e+2, 0.00000e+0, 3.05334e+1, 0.00000e+0, 3.25346e+1, 0.00000e+0, 3.23879e+0, 0.00000e+0, 2.87760e+0, 0.00000e+0, 2.00000e+1, 0.00000e+0, 5.00000e+0, 0.00000e+0, 3, 6, 
08/28/2024 14:34:53.146, 08/28/2024 14:34:53.089, 4.14596e+0, 0.00000e+0, 9.61249e+1, 0.00000e+0, 2.80617e+0, 0.00000e+0, 2.70950e+4, 0.00000e+0, 4.05095e+2, 0.00000e+0, 2.88432e+0, 0.00000e+0, 4.16377e+2, 0.00000e+0, 4.58009e+2, 0.00000e+0, 3.05372e+1, 0.00000e+0, 3.25347e+1, 0.00000e+0, 3.23932e+0, 0.00000e+0, 2.87721e+0, 0.00000e+0, 2.00000e+1, 0.00000e+0, 5.00000e+0, 0.00000e+0, 3, 6, 
08/28/2024 14:34:54.139, 08/28/2024 14:34:54.084, 4.14575e+0, 0.00000e+0, 9.60937e+1, 0.00000e+0, 2.91244e+0, 0.00000e+0, 2.71224e+4, 0.00000e+0, 4.07373e+2, 0.00000e+0, 2.99364e+0, 0.00000e+0, 4.18730e+2, 0.00000e+0, 4.57910e+2, 0.00000e+0, 3.05378e+1, 0.00000e+0, 3.25336e+1, 0.00000e+0, 3.24064e+0, 0.00000e+0, 2.87859e+0, 0.00000e+0, 2.00000e+1, 0.00000e+0, 5.00000e+0, 0.00000e+0, 3, 6, 
08/28/2024 14:34:55.131, 08/28/2024 14:34:55.079, 4.14549e+0, 0.00000e+0, 9.60545e+1, 0.00000e+0, 2.95393e+0, 0.00000e+0, 2.71873e+4, 0.00000e+0, 4.07649e+2, 0.00000e+0, 3.03648e+0, 0.00000e+0, 4.19042e+2, 0.00000e+0, 4.58043e+2, 0.00000e+0, 3.05418e+1, 0.00000e+0, 3.25363e+1, 0.00000e+0, 3.24072e+0, 0.00000e+0, 2.87754e+0, 0.00000e+0, 2.00000e+1, 0.00000e+0, 5.00000e+0, 0.00000e+0, 3, 7, 
08/28/2024 14:34:56.123, 08/28/2024 14:34:56.074, 4.14574e+0, 0.00000e+0, 9.60924e+1, 0.00000e+0, 3.02395e+0, 0.00000e+0, 2.69789e+4, 0.00000e+0, 4.08911e+2, 0.00000e+0, 3.10780e+0, 0.00000e+0, 4.20249e+2, 0.00000e+0, 4.57989e+2, 0.00000e+0, 3.05411e+1, 0.00000e+0, 3.25391e+1, 0.00000e+0, 3.24031e+0, 0.00000e+0, 2.87911e+0, 0.00000e+0, 2.00000e+1, 0.00000e+0, 5.00000e+0, 0.00000e+0, 3, 7, 
08/28/2024 14:34:57.124, 08/28/2024 14:34:57.068, 4.14579e+0, 0.00000e+0, 9.60993e+1, 0.00000e+0, 3.07183e+0, 0.00000e+0, 2.70369e+4, 0.00000e+0, 4.10130e+2, 0.00000e+0, 3.15719e+0, 0.00000e+0, 4.21527e+2, 0.00000e+0, 4.57807e+2, 0.00000e+0, 3.05428e+1, 0.00000e+0, 3.25424e+1, 0.00000e+0, 3.24264e+0, 0.00000e+0, 2.87846e+0, 0.00000e+0, 2.00000e+1, 0.00000e+0, 5.00000e+0, 0.00000e+0, 3, 7, 
08/28/2024 14:34:58.122, 08/28/2024 14:34:58.062, 4.14526e+0, 0.00000e+0, 9.60209e+1, 0.00000e+0, 3.14063e+0, 0.00000e+0, 2.71015e+4, 0.00000e+0, 4.10520e+2, 0.00000e+0, 3.22812e+0, 0.00000e+0, 4.21956e+2, 0.00000e+0, 4.57738e+2, 0.00000e+0, 3.05627e+1, 0.00000e+0, 3.25376e+1, 0.00000e+0, 3.24012e+0, 0.00000e+0, 2.87864e+0, 0.00000e+0, 2.00000e+1, 0.00000e+0, 5.00000e+0, 0.00000e+0, 3, 8, 
08/28/2024 14:34:59.112, 08/28/2024 14:34:59.057, 4.14513e+0, 0.00000e+0, 9.60007e+1, 0.00000e+0, 3.19740e+0, 0.00000e+0, 2.69952e+4, 0.00000e+0, 4.11531e+2, 0.00000e+0, 3.28611e+0, 0.00000e+0, 4.22949e+2, 0.00000e+0, 4.57867e+2, 0.00000e+0, 3.05486e+1, 0.00000e+0, 3.25412e+1, 0.00000e+0, 3.24047e+0, 0.00000e+0, 2.87876e+0, 0.00000e+0, 2.00000e+1, 0.00000e+0, 5.00000e+0, 0.00000e+0, 3, 8, 
08/28/2024 14:35:00.105, 08/28/2024 14:35:00.053, 4.14592e+0, 0.00000e+0, 9.61194e+1, 0.00000e+0, 3.26242e+0, 0.00000e+0, 2.69122e+4, 0.00000e+0, 4.12674e+2, 0.00000e+0, 3.35265e+0, 0.00000e+0, 4.24087e+2, 0.00000e+0, 4.58044e+2, 0.00000e+0, 3.05474e+1, 0.00000e+0, 3.25506e+1, 0.00000e+0, 3.24009e+0, 0.00000e+0, 2.87882e+0, 0.00000e+0, 2.00000e+1, 0.00000e+0, 5.00000e+0, 0.00000e+0, 3, 8, 
08/28/2024 14:35:01.104, 08/28/2024 14:35:01.047, 4.14530e+0, 0.00000e+0, 9.60262e+1, 0.00000e+0, 3.31949e+0, 0.00000e+0, 2.67685e+4, 0.00000e+0, 4.13756e+2, 0.00000e+0, 3.41080e+0, 0.00000e+0, 4.25136e+2, 0.00000e+0, 4.57768e+2, 0.00000e+0, 3.05494e+1, 0.00000e+0, 3.25529e+1, 0.00000e+0, 3.24040e+0, 0.00000e+0, 2.87881e+0, 0.00000e+0, 2.00000e+1, 0.00000e+0, 5.00000e+0, 0.00000e+0, 3, 1, 
08/28/2024 14:35:02.093, 08/28/2024 14:35:02.041, 4.14568e+0, 0.00000e+0, 9.60840e+1, 0.00000e+0, 3.36423e+0, 0.00000e+0, 2.70400e+4, 0.00000e+0, 4.13766e+2, 0.00000e+0, 3.45773e+0, 0.00000e+0, 4.25265e+2, 0.00000e+0, 4.58114e+2, 0.00000e+0, 3.05553e+1, 0.00000e+0, 3.25609e+1, 0.00000e+0, 3.24053e+0, 0.00000e+0, 2.87805e+0, 0.00000e+0, 2.00000e+1, 0.00000e+0, 5.00000e+0, 0.00000e+0, 3, 1, 
08/28/2024 14:35:03.088, 08/28/2024 14:35:03.035, 4.14628e+0, 0.00000e+0, 9.61728e+1, 0.00000e+0, 3.44218e+0, 0.00000e+0, 2.70877e+4, 0.00000e+0, 4.17271e+2, 0.00000e+0, 3.53802e+0, 0.00000e+0, 4.28888e+2, 0.00000e+0, 4.58004e+2, 0.00000e+0, 3.05544e+1, 0.00000e+0, 3.25652e+1, 0.00000e+0, 3.24115e+0, 0.00000e+0, 2.87765e+0, 0.00000e+0, 2.00000e+1, 0.00000e+0, 5.00000e+0, 0.00000e+0, 3, 1, 
08/28/2024 14:35:04.081, 08/28/2024 14:35:04.030, 4.14601e+0, 0.00000e+0, 9.61322e+1, 0.00000e+0, 3.54161e+0, 0.00000e+0, 2.70075e+4, 0.00000e+0, 4.18701e+2, 0.00000e+0, 3.63992e+0, 0.00000e+0, 4.30323e+2, 0.00000e+0, 4.57754e+2, 0.00000e+0, 3.05641e+1, 0.00000e+0, 3.25659e+1, 0.00000e+0, 3.24048e+0, 0.00000e+0, 2.87794e+0, 0.00000e+0, 2.00000e+1, 0.00000e+0, 5.00000e+0, 0.00000e+0, 3, 2, 
08/28/2024 14:35:05.077, 08/28/2024 14:35:05.025, 4.14604e+0, 0.00000e+0, 9.61368e+1, 0.00000e+0, 3.61870e+0, 0.00000e+0, 2.71738e+4, 0.00000e+0, 4.19442e+2, 0.00000e+0, 3.71978e+0, 0.00000e+0, 4.31159e+2, 0.00000e+0, 4.58018e+2, 0.00000e+0, 3.05655e+1, 0.00000e+0, 3.25673e+1, 0.00000e+0, 3.24039e+0, 0.00000e+0, 2.87769e+0, 0.00000e+0, 2.00000e+1, 0.00000e+0, 5.00000e+0, 0.00000e+0, 3, 2, 
08/28/2024 14:35:06.075, 08/28/2024 14:35:06.020, 4.14587e+0, 0.00000e+0, 9.61114e+1, 0.00000e+0, 3.67078e+0, 0.00000e+0, 2.70329e+4, 0.00000e+0, 4.20076e+2, 0.00000e+0, 3.77277e+0, 0.00000e+0, 4.31748e+2, 0.00000e+0, 4.57907e+2, 0.00000e+0, 3.05640e+1, 0.00000e+0, 3.25728e+1, 0.00000e+0, 3.24048e+0, 0.00000e+0, 2.87841e+0, 0.00000e+0, 2.00000e+1, 0.00000e+0, 5.00000e+0, 0.00000e+0, 3, 2, 
08/28/2024 14:35:07.071, 08/28/2024 14:35:07.014, 4.14621e+0, 0.00000e+0, 9.61615e+1, 0.00000e+0, 3.71727e+0, 0.00000e+0, 2.70567e+4, 0.00000e+0, 4.20869e+2, 0.00000e+0, 3.82064e+0, 0.00000e+0, 4.32573e+2, 0.00000e+0, 4.57952e+2, 0.00000e+0, 3.05674e+1, 0.00000e+0, 3.25645e+1, 0.00000e+0, 3.24003e+0, 0.00000e+0, 2.87781e+0, 0.00000e+0, 2.00000e+1, 0.00000e+0, 5.00000e+0, 0.00000e+0, 3, 3, 
08/28/2024 14:35:08.059, 08/28/2024 14:35:08.008, 4.14558e+0, 0.00000e+0, 9.60677e+1, 0.00000e+0, 3.78444e+0, 0.00000e+0, 2.70133e+4, 0.00000e+0, 4.23195e+2, 0.00000e+0, 3.88951e+0, 0.00000e+0, 4.34944e+2, 0.00000e+0, 4.57978e+2, 0.00000e+0, 3.05813e+1, 0.00000e+0, 3.25598e+1, 0.00000e+0, 3.23964e+0, 0.00000e+0, 2.87827e+0, 0.00000e+0, 2.00000e+1, 0.00000e+0, 5.00000e+0, 0.00000e+0, 3, 3, 
08/28/2024 14:35:09.055, 08/28/2024 14:35:09.004, 4.14611e+0, 0.00000e+0, 9.61467e+1, 0.00000e+0, 3.83583e+0, 0.00000e+0, 2.69920e+4, 0.00000e+0, 4.23658e+2, 0.00000e+0, 3.94224e+0, 0.00000e+0, 4.35410e+2, 0.00000e+0, 4.57879e+2, 0.00000e+0, 3.05636e+1, 0.00000e+0, 3.25607e+1, 0.00000e+0, 3.24124e+0, 0.00000e+0, 2.87763e+0, 0.00000e+0, 2.00000e+1, 0.00000e+0, 5.00000e+0, 0.00000e+0, 3, 3, 
08/28/2024 14:35:10.051, 08/28/2024 14:35:09.998, 4.14624e+0, 0.00000e+0, 9.61668e+1, 0.00000e+0, 3.90023e+0, 0.00000e+0, 2.70664e+4, 0.00000e+0, 4.24308e+2, 0.00000e+0, 4.00873e+0, 0.00000e+0, 4.36112e+2, 0.00000e+0, 4.57975e+2, 0.00000e+0, 3.05763e+1, 0.00000e+0, 3.25524e+1, 0.00000e+0, 3.24159e+0, 0.00000e+0, 2.87800e+0, 0.00000e+0, 2.00000e+1, 0.00000e+0, 5.00000e+0, 0.00000e+0, 3, 4, 
08/28/2024 14:35:11.045, 08/28/2024 14:35:10.993, 4.14584e+0, 0.00000e+0, 9.61071e+1, 0.00000e+0, 3.94253e+0, 0.00000e+0, 2.70687e+4, 0.00000e+0, 4.25626e+2, 0.00000e+0, 4.05222e+0, 0.00000e+0, 4.37468e+2, 0.00000e+0, 4.57988e+2, 0.00000e+0, 3.05753e+1, 0.00000e+0, 3.25543e+1, 0.00000e+0, 3.24111e+0, 0.00000e+0, 2.87811e+0, 0.00000e+0, 2.00000e+1, 0.00000e+0, 5.00000e+0, 0.00000e+0, 3, 4, 
08/28/2024 14:35:12.040, 08/28/2024 14:35:11.987, 4.14607e+0, 0.00000e+0, 9.61407e+1, 0.00000e+0, 3.99135e+0, 0.00000e+0, 2.70941e+4, 0.00000e+0, 4.27079e+2, 0.00000e+0, 4.10251e+0, 0.00000e+0, 4.38973e+2, 0.00000e+0, 4.57993e+2, 0.00000e+0, 3.05739e+1, 0.00000e+0, 3.25598e+1, 0.00000e+0, 3.24100e+0, 0.00000e+0, 2.87838e+0, 0.00000e+0, 2.00000e+1, 0.00000e+0, 5.00000e+0, 0.00000e+0, 3, 4, 
08/28/2024 14:35:13.035, 08/28/2024 14:35:12.982, 4.14603e+0, 0.00000e+0, 9.61353e+1, 0.00000e+0, 4.07099e+0, 0.00000e+0, 2.69567e+4, 0.00000e+0, 4.28595e+2, 0.00000e+0, 4.18377e+0, 0.00000e+0, 4.40468e+2, 0.00000e+0, 4.58056e+2, 0.00000e+0, 3.05843e+1, 0.00000e+0, 3.25631e+1, 0.00000e+0, 3.24308e+0, 0.00000e+0, 2.87747e+0, 0.00000e+0, 2.00000e+1, 0.00000e+0, 5.00000e+0, 0.00000e+0, 3, 5, 
08/28/2024 14:35:14.027, 08/28/2024 14:35:13.975, 4.14595e+0, 0.00000e+0, 9.61240e+1, 0.00000e+0, 4.12018e+0, 0.00000e+0, 2.70014e+4, 0.00000e+0, 4.28671e+2, 0.00000e+0, 4.23451e+0, 0.00000e+0, 4.40567e+2, 0.00000e+0, 4.57645e+2, 0.00000e+0, 3.05810e+1, 0.00000e+0, 3.25621e+1, 0.00000e+0, 3.24262e+0, 0.00000e+0, 2.87767e+0, 0.00000e+0, 2.00000e+1, 0.00000e+0, 5.00000e+0, 0.00000e+0, 3, 5, 
08/28/2024 14:35:15.023, 08/28/2024 14:35:14.969, 4.14604e+0, 0.00000e+0, 9.61366e+1, 0.00000e+0, 4.17499e+0, 0.00000e+0, 2.69456e+4, 0.00000e+0, 4.28989e+2, 0.00000e+0, 4.29060e+0, 0.00000e+0, 4.40868e+2, 0.00000e+0, 4.57926e+2, 0.00000e+0, 3.05816e+1, 0.00000e+0, 3.25666e+1, 0.00000e+0, 3.24329e+0, 0.00000e+0, 2.87733e+0, 0.00000e+0, 2.00000e+1, 0.00000e+0, 5.00000e+0, 0.00000e+0, 3, 5, 
08/28/2024 14:35:16.018, 08/28/2024 14:35:15.965, 4.14615e+0, 0.00000e+0, 9.61530e+1, 0.00000e+0, 4.22339e+0, 0.00000e+0, 2.71019e+4, 0.00000e+0, 4.31151e+2, 0.00000e+0, 4.34104e+0, 0.00000e+0, 4.43162e+2, 0.00000e+0, 4.57939e+2, 0.00000e+0, 3.05887e+1, 0.00000e+0, 3.25784e+1, 0.00000e+0, 3.24256e+0, 0.00000e+0, 2.87865e+0, 0.00000e+0, 2.00000e+1, 0.00000e+0, 5.00000e+0, 0.00000e+0, 3, 6, 
08/28/2024 14:35:17.012, 08/28/2024 14:35:16.959, 4.14635e+0, 0.00000e+0, 9.61827e+1, 0.00000e+0, 4.28480e+0, 0.00000e+0, 2.69394e+4, 0.00000e+0, 4.31084e+2, 0.00000e+0, 4.40342e+0, 0.00000e+0, 4.43019e+2, 0.00000e+0, 4.57993e+2, 0.00000e+0, 3.05866e+1, 0.00000e+0, 3.25792e+1, 0.00000e+0, 3.24161e+0, 0.00000e+0, 2.87987e+0, 0.00000e+0, 2.00000e+1, 0.00000e+0, 5.00000e+0, 0.00000e+0, 3, 6, 
08/28/2024 14:35:18.007, 08/28/2024 14:35:17.954, 4.14626e+0, 0.00000e+0, 9.61695e+1, 0.00000e+0, 4.35730e+0, 0.00000e+0, 2.66037e+4, 0.00000e+0, 4.32258e+2, 0.00000e+0, 4.47639e+0, 0.00000e+0, 4.44072e+2, 0.00000e+0, 4.58049e+2, 0.00000e+0, 3.05934e+1, 0.00000e+0, 3.25813e+1, 0.00000e+0, 3.24337e+0, 0.00000e+0, 2.87915e+0, 0.00000e+0, 2.00000e+1, 0.00000e+0, 5.00000e+0, 0.00000e+0, 3, 6, 
08/28/2024 14:35:19.001, 08/28/2024 14:35:18.948, 4.14604e+0, 0.00000e+0, 9.61365e+1, 0.00000e+0, 4.42779e+0, 0.00000e+0, 2.68449e+4, 0.00000e+0, 4.33196e+2, 0.00000e+0, 4.54994e+0, 0.00000e+0, 4.45146e+2, 0.00000e+0, 4.57933e+2, 0.00000e+0, 3.05938e+1, 0.00000e+0, 3.25852e+1, 0.00000e+0, 3.24164e+0, 0.00000e+0, 2.87948e+0, 0.00000e+0, 2.00000e+1, 0.00000e+0, 5.00000e+0, 0.00000e+0, 3, 7, 
08/28/2024 14:35:19.993, 08/28/2024 14:35:19.943, 4.14558e+0, 0.00000e+0, 9.60684e+1, 0.00000e+0, 4.47685e+0, 0.00000e+0, 2.69602e+4, 0.00000e+0, 4.34317e+2, 0.00000e+0, 4.60090e+0, 0.00000e+0, 4.46350e+2, 0.00000e+0, 4.57919e+2, 0.00000e+0, 3.05899e+1, 0.00000e+0, 3.25855e+1, 0.00000e+0, 3.24322e+0, 0.00000e+0, 2.88022e+0, 0.00000e+0, 2.00000e+1, 0.00000e+0, 5.00000e+0, 0.00000e+0, 3, 7, 
08/28/2024 14:35:20.984, 08/28/2024 14:35:20.937, 4.14580e+0, 0.00000e+0, 9.61007e+1, 0.00000e+0, 4.52424e+0, 0.00000e+0, 2.68590e+4, 0.00000e+0, 4.34647e+2, 0.00000e+0, 4.64911e+0, 0.00000e+0, 4.46644e+2, 0.00000e+0, 4.58089e+2, 0.00000e+0, 3.05960e+1, 0.00000e+0, 3.25948e+1, 0.00000e+0, 3.24310e+0, 0.00000e+0, 2.87996e+0, 0.00000e+0, 2.00000e+1, 0.00000e+0, 5.00000e+0, 0.00000e+0, 3, 7, 
08/28/2024 14:35:21.984, 08/28/2024 14:35:21.932, 4.14639e+0, 0.00000e+0, 9.61893e+1, 0.00000e+0, 4.60944e+0, 0.00000e+0, 2.69214e+4, 0.00000e+0, 4.36494e+2, 0.00000e+0, 4.73696e+0, 0.00000e+0, 4.48571e+2, 0.00000e+0, 4.58070e+2, 0.00000e+0, 3.06013e+1, 0.00000e+0, 3.25945e+1, 0.00000e+0, 3.24430e+0, 0.00000e+0, 2.87946e+0, 0.00000e+0, 2.00000e+1, 0.00000e+0, 5.00000e+0, 0.00000e+0, 3, 7, 
08/28/2024 14:35:22.975, 08/28/2024 14:35:22.927, 4.14563e+0, 0.00000e+0, 9.60757e+1, 0.00000e+0, 4.67113e+0, 0.00000e+0, 2.69178e+4, 0.00000e+0, 4.36896e+2, 0.00000e+0, 4.80035e+0, 0.00000e+0, 4.48982e+2, 0.00000e+0, 4.57950e+2, 0.00000e+0, 3.05986e+1, 0.00000e+0, 3.25993e+1, 0.00000e+0, 3.24306e+0, 0.00000e+0, 2.88039e+0, 0.00000e+0, 2.00000e+1, 0.00000e+0, 5.00000e+0, 0.00000e+0, 3, 8, 
08/28/2024 14:35:23.977, 08/28/2024 14:35:23.921, 4.14578e+0, 0.00000e+0, 9.60984e+1, 0.00000e+0, 4.72338e+0, 0.00000e+0, 2.67645e+4, 0.00000e+0, 4.38194e+2, 0.00000e+0, 4.85327e+0, 0.00000e+0, 4.50244e+2, 0.00000e+0, 4.57958e+2, 0.00000e+0, 3.06068e+1, 0.00000e+0, 3.25993e+1, 0.00000e+0, 3.24343e+0, 0.00000e+0, 2.87897e+0, 0.00000e+0, 2.00000e+1, 0.00000e+0, 5.00000e+0, 0.00000e+0, 3, 8, 
08/28/2024 14:35:24.973, 08/28/2024 14:35:24.915, 4.14578e+0, 0.00000e+0, 9.60983e+1, 0.00000e+0, 4.77838e+0, 0.00000e+0, 2.68992e+4, 0.00000e+0, 4.40055e+2, 0.00000e+0, 4.91047e+0, 0.00000e+0, 4.52219e+2, 0.00000e+0, 4.57969e+2, 0.00000e+0, 3.06143e+1, 0.00000e+0, 3.26055e+1, 0.00000e+0, 3.24290e+0, 0.00000e+0, 2.87940e+0, 0.00000e+0, 2.00000e+1, 0.00000e+0, 5.00000e+0, 0.00000e+0, 3, 8, 
08/28/2024 14:35:25.962, 08/28/2024 14:35:25.909, 4.14586e+0, 0.00000e+0, 9.61095e+1, 0.00000e+0, 4.84995e+0, 0.00000e+0, 2.70674e+4, 0.00000e+0, 4.41153e+2, 0.00000e+0, 4.98488e+0, 0.00000e+0, 4.53427e+2, 0.00000e+0, 4.57992e+2, 0.00000e+0, 3.05987e+1, 0.00000e+0, 3.26016e+1, 0.00000e+0, 3.24143e+0, 0.00000e+0, 2.87899e+0, 0.00000e+0, 2.00000e+1, 0.00000e+0, 5.00000e+0, 0.00000e+0, 3, 1, 
08/28/2024 14:35:26.967, 08/28/2024 14:35:26.904, 4.14566e+0, 0.00000e+0, 9.60804e+1, 0.00000e+0, 4.89736e+0, 0.00000e+0, 2.68208e+4, 0.00000e+0, 4.40405e+2, 0.00000e+0, 5.03233e+0, 0.00000e+0, 4.52543e+2, 0.00000e+0, 4.57904e+2, 0.00000e+0, 3.06052e+1, 0.00000e+0, 3.25977e+1, 0.00000e+0, 3.24267e+0, 0.00000e+0, 2.87978e+0, 0.00000e+0, 2.00000e+1, 0.00000e+0, 5.00000e+0, 0.00000e+0, 3, 1, 
08/28/2024 14:35:27.953, 08/28/2024 14:35:27.899, 4.14568e+0, 0.00000e+0, 9.60827e+1, 0.00000e+0, 4.93389e+0, 0.00000e+0, 2.71520e+4, 0.00000e+0, 4.41686e+2, 0.00000e+0, 5.07159e+0, 0.00000e+0, 4.54014e+2, 0.00000e+0, 4.57945e+2, 0.00000e+0, 3.06076e+1, 0.00000e+0, 3.26008e+1, 0.00000e+0, 3.24142e+0, 0.00000e+0, 2.87915e+0, 0.00000e+0, 2.00000e+1, 0.00000e+0, 5.00000e+0, 0.00000e+0, 3, 1, 
08/28/2024 14:35:28.944, 08/28/2024 14:35:28.893, 4.14591e+0, 0.00000e+0, 9.61179e+1, 0.00000e+0, 4.99462e+0, 0.00000e+0, 2.70403e+4, 0.00000e+0, 4.43733e+2, 0.00000e+0, 5.13343e+0, 0.00000e+0, 4.56066e+2, 0.00000e+0, 4.57904e+2, 0.00000e+0, 3.06107e+1, 0.00000e+0, 3.26032e+1, 0.00000e+0, 3.24214e+0, 0.00000e+0, 2.87847e+0, 0.00000e+0, 2.00000e+1, 0.00000e+0, 5.00000e+0, 0.00000e+0, 3, 2, 
08/28/2024 14:35:29.943, 08/28/2024 14:35:29.889, 4.14590e+0, 0.00000e+0, 9.61157e+1, 0.00000e+0, 5.06068e+0, 0.00000e+0, 2.68173e+4, 0.00000e+0, 4.43146e+2, 0.00000e+0, 5.20013e+0, 0.00000e+0, 4.55358e+2, 0.00000e+0, 4.58092e+2, 0.00000e+0, 3.06162e+1, 0.00000e+0, 3.26097e+1, 0.00000e+0, 3.24104e+0, 0.00000e+0, 2.87838e+0, 0.00000e+0, 2.00000e+1, 0.00000e+0, 5.00000e+0, 0.00000e+0, 3, 2, 
08/28/2024 14:35:30.937, 08/28/2024 14:35:30.882, 4.14563e+0, 0.00000e+0, 9.60759e+1, 0.00000e+0, 5.10520e+0, 0.00000e+0, 2.71567e+4, 0.00000e+0, 4.44157e+2, 0.00000e+0, 5.24771e+0, 0.00000e+0, 4.56556e+2, 0.00000e+0, 4.58152e+2, 0.00000e+0, 3.06220e+1, 0.00000e+0, 3.26087e+1, 0.00000e+0, 3.24171e+0, 0.00000e+0, 2.87899e+0, 0.00000e+0, 2.00000e+1, 0.00000e+0, 5.00000e+0, 0.00000e+0, 3, 2, 
08/28/2024 14:35:31.933, 08/28/2024 14:35:31.877, 4.14606e+0, 0.00000e+0, 9.61393e+1, 0.00000e+0, 5.15310e+0, 0.00000e+0, 2.71274e+4, 0.00000e+0, 4.46489e+2, 0.00000e+0, 5.29679e+0, 0.00000e+0, 4.58939e+2, 0.00000e+0, 4.57815e+2, 0.00000e+0, 3.06161e+1, 0.00000e+0, 3.26100e+1, 0.00000e+0, 3.24143e+0, 0.00000e+0, 2.87883e+0, 0.00000e+0, 2.00000e+1, 0.00000e+0, 5.00000e+0, 0.00000e+0, 3, 3, 
08/28/2024 14:35:32.926, 08/28/2024 14:35:32.872, 4.14618e+0, 0.00000e+0, 9.61581e+1, 0.00000e+0, 5.20803e+0, 0.00000e+0, 2.72493e+4, 0.00000e+0, 4.46748e+2, 0.00000e+0, 5.35392e+0, 0.00000e+0, 4.59262e+2, 0.00000e+0, 4.58110e+2, 0.00000e+0, 3.06182e+1, 0.00000e+0, 3.26074e+1, 0.00000e+0, 3.24097e+0, 0.00000e+0, 2.87868e+0, 0.00000e+0, 2.00000e+1, 0.00000e+0, 5.00000e+0, 0.00000e+0, 3, 3, 
08/28/2024 14:35:33.922, 08/28/2024 14:35:33.867, 4.14577e+0, 0.00000e+0, 9.60969e+1, 0.00000e+0, 5.25987e+0, 0.00000e+0, 2.73445e+4, 0.00000e+0, 4.48612e+2, 0.00000e+0, 5.40774e+0, 0.00000e+0, 4.61224e+2, 0.00000e+0, 4.58073e+2, 0.00000e+0, 3.06250e+1, 0.00000e+0, 3.26044e+1, 0.00000e+0, 3.24101e+0, 0.00000e+0, 2.88032e+0, 0.00000e+0, 2.00000e+1, 0.00000e+0, 5.00000e+0, 0.00000e+0, 3, 3, 
08/28/2024 14:35:34.914, 08/28/2024 14:35:34.861, 4.14585e+0, 0.00000e+0, 9.61089e+1, 0.00000e+0, 5.33505e+0, 0.00000e+0, 2.71309e+4, 0.00000e+0, 4.48617e+2, 0.00000e+0, 5.48383e+0, 0.00000e+0, 4.61127e+2, 0.00000e+0, 4.57979e+2, 0.00000e+0, 3.06227e+1, 0.00000e+0, 3.26066e+1, 0.00000e+0, 3.24090e+0, 0.00000e+0, 2.87970e+0, 0.00000e+0, 2.00000e+1, 0.00000e+0, 5.00000e+0, 0.00000e+0, 3, 4, 
08/28/2024 14:35:35.906, 08/28/2024 14:35:35.855, 4.14581e+0, 0.00000e+0, 9.61033e+1, 0.00000e+0, 5.39420e+0, 0.00000e+0, 2.72569e+4, 0.00000e+0, 4.50845e+2, 0.00000e+0, 5.54535e+0, 0.00000e+0, 4.63478e+2, 0.00000e+0, 4.58055e+2, 0.00000e+0, 3.06332e+1, 0.00000e+0, 3.26091e+1, 0.00000e+0, 3.24241e+0, 0.00000e+0, 2.87942e+0, 0.00000e+0, 2.00000e+1, 0.00000e+0, 5.00000e+0, 0.00000e+0, 3, 4, 
08/28/2024 14:35:36.901, 08/28/2024 14:35:36.850, 4.14585e+0, 0.00000e+0, 9.61092e+1, 0.00000e+0, 5.43975e+0, 0.00000e+0, 2.73583e+4, 0.00000e+0, 4.52047e+2, 0.00000e+0, 5.59275e+0, 0.00000e+0, 4.64763e+2, 0.00000e+0, 4.58069e+2, 0.00000e+0, 3.06311e+1, 0.00000e+0, 3.26101e+1, 0.00000e+0, 3.24200e+0, 0.00000e+0, 2.87937e+0, 0.00000e+0, 2.00000e+1, 0.00000e+0, 5.00000e+0, 0.00000e+0, 3, 4, 
08/28/2024 14:35:37.899, 08/28/2024 14:35:37.844, 4.14565e+0, 0.00000e+0, 9.60796e+1, 0.00000e+0, 5.49770e+0, 0.00000e+0, 2.72510e+4, 0.00000e+0, 4.50958e+2, 0.00000e+0, 5.65171e+0, 0.00000e+0, 4.63591e+2, 0.00000e+0, 4.58001e+2, 0.00000e+0, 3.06428e+1, 0.00000e+0, 3.26130e+1, 0.00000e+0, 3.24272e+0, 0.00000e+0, 2.87907e+0, 0.00000e+0, 2.00000e+1, 0.00000e+0, 5.00000e+0, 0.00000e+0, 3, 5, 
08/28/2024 14:35:38.894, 08/28/2024 14:35:38.839, 4.14567e+0, 0.00000e+0, 9.60817e+1, 0.00000e+0, 5.55687e+0, 0.00000e+0, 2.72315e+4, 0.00000e+0, 4.51592e+2, 0.00000e+0, 5.71243e+0, 0.00000e+0, 4.64234e+2, 0.00000e+0, 4.57955e+2, 0.00000e+0, 3.06354e+1, 0.00000e+0, 3.26126e+1, 0.00000e+0, 3.24239e+0, 0.00000e+0, 2.87998e+0, 0.00000e+0, 2.00000e+1, 0.00000e+0, 5.00000e+0, 0.00000e+0, 3, 5, 
08/28/2024 14:35:39.886, 08/28/2024 14:35:39.833, 4.14606e+0, 0.00000e+0, 9.61403e+1, 0.00000e+0, 5.63942e+0, 0.00000e+0, 2.72238e+4, 0.00000e+0, 4.55006e+2, 0.00000e+0, 5.79724e+0, 0.00000e+0, 4.67740e+2, 0.00000e+0, 4.57900e+2, 0.00000e+0, 3.06333e+1, 0.00000e+0, 3.26081e+1, 0.00000e+0, 3.24299e+0, 0.00000e+0, 2.87904e+0, 0.00000e+0, 2.00000e+1, 0.00000e+0, 5.00000e+0, 0.00000e+0, 3, 5, 
08/28/2024 14:35:40.877, 08/28/2024 14:35:40.829, 4.14589e+0, 0.00000e+0, 9.61143e+1, 0.00000e+0, 5.70013e+0, 0.00000e+0, 2.74020e+4, 0.00000e+0, 4.56668e+2, 0.00000e+0, 5.86073e+0, 0.00000e+0, 4.69534e+2, 0.00000e+0, 4.58202e+2, 0.00000e+0, 3.06372e+1, 0.00000e+0, 3.26084e+1, 0.00000e+0, 3.24179e+0, 0.00000e+0, 2.87886e+0, 0.00000e+0, 2.00000e+1, 0.00000e+0, 5.00000e+0, 0.00000e+0, 3, 6, 
08/28/2024 14:35:41.886, 08/28/2024 14:35:41.830, 4.14588e+0, 0.00000e+0, 9.61134e+1, 0.00000e+0, 5.73371e+0, 0.00000e+0, 2.71144e+4, 0.00000e+0, 4.56263e+2, 0.00000e+0, 5.89351e+0, 0.00000e+0, 4.68979e+2, 0.00000e+0, 4.57977e+2, 0.00000e+0, 3.06373e+1, 0.00000e+0, 3.26052e+1, 0.00000e+0, 3.24208e+0, 0.00000e+0, 2.87929e+0, 0.00000e+0, 2.00000e+1, 0.00000e+0, 5.00000e+0, 0.00000e+0, 3, 6, 
08/28/2024 14:35:42.879, 08/28/2024 14:35:42.823, 4.14593e+0, 0.00000e+0, 9.61198e+1, 0.00000e+0, 5.77865e+0, 0.00000e+0, 2.72561e+4, 0.00000e+0, 4.56453e+2, 0.00000e+0, 5.94057e+0, 0.00000e+0, 4.69243e+2, 0.00000e+0, 4.58163e+2, 0.00000e+0, 3.06365e+1, 0.00000e+0, 3.26035e+1, 0.00000e+0, 3.24057e+0, 0.00000e+0, 2.87799e+0, 0.00000e+0, 2.00000e+1, 0.00000e+0, 5.00000e+0, 0.00000e+0, 3, 6, 
08/28/2024 14:35:43.877, 08/28/2024 14:35:43.820, 4.14592e+0, 0.00000e+0, 9.61192e+1, 0.00000e+0, 5.83659e+0, 0.00000e+0, 2.72014e+4, 0.00000e+0, 4.58929e+2, 0.00000e+0, 5.99979e+0, 0.00000e+0, 4.71761e+2, 0.00000e+0, 4.58071e+2, 0.00000e+0, 3.06381e+1, 0.00000e+0, 3.26042e+1, 0.00000e+0, 3.24337e+0, 0.00000e+0, 2.87856e+0, 0.00000e+0, 2.00000e+1, 0.00000e+0, 5.00000e+0, 0.00000e+0, 3, 7, 
08/28/2024 14:35:44.864, 08/28/2024 14:35:44.813, 4.14632e+0, 0.00000e+0, 9.61788e+1, 0.00000e+0, 5.93697e+0, 0.00000e+0, 2.70519e+4, 0.00000e+0, 4.61030e+2, 0.00000e+0, 6.10204e+0, 0.00000e+0, 4.73848e+2, 0.00000e+0, 4.57976e+2, 0.00000e+0, 3.06417e+1, 0.00000e+0, 3.26061e+1, 0.00000e+0, 3.24238e+0, 0.00000e+0, 2.87862e+0, 0.00000e+0, 2.00000e+1, 0.00000e+0, 5.00000e+0, 0.00000e+0, 3, 7, 
08/28/2024 14:35:45.860, 08/28/2024 14:35:45.807, 4.14581e+0, 0.00000e+0, 9.61020e+1, 0.00000e+0, 5.97585e+0, 0.00000e+0, 2.71809e+4, 0.00000e+0, 4.60350e+2, 0.00000e+0, 6.14282e+0, 0.00000e+0, 4.73212e+2, 0.00000e+0, 4.57969e+2, 0.00000e+0, 3.06454e+1, 0.00000e+0, 3.26092e+1, 0.00000e+0, 3.24232e+0, 0.00000e+0, 2.87748e+0, 0.00000e+0, 2.00000e+1, 0.00000e+0, 5.00000e+0, 0.00000e+0, 3, 7, 
08/28/2024 14:35:46.855, 08/28/2024 14:35:46.803, 4.14576e+0, 0.00000e+0, 9.60959e+1, 0.00000e+0, 6.00050e+0, 0.00000e+0, 2.71350e+4, 0.00000e+0, 4.59971e+2, 0.00000e+0, 6.16786e+0, 0.00000e+0, 4.72801e+2, 0.00000e+0, 4.58140e+2, 0.00000e+0, 3.06440e+1, 0.00000e+0, 3.26129e+1, 0.00000e+0, 3.24216e+0, 0.00000e+0, 2.87826e+0, 0.00000e+0, 2.00000e+1, 0.00000e+0, 5.00000e+0, 0.00000e+0, 3, 8, 
08/28/2024 14:35:47.852, 08/28/2024 14:35:47.798, 4.14588e+0, 0.00000e+0, 9.61127e+1, 0.00000e+0, 6.05282e+0, 0.00000e+0, 2.72550e+4, 0.00000e+0, 4.61141e+2, 0.00000e+0, 6.22241e+0, 0.00000e+0, 4.74061e+2, 0.00000e+0, 4.58101e+2, 0.00000e+0, 3.06459e+1, 0.00000e+0, 3.26146e+1, 0.00000e+0, 3.24248e+0, 0.00000e+0, 2.87851e+0, 0.00000e+0, 2.00000e+1, 0.00000e+0, 5.00000e+0, 0.00000e+0, 3, 8, 
08/28/2024 14:35:48.843, 08/28/2024 14:35:48.791, 4.14615e+0, 0.00000e+0, 9.61533e+1, 0.00000e+0, 6.10270e+0, 0.00000e+0, 2.70227e+4, 0.00000e+0, 4.63245e+2, 0.00000e+0, 6.27219e+0, 0.00000e+0, 4.76110e+2, 0.00000e+0, 4.58052e+2, 0.00000e+0, 3.06432e+1, 0.00000e+0, 3.26210e+1, 0.00000e+0, 3.24444e+0, 0.00000e+0, 2.87736e+0, 0.00000e+0, 2.00000e+1, 0.00000e+0, 5.00000e+0, 0.00000e+0, 3, 8, 
08/28/2024 14:35:49.836, 08/28/2024 14:35:49.785, 4.14556e+0, 0.00000e+0, 9.60659e+1, 0.00000e+0, 6.15335e+0, 0.00000e+0, 2.68401e+4, 0.00000e+0, 4.65602e+2, 0.00000e+0, 6.32306e+0, 0.00000e+0, 4.78443e+2, 0.00000e+0, 4.58168e+2, 0.00000e+0, 3.06488e+1, 0.00000e+0, 3.26136e+1, 0.00000e+0, 3.24427e+0, 0.00000e+0, 2.87760e+0, 0.00000e+0, 2.00000e+1, 0.00000e+0, 5.00000e+0, 0.00000e+0, 3, 1, 
08/28/2024 14:35:50.833, 08/28/2024 14:35:50.780, 4.14573e+0, 0.00000e+0, 9.60913e+1, 0.00000e+0, 6.21446e+0, 0.00000e+0, 2.70805e+4, 0.00000e+0, 4.64330e+2, 0.00000e+0, 6.38743e+0, 0.00000e+0, 4.77254e+2, 0.00000e+0, 4.58258e+2, 0.00000e+0, 3.06492e+1, 0.00000e+0, 3.26185e+1, 0.00000e+0, 3.24491e+0, 0.00000e+0, 2.87783e+0, 0.00000e+0, 2.00000e+1, 0.00000e+0, 5.00000e+0, 0.00000e+0, 3, 1, 
08/28/2024 14:35:51.832, 08/28/2024 14:35:51.775, 4.14590e+0, 0.00000e+0, 9.61159e+1, 0.00000e+0, 6.28719e+0, 0.00000e+0, 2.70300e+4, 0.00000e+0, 4.66624e+2, 0.00000e+0, 6.46185e+0, 0.00000e+0, 4.79587e+2, 0.00000e+0, 4.58102e+2, 0.00000e+0, 3.06598e+1, 0.00000e+0, 3.26228e+1, 0.00000e+0, 3.24471e+0, 0.00000e+0, 2.87730e+0, 0.00000e+0, 2.00000e+1, 0.00000e+0, 5.00000e+0, 0.00000e+0, 3, 1, 
08/28/2024 14:35:52.820, 08/28/2024 14:35:52.770, 4.14625e+0, 0.00000e+0, 9.61685e+1, 0.00000e+0, 6.32932e+0, 0.00000e+0, 2.71215e+4, 0.00000e+0, 4.67481e+2, 0.00000e+0, 6.50576e+0, 0.00000e+0, 4.80513e+2, 0.00000e+0, 4.58061e+2, 0.00000e+0, 3.06528e+1, 0.00000e+0, 3.26250e+1, 0.00000e+0, 3.24517e+0, 0.00000e+0, 2.87853e+0, 0.00000e+0, 2.00000e+1, 0.00000e+0, 5.00000e+0, 0.00000e+0, 3, 2, 
08/28/2024 14:35:53.817, 08/28/2024 14:35:53.764, 4.14563e+0, 0.00000e+0, 9.60764e+1, 0.00000e+0, 6.36421e+0, 0.00000e+0, 2.69369e+4, 0.00000e+0, 4.67694e+2, 0.00000e+0, 6.54039e+0, 0.00000e+0, 4.80641e+2, 0.00000e+0, 4.57948e+2, 0.00000e+0, 3.06584e+1, 0.00000e+0, 3.26191e+1, 0.00000e+0, 3.24478e+0, 0.00000e+0, 2.87780e+0, 0.00000e+0, 2.00000e+1, 0.00000e+0, 5.00000e+0, 0.00000e+0, 3, 2, 
08/28/2024 14:35:54.819, 08/28/2024 14:35:54.759, 4.14609e+0, 0.00000e+0, 9.61444e+1, 0.00000e+0, 6.41135e+0, 0.00000e+0, 2.71623e+4, 0.00000e+0, 4.69160e+2, 0.00000e+0, 6.59036e+0, 0.00000e+0, 4.82259e+2, 0.00000e+0, 4.58051e+2, 0.00000e+0, 3.06595e+1, 0.00000e+0, 3.26245e+1, 0.00000e+0, 3.24392e+0, 0.00000e+0, 2.87816e+0, 0.00000e+0, 2.00000e+1, 0.00000e+0, 5.00000e+0, 0.00000e+0, 3, 2, 
08/28/2024 14:35:55.805, 08/28/2024 14:35:55.753, 4.14622e+0, 0.00000e+0, 9.61630e+1, 0.00000e+0, 6.45424e+0, 0.00000e+0, 2.71875e+4, 0.00000e+0, 4.69274e+2, 0.00000e+0, 6.63461e+0, 0.00000e+0, 4.82389e+2, 0.00000e+0, 4.58047e+2, 0.00000e+0, 3.06613e+1, 0.00000e+0, 3.26320e+1, 0.00000e+0, 3.24425e+0, 0.00000e+0, 2.87771e+0, 0.00000e+0, 2.00000e+1, 0.00000e+0, 5.00000e+0, 0.00000e+0, 3, 3, 
08/28/2024 14:35:56.801, 08/28/2024 14:35:56.747, 4.14669e+0, 0.00000e+0, 9.62330e+1, 0.00000e+0, 6.51770e+0, 0.00000e+0, 2.72184e+4, 0.00000e+0, 4.69698e+2, 0.00000e+0, 6.70006e+0, 0.00000e+0, 4.82840e+2, 0.00000e+0, 4.58089e+2, 0.00000e+0, 3.06634e+1, 0.00000e+0, 3.26324e+1, 0.00000e+0, 3.24285e+0, 0.00000e+0, 2.87858e+0, 0.00000e+0, 2.00000e+1, 0.00000e+0, 5.00000e+0, 0.00000e+0, 3, 3, 
08/28/2024 14:35:57.796, 08/28/2024 14:35:57.743, 4.14633e+0, 0.00000e+0, 9.61804e+1, 0.00000e+0, 6.58424e+0, 0.00000e+0, 2.69742e+4, 0.00000e+0, 4.70126e+2, 0.00000e+0, 6.76677e+0, 0.00000e+0, 4.83159e+2, 0.00000e+0, 4.58100e+2, 0.00000e+0, 3.06652e+1, 0.00000e+0, 3.26271e+1, 0.00000e+0, 3.24395e+0, 0.00000e+0, 2.87919e+0, 0.00000e+0, 2.00000e+1, 0.00000e+0, 5.00000e+0, 0.00000e+0, 3, 3, 
08/28/2024 14:35:58.788, 08/28/2024 14:35:58.737, 4.14606e+0, 0.00000e+0, 9.61393e+1, 0.00000e+0, 6.62162e+0, 0.00000e+0, 2.73156e+4, 0.00000e+0, 4.70422e+2, 0.00000e+0, 6.80757e+0, 0.00000e+0, 4.83632e+2, 0.00000e+0, 4.58084e+2, 0.00000e+0, 3.06679e+1, 0.00000e+0, 3.26330e+1, 0.00000e+0, 3.24487e+0, 0.00000e+0, 2.87882e+0, 0.00000e+0, 2.00000e+1, 0.00000e+0, 5.00000e+0, 0.00000e+0, 3, 4, 
08/28/2024 14:35:59.786, 08/28/2024 14:35:59.731, 4.14616e+0, 0.00000e+0, 9.61547e+1, 0.00000e+0, 6.63280e+0, 0.00000e+0, 2.75679e+4, 0.00000e+0, 4.71094e+2, 0.00000e+0, 6.82083e+0, 0.00000e+0, 4.84449e+2, 0.00000e+0, 4.58004e+2, 0.00000e+0, 3.06675e+1, 0.00000e+0, 3.26395e+1, 0.00000e+0, 3.24562e+0, 0.00000e+0, 2.87944e+0, 0.00000e+0, 2.00000e+1, 0.00000e+0, 5.00000e+0, 0.00000e+0, 3, 4, 
08/28/2024 14:36:00.785, 08/28/2024 14:36:00.725, 4.14595e+0, 0.00000e+0, 9.61229e+1, 0.00000e+0, 6.69216e+0, 0.00000e+0, 2.71162e+4, 0.00000e+0, 4.72866e+2, 0.00000e+0, 6.87869e+0, 0.00000e+0, 4.86045e+2, 0.00000e+0, 4.58068e+2, 0.00000e+0, 3.06811e+1, 0.00000e+0, 3.26389e+1, 0.00000e+0, 3.24430e+0, 0.00000e+0, 2.87949e+0, 0.00000e+0, 2.00000e+1, 0.00000e+0, 5.00000e+0, 0.00000e+0, 3, 4, 
08/28/2024 14:36:01.773, 08/28/2024 14:36:01.720, 4.14566e+0, 0.00000e+0, 9.60809e+1, 0.00000e+0, 6.75070e+0, 0.00000e+0, 2.73901e+4, 0.00000e+0, 4.73947e+2, 0.00000e+0, 6.94081e+0, 0.00000e+0, 4.87294e+2, 0.00000e+0, 4.57937e+2, 0.00000e+0, 3.06734e+1, 0.00000e+0, 3.26416e+1, 0.00000e+0, 3.24418e+0, 0.00000e+0, 2.87953e+0, 0.00000e+0, 2.00000e+1, 0.00000e+0, 5.00000e+0, 0.00000e+0, 3, 5, 
08/28/2024 14:36:02.769, 08/28/2024 14:36:02.715, 4.14587e+0, 0.00000e+0, 9.61122e+1, 0.00000e+0, 6.79547e+0, 0.00000e+0, 2.76796e+4, 0.00000e+0, 4.74251e+2, 0.00000e+0, 6.98892e+0, 0.00000e+0, 4.87751e+2, 0.00000e+0, 4.58107e+2, 0.00000e+0, 3.06735e+1, 0.00000e+0, 3.26480e+1, 0.00000e+0, 3.24455e+0, 0.00000e+0, 2.87945e+0, 0.00000e+0, 2.00000e+1, 0.00000e+0, 5.00000e+0, 0.00000e+0, 3, 5, 
08/28/2024 14:36:03.761, 08/28/2024 14:36:03.710, 4.14615e+0, 0.00000e+0, 9.61533e+1, 0.00000e+0, 6.83442e+0, 0.00000e+0, 2.76555e+4, 0.00000e+0, 4.75517e+2, 0.00000e+0, 7.02881e+0, 0.00000e+0, 4.89042e+2, 0.00000e+0, 4.58137e+2, 0.00000e+0, 3.06774e+1, 0.00000e+0, 3.26598e+1, 0.00000e+0, 3.24399e+0, 0.00000e+0, 2.87945e+0, 0.00000e+0, 2.00000e+1, 0.00000e+0, 5.00000e+0, 0.00000e+0, 3, 5, 
08/28/2024 14:36:04.755, 08/28/2024 14:36:04.703, 4.14656e+0, 0.00000e+0, 9.62143e+1, 0.00000e+0, 6.89343e+0, 0.00000e+0, 2.74935e+4, 0.00000e+0, 4.76669e+2, 0.00000e+0, 7.08831e+0, 0.00000e+0, 4.90144e+2, 0.00000e+0, 4.58052e+2, 0.00000e+0, 3.06861e+1, 0.00000e+0, 3.26628e+1, 0.00000e+0, 3.24397e+0, 0.00000e+0, 2.87972e+0, 0.00000e+0, 2.00000e+1, 0.00000e+0, 5.00000e+0, 0.00000e+0, 3, 6, 
08/28/2024 14:36:05.762, 08/28/2024 14:36:05.699, 4.14548e+0, 0.00000e+0, 9.60540e+1, 0.00000e+0, 6.95488e+0, 0.00000e+0, 2.73538e+4, 0.00000e+0, 4.79336e+2, 0.00000e+0, 7.15047e+0, 0.00000e+0, 4.92817e+2, 0.00000e+0, 4.58111e+2, 0.00000e+0, 3.06928e+1, 0.00000e+0, 3.26548e+1, 0.00000e+0, 3.24430e+0, 0.00000e+0, 2.87945e+0, 0.00000e+0, 2.00000e+1, 0.00000e+0, 5.00000e+0, 0.00000e+0, 3, 6, 
08/28/2024 14:36:06.749, 08/28/2024 14:36:06.693, 4.14593e+0, 0.00000e+0, 9.61205e+1, 0.00000e+0, 6.99570e+0, 0.00000e+0, 2.74038e+4, 0.00000e+0, 4.78309e+2, 0.00000e+0, 7.19281e+0, 0.00000e+0, 4.91786e+2, 0.00000e+0, 4.58175e+2, 0.00000e+0, 3.06840e+1, 0.00000e+0, 3.26587e+1, 0.00000e+0, 3.24359e+0, 0.00000e+0, 2.87884e+0, 0.00000e+0, 2.00000e+1, 0.00000e+0, 5.00000e+0, 0.00000e+0, 3, 6, 
08/28/2024 14:36:07.743, 08/28/2024 14:36:07.687, 4.14581e+0, 0.00000e+0, 9.61024e+1, 0.00000e+0, 7.05088e+0, 0.00000e+0, 2.76099e+4, 0.00000e+0, 4.79021e+2, 0.00000e+0, 7.25108e+0, 0.00000e+0, 4.92623e+2, 0.00000e+0, 4.58026e+2, 0.00000e+0, 3.06892e+1, 0.00000e+0, 3.26589e+1, 0.00000e+0, 3.24387e+0, 0.00000e+0, 2.87901e+0, 0.00000e+0, 2.00000e+1, 0.00000e+0, 5.00000e+0, 0.00000e+0, 3, 7, 
08/28/2024 14:36:08.740, 08/28/2024 14:36:08.683, 4.14553e+0, 0.00000e+0, 9.60616e+1, 0.00000e+0, 7.09888e+0, 0.00000e+0, 2.76036e+4, 0.00000e+0, 4.80117e+2, 0.00000e+0, 7.30040e+0, 0.00000e+0, 4.93746e+2, 0.00000e+0, 4.57918e+2, 0.00000e+0, 3.06977e+1, 0.00000e+0, 3.26619e+1, 0.00000e+0, 3.24326e+0, 0.00000e+0, 2.87808e+0, 0.00000e+0, 2.00000e+1, 0.00000e+0, 5.00000e+0, 0.00000e+0, 3, 7, 
08/28/2024 14:36:09.730, 08/28/2024 14:36:09.677, 4.14589e+0, 0.00000e+0, 9.61148e+1, 0.00000e+0, 7.13663e+0, 0.00000e+0, 2.74887e+4, 0.00000e+0, 4.82344e+2, 0.00000e+0, 7.33835e+0, 0.00000e+0, 4.95978e+2, 0.00000e+0, 4.58036e+2, 0.00000e+0, 3.06946e+1, 0.00000e+0, 3.26645e+1, 0.00000e+0, 3.24508e+0, 0.00000e+0, 2.87839e+0, 0.00000e+0, 2.00000e+1, 0.00000e+0, 5.00000e+0, 0.00000e+0, 3, 7, 
08/28/2024 14:36:10.727, 08/28/2024 14:36:10.671, 4.14597e+0, 0.00000e+0, 9.61259e+1, 0.00000e+0, 7.19483e+0, 0.00000e+0, 2.77074e+4, 0.00000e+0, 4.82398e+2, 0.00000e+0, 7.39986e+0, 0.00000e+0, 4.96145e+2, 0.00000e+0, 4.58067e+2, 0.00000e+0, 3.06956e+1, 0.00000e+0, 3.26620e+1, 0.00000e+0, 3.24569e+0, 0.00000e+0, 2.87793e+0, 0.00000e+0, 2.00000e+1, 0.00000e+0, 5.00000e+0, 0.00000e+0, 3, 8, 
08/28/2024 14:36:11.731, 08/28/2024 14:36:11.665, 4.14560e+0, 0.00000e+0, 9.60718e+1, 0.00000e+0, 7.24537e+0, 0.00000e+0, 2.73832e+4, 0.00000e+0, 4.83876e+2, 0.00000e+0, 7.44936e+0, 0.00000e+0, 4.97499e+2, 0.00000e+0, 4.57936e+2, 0.00000e+0, 3.06995e+1, 0.00000e+0, 3.26631e+1, 0.00000e+0, 3.24553e+0, 0.00000e+0, 2.87764e+0, 0.00000e+0, 2.00000e+1, 0.00000e+0, 5.00000e+0, 0.00000e+0, 3, 8, 
08/28/2024 14:36:12.711, 08/28/2024 14:36:12.660, 4.14596e+0, 0.00000e+0, 9.61248e+1, 0.00000e+0, 7.29457e+0, 0.00000e+0, 2.73047e+4, 0.00000e+0, 4.84779e+2, 0.00000e+0, 7.49933e+0, 0.00000e+0, 4.98387e+2, 0.00000e+0, 4.58008e+2, 0.00000e+0, 3.07006e+1, 0.00000e+0, 3.26640e+1, 0.00000e+0, 3.24525e+0, 0.00000e+0, 2.87715e+0, 0.00000e+0, 2.00000e+1, 0.00000e+0, 5.00000e+0, 0.00000e+0, 3, 8, 
08/28/2024 14:36:13.708, 08/28/2024 14:36:13.654, 4.14573e+0, 0.00000e+0, 9.60904e+1, 0.00000e+0, 7.34710e+0, 0.00000e+0, 2.74458e+4, 0.00000e+0, 4.87059e+2, 0.00000e+0, 7.55444e+0, 0.00000e+0, 5.00804e+2, 0.00000e+0, 4.57946e+2, 0.00000e+0, 3.07071e+1, 0.00000e+0, 3.26695e+1, 0.00000e+0, 3.24503e+0, 0.00000e+0, 2.87777e+0, 0.00000e+0, 2.00000e+1, 0.00000e+0, 5.00000e+0, 0.00000e+0, 3, 1, 
08/28/2024 14:36:14.702, 08/28/2024 14:36:14.649, 4.14560e+0, 0.00000e+0, 9.60714e+1, 0.00000e+0, 7.37900e+0, 0.00000e+0, 2.73930e+4, 0.00000e+0, 4.86903e+2, 0.00000e+0, 7.58683e+0, 0.00000e+0, 5.00617e+2, 0.00000e+0, 4.57994e+2, 0.00000e+0, 3.07106e+1, 0.00000e+0, 3.26724e+1, 0.00000e+0, 3.24523e+0, 0.00000e+0, 2.87739e+0, 0.00000e+0, 2.00000e+1, 0.00000e+0, 5.00000e+0, 0.00000e+0, 3, 1, 
08/28/2024 14:36:15.695, 08/28/2024 14:36:15.643, 4.14593e+0, 0.00000e+0, 9.61205e+1, 0.00000e+0, 7.42757e+0, 0.00000e+0, 2.73677e+4, 0.00000e+0, 4.87087e+2, 0.00000e+0, 7.63657e+0, 0.00000e+0, 5.00792e+2, 0.00000e+0, 4.58041e+2, 0.00000e+0, 3.07092e+1, 0.00000e+0, 3.26770e+1, 0.00000e+0, 3.24311e+0, 0.00000e+0, 2.87822e+0, 0.00000e+0, 2.00000e+1, 0.00000e+0, 5.00000e+0, 0.00000e+0, 3, 1, 
08/28/2024 14:36:16.690, 08/28/2024 14:36:16.639, 4.14575e+0, 0.00000e+0, 9.60944e+1, 0.00000e+0, 7.45911e+0, 0.00000e+0, 2.74287e+4, 0.00000e+0, 4.87362e+2, 0.00000e+0, 7.66947e+0, 0.00000e+0, 5.01107e+2, 0.00000e+0, 4.58158e+2, 0.00000e+0, 3.07171e+1, 0.00000e+0, 3.26733e+1, 0.00000e+0, 3.24477e+0, 0.00000e+0, 2.87926e+0, 0.00000e+0, 2.00000e+1, 0.00000e+0, 5.00000e+0, 0.00000e+0, 3, 2, 
08/28/2024 14:36:17.695, 08/28/2024 14:36:17.633, 4.14620e+0, 0.00000e+0, 9.61602e+1, 0.00000e+0, 7.51361e+0, 0.00000e+0, 2.74555e+4, 0.00000e+0, 4.87426e+2, 0.00000e+0, 7.72572e+0, 0.00000e+0, 5.01186e+2, 0.00000e+0, 4.58038e+2, 0.00000e+0, 3.07222e+1, 0.00000e+0, 3.26733e+1, 0.00000e+0, 3.24452e+0, 0.00000e+0, 2.87970e+0, 0.00000e+0, 2.00000e+1, 0.00000e+0, 5.00000e+0, 0.00000e+0, 3, 2, 
08/28/2024 14:36:18.686, 08/28/2024 14:36:18.627, 4.14576e+0, 0.00000e+0, 9.60959e+1, 0.00000e+0, 7.56779e+0, 0.00000e+0, 2.75028e+4, 0.00000e+0, 4.89642e+2, 0.00000e+0, 7.78181e+0, 0.00000e+0, 5.03489e+2, 0.00000e+0, 4.58223e+2, 0.00000e+0, 3.07217e+1, 0.00000e+0, 3.26737e+1, 0.00000e+0, 3.24494e+0, 0.00000e+0, 2.87875e+0, 0.00000e+0, 2.00000e+1, 0.00000e+0, 5.00000e+0, 0.00000e+0, 3, 2, 
08/28/2024 14:36:19.681, 08/28/2024 14:36:19.621, 4.14601e+0, 0.00000e+0, 9.61330e+1, 0.00000e+0, 7.61910e+0, 0.00000e+0, 2.75236e+4, 0.00000e+0, 4.90397e+2, 0.00000e+0, 7.83474e+0, 0.00000e+0, 5.04276e+2, 0.00000e+0, 4.58144e+2, 0.00000e+0, 3.07174e+1, 0.00000e+0, 3.26845e+1, 0.00000e+0, 3.24584e+0, 0.00000e+0, 2.87908e+0, 0.00000e+0, 2.00000e+1, 0.00000e+0, 5.00000e+0, 0.00000e+0, 3, 3, 
08/28/2024 14:36:20.671, 08/28/2024 14:36:20.616, 4.14597e+0, 0.00000e+0, 9.61268e+1, 0.00000e+0, 7.65684e+0, 0.00000e+0, 2.74128e+4, 0.00000e+0, 4.90791e+2, 0.00000e+0, 7.87265e+0, 0.00000e+0, 5.04624e+2, 0.00000e+0, 4.58146e+2, 0.00000e+0, 3.07266e+1, 0.00000e+0, 3.26872e+1, 0.00000e+0, 3.24697e+0, 0.00000e+0, 2.87928e+0, 0.00000e+0, 2.00000e+1, 0.00000e+0, 5.00000e+0, 0.00000e+0, 3, 3, 
08/28/2024 14:36:21.663, 08/28/2024 14:36:21.610, 4.14609e+0, 0.00000e+0, 9.61448e+1, 0.00000e+0, 7.69310e+0, 0.00000e+0, 2.75659e+4, 0.00000e+0, 4.91466e+2, 0.00000e+0, 7.91118e+0, 0.00000e+0, 5.05398e+2, 0.00000e+0, 4.58141e+2, 0.00000e+0, 3.07237e+1, 0.00000e+0, 3.26981e+1, 0.00000e+0, 3.24738e+0, 0.00000e+0, 2.87952e+0, 0.00000e+0, 2.00000e+1, 0.00000e+0, 5.00000e+0, 0.00000e+0, 3, 3, 
08/28/2024 14:36:22.658, 08/28/2024 14:36:22.605, 4.14598e+0, 0.00000e+0, 9.61282e+1, 0.00000e+0, 7.72997e+0, 0.00000e+0, 2.76082e+4, 0.00000e+0, 4.91456e+2, 0.00000e+0, 7.94944e+0, 0.00000e+0, 5.05410e+2, 0.00000e+0, 4.58057e+2, 0.00000e+0, 3.07265e+1, 0.00000e+0, 3.26879e+1, 0.00000e+0, 3.24559e+0, 0.00000e+0, 2.88069e+0, 0.00000e+0, 2.00000e+1, 0.00000e+0, 5.00000e+0, 0.00000e+0, 3, 4, 
08/28/2024 14:36:23.654, 08/28/2024 14:36:23.600, 4.14597e+0, 0.00000e+0, 9.61268e+1, 0.00000e+0, 7.75794e+0, 0.00000e+0, 2.77323e+4, 0.00000e+0, 4.91981e+2, 0.00000e+0, 7.97922e+0, 0.00000e+0, 5.06014e+2, 0.00000e+0, 4.58212e+2, 0.00000e+0, 3.07339e+1, 0.00000e+0, 3.26836e+1, 0.00000e+0, 3.24865e+0, 0.00000e+0, 2.88006e+0, 0.00000e+0, 2.00000e+1, 0.00000e+0, 5.00000e+0, 0.00000e+0, 3, 4, 
08/28/2024 14:36:24.664, 08/28/2024 14:36:24.602, 4.14608e+0, 0.00000e+0, 9.61435e+1, 0.00000e+0, 7.81511e+0, 0.00000e+0, 2.75724e+4, 0.00000e+0, 4.92572e+2, 0.00000e+0, 8.03670e+0, 0.00000e+0, 5.06538e+2, 0.00000e+0, 4.57980e+2, 0.00000e+0, 3.07338e+1, 0.00000e+0, 3.26813e+1, 0.00000e+0, 3.24863e+0, 0.00000e+0, 2.87926e+0, 0.00000e+0, 2.00000e+1, 0.00000e+0, 5.00000e+0, 0.00000e+0, 3, 4, 
08/28/2024 14:36:25.648, 08/28/2024 14:36:25.595, 4.14578e+0, 0.00000e+0, 9.60984e+1, 0.00000e+0, 7.87233e+0, 0.00000e+0, 2.74874e+4, 0.00000e+0, 4.93585e+2, 0.00000e+0, 8.09484e+0, 0.00000e+0, 5.07536e+2, 0.00000e+0, 4.58135e+2, 0.00000e+0, 3.07366e+1, 0.00000e+0, 3.26803e+1, 0.00000e+0, 3.24793e+0, 0.00000e+0, 2.88075e+0, 0.00000e+0, 2.00000e+1, 0.00000e+0, 5.00000e+0, 0.00000e+0, 3, 5, 
08/28/2024 14:36:26.642, 08/28/2024 14:36:26.590, 4.14609e+0, 0.00000e+0, 9.61438e+1, 0.00000e+0, 7.94100e+0, 0.00000e+0, 2.75672e+4, 0.00000e+0, 4.94125e+2, 0.00000e+0, 8.16611e+0, 0.00000e+0, 5.08133e+2, 0.00000e+0, 4.58161e+2, 0.00000e+0, 3.07441e+1, 0.00000e+0, 3.26854e+1, 0.00000e+0, 3.24809e+0, 0.00000e+0, 2.87922e+0, 0.00000e+0, 2.00000e+1, 0.00000e+0, 5.00000e+0, 0.00000e+0, 3, 5, 
08/28/2024 14:36:27.630, 08/28/2024 14:36:27.585, 4.14610e+0, 0.00000e+0, 9.61458e+1, 0.00000e+0, 7.98069e+0, 0.00000e+0, 2.75080e+4, 0.00000e+0, 4.94987e+2, 0.00000e+0, 8.20643e+0, 0.00000e+0, 5.08988e+2, 0.00000e+0, 4.58130e+2, 0.00000e+0, 3.07329e+1, 0.00000e+0, 3.26897e+1, 0.00000e+0, 3.24834e+0, 0.00000e+0, 2.88135e+0, 0.00000e+0, 2.00000e+1, 0.00000e+0, 5.00000e+0, 0.00000e+0, 3, 5, 
08/28/2024 14:36:28.635, 08/28/2024 14:36:28.579, 4.14582e+0, 0.00000e+0, 9.61045e+1, 0.00000e+0, 8.02503e+0, 0.00000e+0, 2.78358e+4, 0.00000e+0, 4.96634e+2, 0.00000e+0, 8.25480e+0, 0.00000e+0, 5.10854e+2, 0.00000e+0, 4.58191e+2, 0.00000e+0, 3.07554e+1, 0.00000e+0, 3.26916e+1, 0.00000e+0, 3.24684e+0, 0.00000e+0, 2.87938e+0, 0.00000e+0, 2.00000e+1, 0.00000e+0, 5.00000e+0, 0.00000e+0, 3, 6, 
08/28/2024 14:36:29.629, 08/28/2024 14:36:29.573, 4.14587e+0, 0.00000e+0, 9.61123e+1, 0.00000e+0, 8.07679e+0, 0.00000e+0, 2.75885e+4, 0.00000e+0, 4.98555e+2, 0.00000e+0, 8.30594e+0, 0.00000e+0, 5.12700e+2, 0.00000e+0, 4.58301e+2, 0.00000e+0, 3.07503e+1, 0.00000e+0, 3.26893e+1, 0.00000e+0, 3.24720e+0, 0.00000e+0, 2.87951e+0, 0.00000e+0, 2.00000e+1, 0.00000e+0, 5.00000e+0, 0.00000e+0, 3, 6, 
08/28/2024 14:36:30.629, 08/28/2024 14:36:30.568, 4.14605e+0, 0.00000e+0, 9.61389e+1, 0.00000e+0, 8.11980e+0, 0.00000e+0, 2.75869e+4, 0.00000e+0, 4.99372e+2, 0.00000e+0, 8.35015e+0, 0.00000e+0, 5.13539e+2, 0.00000e+0, 4.58017e+2, 0.00000e+0, 3.07557e+1, 0.00000e+0, 3.26913e+1, 0.00000e+0, 3.24881e+0, 0.00000e+0, 2.88021e+0, 0.00000e+0, 2.00000e+1, 0.00000e+0, 5.00000e+0, 0.00000e+0, 3, 6, 
08/28/2024 14:36:31.614, 08/28/2024 14:36:31.564, 4.14572e+0, 0.00000e+0, 9.60891e+1, 0.00000e+0, 8.17669e+0, 0.00000e+0, 2.74872e+4, 0.00000e+0, 5.00361e+2, 0.00000e+0, 8.40780e+0, 0.00000e+0, 5.14504e+2, 0.00000e+0, 4.58079e+2, 0.00000e+0, 3.07537e+1, 0.00000e+0, 3.26992e+1, 0.00000e+0, 3.24775e+0, 0.00000e+0, 2.87923e+0, 0.00000e+0, 2.00000e+1, 0.00000e+0, 5.00000e+0, 0.00000e+0, 3, 7, 
08/28/2024 14:36:32.609, 08/28/2024 14:36:32.557, 4.14569e+0, 0.00000e+0, 9.60855e+1, 0.00000e+0, 8.23061e+0, 0.00000e+0, 2.75912e+4, 0.00000e+0, 5.01898e+2, 0.00000e+0, 8.46414e+0, 0.00000e+0, 5.16139e+2, 0.00000e+0, 4.58118e+2, 0.00000e+0, 3.07603e+1, 0.00000e+0, 3.27069e+1, 0.00000e+0, 3.24907e+0, 0.00000e+0, 2.87826e+0, 0.00000e+0, 2.00000e+1, 0.00000e+0, 5.00000e+0, 0.00000e+0, 3, 7, 
08/28/2024 14:36:33.602, 08/28/2024 14:36:33.552, 4.14600e+0, 0.00000e+0, 9.61310e+1, 0.00000e+0, 8.29292e+0, 0.00000e+0, 2.75043e+4, 0.00000e+0, 5.02778e+2, 0.00000e+0, 8.52746e+0, 0.00000e+0, 5.16998e+2, 0.00000e+0, 4.58147e+2, 0.00000e+0, 3.07595e+1, 0.00000e+0, 3.27082e+1, 0.00000e+0, 3.24622e+0, 0.00000e+0, 2.88111e+0, 0.00000e+0, 2.00000e+1, 0.00000e+0, 5.00000e+0, 0.00000e+0, 3, 7, 
08/28/2024 14:36:34.602, 08/28/2024 14:36:34.546, 4.14552e+0, 0.00000e+0, 9.60602e+1, 0.00000e+0, 8.31455e+0, 0.00000e+0, 2.78097e+4, 0.00000e+0, 5.02057e+2, 0.00000e+0, 8.55239e+0, 0.00000e+0, 5.16419e+2, 0.00000e+0, 4.58044e+2, 0.00000e+0, 3.07733e+1, 0.00000e+0, 3.27085e+1, 0.00000e+0, 3.24756e+0, 0.00000e+0, 2.88289e+0, 0.00000e+0, 2.00000e+1, 0.00000e+0, 5.00000e+0, 0.00000e+0, 3, 8, 
08/28/2024 14:36:35.601, 08/28/2024 14:36:35.548, 4.14571e+0, 0.00000e+0, 9.60881e+1, 0.00000e+0, 8.34984e+0, 0.00000e+0, 2.77788e+4, 0.00000e+0, 5.03311e+2, 0.00000e+0, 8.58842e+0, 0.00000e+0, 5.17691e+2, 0.00000e+0, 4.58095e+2, 0.00000e+0, 3.07669e+1, 0.00000e+0, 3.26979e+1, 0.00000e+0, 3.24706e+0, 0.00000e+0, 2.88148e+0, 0.00000e+0, 2.00000e+1, 0.00000e+0, 5.00000e+0, 0.00000e+0, 3, 8, 
08/28/2024 14:36:36.606, 08/28/2024 14:36:36.542, 4.14601e+0, 0.00000e+0, 9.61326e+1, 0.00000e+0, 8.38756e+0, 0.00000e+0, 2.74569e+4, 0.00000e+0, 5.02876e+2, 0.00000e+0, 8.62436e+0, 0.00000e+0, 5.17073e+2, 0.00000e+0, 4.58068e+2, 0.00000e+0, 3.07617e+1, 0.00000e+0, 3.26913e+1, 0.00000e+0, 3.24745e+0, 0.00000e+0, 2.88174e+0, 0.00000e+0, 2.00000e+1, 0.00000e+0, 5.00000e+0, 0.00000e+0, 3, 8, 
08/28/2024 14:36:37.595, 08/28/2024 14:36:37.537, 4.14589e+0, 0.00000e+0, 9.61150e+1, 0.00000e+0, 8.43947e+0, 0.00000e+0, 2.71939e+4, 0.00000e+0, 5.04353e+2, 0.00000e+0, 8.67539e+0, 0.00000e+0, 5.18452e+2, 0.00000e+0, 4.58114e+2, 0.00000e+0, 3.07701e+1, 0.00000e+0, 3.26858e+1, 0.00000e+0, 3.25125e+0, 0.00000e+0, 2.88100e+0, 0.00000e+0, 2.00000e+1, 0.00000e+0, 5.00000e+0, 0.00000e+0, 3, 1, 
08/28/2024 14:36:38.581, 08/28/2024 14:36:38.531, 4.14603e+0, 0.00000e+0, 9.61351e+1, 0.00000e+0, 8.48174e+0, 0.00000e+0, 2.68895e+4, 0.00000e+0, 5.06169e+2, 0.00000e+0, 8.71611e+0, 0.00000e+0, 5.20155e+2, 0.00000e+0, 4.58171e+2, 0.00000e+0, 3.07670e+1, 0.00000e+0, 3.26791e+1, 0.00000e+0, 3.25150e+0, 0.00000e+0, 2.88143e+0, 0.00000e+0, 2.00000e+1, 0.00000e+0, 5.00000e+0, 0.00000e+0, 3, 1, 
08/28/2024 14:36:39.578, 08/28/2024 14:36:39.526, 4.14586e+0, 0.00000e+0, 9.61095e+1, 0.00000e+0, 8.52184e+0, 0.00000e+0, 2.72104e+4, 0.00000e+0, 5.05036e+2, 0.00000e+0, 8.76021e+0, 0.00000e+0, 5.19163e+2, 0.00000e+0, 4.58203e+2, 0.00000e+0, 3.07669e+1, 0.00000e+0, 3.26787e+1, 0.00000e+0, 3.25137e+0, 0.00000e+0, 2.88235e+0, 0.00000e+0, 2.00000e+1, 0.00000e+0, 5.00000e+0, 0.00000e+0, 3, 1, 
08/28/2024 14:36:40.576, 08/28/2024 14:36:40.521, 4.14600e+0, 0.00000e+0, 9.61306e+1, 0.00000e+0, 8.56552e+0, 0.00000e+0, 2.72093e+4, 0.00000e+0, 5.06998e+2, 0.00000e+0, 8.80510e+0, 0.00000e+0, 5.21179e+2, 0.00000e+0, 4.58159e+2, 0.00000e+0, 3.07709e+1, 0.00000e+0, 3.26867e+1, 0.00000e+0, 3.25247e+0, 0.00000e+0, 2.88269e+0, 0.00000e+0, 2.00000e+1, 0.00000e+0, 5.00000e+0, 0.00000e+0, 3, 2, 
08/28/2024 14:36:41.566, 08/28/2024 14:36:41.515, 4.14578e+0, 0.00000e+0, 9.60985e+1, 0.00000e+0, 8.59355e+0, 0.00000e+0, 2.70675e+4, 0.00000e+0, 5.08972e+2, 0.00000e+0, 8.83263e+0, 0.00000e+0, 5.23132e+2, 0.00000e+0, 4.58192e+2, 0.00000e+0, 3.07726e+1, 0.00000e+0, 3.26857e+1, 0.00000e+0, 3.25318e+0, 0.00000e+0, 2.88324e+0, 0.00000e+0, 2.00000e+1, 0.00000e+0, 5.00000e+0, 0.00000e+0, 3, 2, 
08/28/2024 14:36:42.561, 08/28/2024 14:36:42.510, 4.14602e+0, 0.00000e+0, 9.61335e+1, 0.00000e+0, 8.64113e+0, 0.00000e+0, 2.73152e+4, 0.00000e+0, 5.08849e+2, 0.00000e+0, 8.88379e+0, 0.00000e+0, 5.23139e+2, 0.00000e+0, 4.58232e+2, 0.00000e+0, 3.07876e+1, 0.00000e+0, 3.26824e+1, 0.00000e+0, 3.25303e+0, 0.00000e+0, 2.88361e+0, 0.00000e+0, 2.00000e+1, 0.00000e+0, 5.00000e+0, 0.00000e+0, 3, 2, 
08/28/2024 14:36:43.556, 08/28/2024 14:36:43.504, 4.14619e+0, 0.00000e+0, 9.61590e+1, 0.00000e+0, 8.69167e+0, 0.00000e+0, 2.69456e+4, 0.00000e+0, 5.11636e+2, 0.00000e+0, 8.93236e+0, 0.00000e+0, 5.25805e+2, 0.00000e+0, 4.58044e+2, 0.00000e+0, 3.07822e+1, 0.00000e+0, 3.26892e+1, 0.00000e+0, 3.25472e+0, 0.00000e+0, 2.88355e+0, 0.00000e+0, 2.00000e+1, 0.00000e+0, 5.00000e+0, 0.00000e+0, 3, 3, 
08/28/2024 14:36:44.559, 08/28/2024 14:36:44.498, 4.14540e+0, 0.00000e+0, 9.60414e+1, 0.00000e+0, 8.72877e+0, 0.00000e+0, 2.70006e+4, 0.00000e+0, 5.10395e+2, 0.00000e+0, 8.97099e+0, 0.00000e+0, 5.24558e+2, 0.00000e+0, 4.58065e+2, 0.00000e+0, 3.07829e+1, 0.00000e+0, 3.26956e+1, 0.00000e+0, 3.25416e+0, 0.00000e+0, 2.88494e+0, 0.00000e+0, 2.00000e+1, 0.00000e+0, 5.00000e+0, 0.00000e+0, 3, 3, 
08/28/2024 14:36:45.557, 08/28/2024 14:36:45.493, 4.14577e+0, 0.00000e+0, 9.60965e+1, 0.00000e+0, 8.76271e+0, 0.00000e+0, 2.70842e+4, 0.00000e+0, 5.10270e+2, 0.00000e+0, 9.00665e+0, 0.00000e+0, 5.24475e+2, 0.00000e+0, 4.58021e+2, 0.00000e+0, 3.07758e+1, 0.00000e+0, 3.27022e+1, 0.00000e+0, 3.25473e+0, 0.00000e+0, 2.88486e+0, 0.00000e+0, 2.00000e+1, 0.00000e+0, 5.00000e+0, 0.00000e+0, 3, 3, 
08/28/2024 14:36:46.541, 08/28/2024 14:36:46.488, 4.14622e+0, 0.00000e+0, 9.61631e+1, 0.00000e+0, 8.80941e+0, 0.00000e+0, 2.66847e+4, 0.00000e+0, 5.11913e+2, 0.00000e+0, 9.05093e+0, 0.00000e+0, 5.25947e+2, 0.00000e+0, 4.57968e+2, 0.00000e+0, 3.07778e+1, 0.00000e+0, 3.27053e+1, 0.00000e+0, 3.25624e+0, 0.00000e+0, 2.88550e+0, 0.00000e+0, 2.00000e+1, 0.00000e+0, 5.00000e+0, 0.00000e+0, 3, 4, 
08/28/2024 14:36:47.530, 08/28/2024 14:36:47.482, 4.14584e+0, 0.00000e+0, 9.61077e+1, 0.00000e+0, 8.85314e+0, 0.00000e+0, 2.70049e+4, 0.00000e+0, 5.10718e+2, 0.00000e+0, 9.09885e+0, 0.00000e+0, 5.24893e+2, 0.00000e+0, 4.58153e+2, 0.00000e+0, 3.07869e+1, 0.00000e+0, 3.27030e+1, 0.00000e+0, 3.25666e+0, 0.00000e+0, 2.88557e+0, 0.00000e+0, 2.00000e+1, 0.00000e+0, 5.00000e+0, 0.00000e+0, 3, 4, 
08/28/2024 14:36:48.532, 08/28/2024 14:36:48.477, 4.14545e+0, 0.00000e+0, 9.60489e+1, 0.00000e+0, 8.88779e+0, 0.00000e+0, 2.70700e+4, 0.00000e+0, 5.13097e+2, 0.00000e+0, 9.13508e+0, 0.00000e+0, 5.27373e+2, 0.00000e+0, 4.57955e+2, 0.00000e+0, 3.07901e+1, 0.00000e+0, 3.27058e+1, 0.00000e+0, 3.25617e+0, 0.00000e+0, 2.88725e+0, 0.00000e+0, 2.00000e+1, 0.00000e+0, 5.00000e+0, 0.00000e+0, 3, 4, 
08/28/2024 14:36:49.524, 08/28/2024 14:36:49.472, 4.14620e+0, 0.00000e+0, 9.61601e+1, 0.00000e+0, 8.95073e+0, 0.00000e+0, 2.68001e+4, 0.00000e+0, 5.12068e+2, 0.00000e+0, 9.19722e+0, 0.00000e+0, 5.26169e+2, 0.00000e+0, 4.58113e+2, 0.00000e+0, 3.07998e+1, 0.00000e+0, 3.27101e+1, 0.00000e+0, 3.25736e+0, 0.00000e+0, 2.88784e+0, 0.00000e+0, 2.00000e+1, 0.00000e+0, 5.00000e+0, 0.00000e+0, 3, 5, 
08/28/2024 14:36:50.522, 08/28/2024 14:36:50.466, 4.14611e+0, 0.00000e+0, 9.61467e+1, 0.00000e+0, 8.98176e+0, 0.00000e+0, 2.68187e+4, 0.00000e+0, 5.13698e+2, 0.00000e+0, 9.22927e+0, 0.00000e+0, 5.27855e+2, 0.00000e+0, 4.58048e+2, 0.00000e+0, 3.08030e+1, 0.00000e+0, 3.27214e+1, 0.00000e+0, 3.25796e+0, 0.00000e+0, 2.88767e+0, 0.00000e+0, 2.00000e+1, 0.00000e+0, 5.00000e+0, 0.00000e+0, 3, 5, 
08/28/2024 14:36:51.517, 08/28/2024 14:36:51.460, 4.14591e+0, 0.00000e+0, 9.61171e+1, 0.00000e+0, 9.04627e+0, 0.00000e+0, 2.69275e+4, 0.00000e+0, 5.14860e+2, 0.00000e+0, 9.29660e+0, 0.00000e+0, 5.29108e+2, 0.00000e+0, 4.57880e+2, 0.00000e+0, 3.08045e+1, 0.00000e+0, 3.27238e+1, 0.00000e+0, 3.25933e+0, 0.00000e+0, 2.88832e+0, 0.00000e+0, 2.00000e+1, 0.00000e+0, 5.00000e+0, 0.00000e+0, 3, 5, 
08/28/2024 14:36:52.505, 08/28/2024 14:36:52.455, 4.14630e+0, 0.00000e+0, 9.61760e+1, 0.00000e+0, 9.07923e+0, 0.00000e+0, 2.72804e+4, 0.00000e+0, 5.15376e+2, 0.00000e+0, 9.33386e+0, 0.00000e+0, 5.29830e+2, 0.00000e+0, 4.58271e+2, 0.00000e+0, 3.08035e+1, 0.00000e+0, 3.27331e+1, 0.00000e+0, 3.26009e+0, 0.00000e+0, 2.88881e+0, 0.00000e+0, 2.00000e+1, 0.00000e+0, 5.00000e+0, 0.00000e+0, 3, 6, 
08/28/2024 14:36:53.513, 08/28/2024 14:36:53.451, 4.14621e+0, 0.00000e+0, 9.61618e+1, 0.00000e+0, 9.11396e+0, 0.00000e+0, 2.73685e+4, 0.00000e+0, 5.15907e+2, 0.00000e+0, 9.37041e+0, 0.00000e+0, 5.30424e+2, 0.00000e+0, 4.58225e+2, 0.00000e+0, 3.08056e+1, 0.00000e+0, 3.27350e+1, 0.00000e+0, 3.25935e+0, 0.00000e+0, 2.88783e+0, 0.00000e+0, 2.00000e+1, 0.00000e+0, 5.00000e+0, 0.00000e+0, 3, 6, 
08/28/2024 14:36:54.496, 08/28/2024 14:36:54.444, 4.14549e+0, 0.00000e+0, 9.60555e+1, 0.00000e+0, 9.14742e+0, 0.00000e+0, 2.70187e+4, 0.00000e+0, 5.17926e+2, 0.00000e+0, 9.40143e+0, 0.00000e+0, 5.32308e+2, 0.00000e+0, 4.58267e+2, 0.00000e+0, 3.08106e+1, 0.00000e+0, 3.27300e+1, 0.00000e+0, 3.25778e+0, 0.00000e+0, 2.88681e+0, 0.00000e+0, 2.00000e+1, 0.00000e+0, 5.00000e+0, 0.00000e+0, 3, 6, 
08/28/2024 14:36:55.487, 08/28/2024 14:36:55.438, 4.14589e+0, 0.00000e+0, 9.61145e+1, 0.00000e+0, 9.19985e+0, 0.00000e+0, 2.72733e+4, 0.00000e+0, 5.14925e+2, 0.00000e+0, 9.45780e+0, 0.00000e+0, 5.29363e+2, 0.00000e+0, 4.58327e+2, 0.00000e+0, 3.08146e+1, 0.00000e+0, 3.27264e+1, 0.00000e+0, 3.25819e+0, 0.00000e+0, 2.88791e+0, 0.00000e+0, 2.00000e+1, 0.00000e+0, 5.00000e+0, 0.00000e+0, 3, 7, 
08/28/2024 14:36:56.485, 08/28/2024 14:36:56.433, 4.14606e+0, 0.00000e+0, 9.61393e+1, 0.00000e+0, 9.23786e+0, 0.00000e+0, 2.71596e+4, 0.00000e+0, 5.17474e+2, 0.00000e+0, 9.49576e+0, 0.00000e+0, 5.31920e+2, 0.00000e+0, 4.58229e+2, 0.00000e+0, 3.08230e+1, 0.00000e+0, 3.27258e+1, 0.00000e+0, 3.25959e+0, 0.00000e+0, 2.88850e+0, 0.00000e+0, 2.00000e+1, 0.00000e+0, 5.00000e+0, 0.00000e+0, 3, 7, 
08/28/2024 14:36:57.483, 08/28/2024 14:36:57.427, 4.14608e+0, 0.00000e+0, 9.61431e+1, 0.00000e+0, 9.28150e+0, 0.00000e+0, 2.75987e+4, 0.00000e+0, 5.18632e+2, 0.00000e+0, 9.54492e+0, 0.00000e+0, 5.33352e+2, 0.00000e+0, 4.58084e+2, 0.00000e+0, 3.08273e+1, 0.00000e+0, 3.27356e+1, 0.00000e+0, 3.25938e+0, 0.00000e+0, 2.88934e+0, 0.00000e+0, 2.00000e+1, 0.00000e+0, 5.00000e+0, 0.00000e+0, 3, 7, 
08/28/2024 14:36:58.479, 08/28/2024 14:36:58.422, 4.14586e+0, 0.00000e+0, 9.61105e+1, 0.00000e+0, 9.32010e+0, 0.00000e+0, 2.71509e+4, 0.00000e+0, 5.20745e+2, 0.00000e+0, 9.58021e+0, 0.00000e+0, 5.35278e+2, 0.00000e+0, 4.58114e+2, 0.00000e+0, 3.08197e+1, 0.00000e+0, 3.27356e+1, 0.00000e+0, 3.25840e+0, 0.00000e+0, 2.89000e+0, 0.00000e+0, 2.00000e+1, 0.00000e+0, 5.00000e+0, 0.00000e+0, 3, 8, 
08/28/2024 14:36:59.475, 08/28/2024 14:36:59.417, 4.14592e+0, 0.00000e+0, 9.61193e+1, 0.00000e+0, 9.36004e+0, 0.00000e+0, 2.72631e+4, 0.00000e+0, 5.19614e+2, 0.00000e+0, 9.62237e+0, 0.00000e+0, 5.34177e+2, 0.00000e+0, 4.58070e+2, 0.00000e+0, 3.08213e+1, 0.00000e+0, 3.27322e+1, 0.00000e+0, 3.26066e+0, 0.00000e+0, 2.88972e+0, 0.00000e+0, 2.00000e+1, 0.00000e+0, 5.00000e+0, 0.00000e+0, 3, 8, 
08/28/2024 14:37:00.466, 08/28/2024 14:37:00.412, 4.14616e+0, 0.00000e+0, 9.61542e+1, 0.00000e+0, 9.37804e+0, 0.00000e+0, 2.73814e+4, 0.00000e+0, 5.19962e+2, 0.00000e+0, 9.64205e+0, 0.00000e+0, 5.34600e+2, 0.00000e+0, 4.58255e+2, 0.00000e+0, 3.08236e+1, 0.00000e+0, 3.27355e+1, 0.00000e+0, 3.25981e+0, 0.00000e+0, 2.88970e+0, 0.00000e+0, 2.00000e+1, 0.00000e+0, 5.00000e+0, 0.00000e+0, 3, 8, 
08/28/2024 14:37:01.459, 08/28/2024 14:37:01.405, 4.14605e+0, 0.00000e+0, 9.61385e+1, 0.00000e+0, 9.41510e+0, 0.00000e+0, 2.73159e+4, 0.00000e+0, 5.24039e+2, 0.00000e+0, 9.67950e+0, 0.00000e+0, 5.38756e+2, 0.00000e+0, 4.58077e+2, 0.00000e+0, 3.08266e+1, 0.00000e+0, 3.27409e+1, 0.00000e+0, 3.25886e+0, 0.00000e+0, 2.88970e+0, 0.00000e+0, 2.00000e+1, 0.00000e+0, 5.00000e+0, 0.00000e+0, 3, 1, 
08/28/2024 14:37:02.461, 08/28/2024 14:37:02.401, 4.14609e+0, 0.00000e+0, 9.61448e+1, 0.00000e+0, 9.48029e+0, 0.00000e+0, 2.70850e+4, 0.00000e+0, 5.24834e+2, 0.00000e+0, 9.74421e+0, 0.00000e+0, 5.39445e+2, 0.00000e+0, 4.58058e+2, 0.00000e+0, 3.08249e+1, 0.00000e+0, 3.27430e+1, 0.00000e+0, 3.25896e+0, 0.00000e+0, 2.89049e+0, 0.00000e+0, 2.00000e+1, 0.00000e+0, 5.00000e+0, 0.00000e+0, 3, 1, 
08/28/2024 14:37:03.450, 08/28/2024 14:37:03.395, 4.14580e+0, 0.00000e+0, 9.61019e+1, 0.00000e+0, 9.51036e+0, 0.00000e+0, 2.72880e+4, 0.00000e+0, 5.23967e+2, 0.00000e+0, 9.77716e+0, 0.00000e+0, 5.38666e+2, 0.00000e+0, 4.58278e+2, 0.00000e+0, 3.08228e+1, 0.00000e+0, 3.27468e+1, 0.00000e+0, 3.26182e+0, 0.00000e+0, 2.89069e+0, 0.00000e+0, 2.00000e+1, 0.00000e+0, 5.00000e+0, 0.00000e+0, 3, 1, 
08/28/2024 14:37:04.443, 08/28/2024 14:37:04.389, 4.14574e+0, 0.00000e+0, 9.60916e+1, 0.00000e+0, 9.53674e+0, 0.00000e+0, 2.74911e+4, 0.00000e+0, 5.24040e+2, 0.00000e+0, 9.80633e+0, 0.00000e+0, 5.38853e+2, 0.00000e+0, 4.58279e+2, 0.00000e+0, 3.08298e+1, 0.00000e+0, 3.27454e+1, 0.00000e+0, 3.25996e+0, 0.00000e+0, 2.89105e+0, 0.00000e+0, 2.00000e+1, 0.00000e+0, 5.00000e+0, 0.00000e+0, 3, 2, 
08/28/2024 14:37:05.439, 08/28/2024 14:37:05.383, 4.14590e+0, 0.00000e+0, 9.61156e+1, 0.00000e+0, 9.57588e+0, 0.00000e+0, 2.74245e+4, 0.00000e+0, 5.23874e+2, 0.00000e+0, 9.84590e+0, 0.00000e+0, 5.38647e+2, 0.00000e+0, 4.58414e+2, 0.00000e+0, 3.08293e+1, 0.00000e+0, 3.27454e+1, 0.00000e+0, 3.26231e+0, 0.00000e+0, 2.89195e+0, 0.00000e+0, 2.00000e+1, 0.00000e+0, 5.00000e+0, 0.00000e+0, 3, 2, 
08/28/2024 14:37:06.433, 08/28/2024 14:37:06.379, 4.14576e+0, 0.00000e+0, 9.60955e+1, 0.00000e+0, 9.61504e+0, 0.00000e+0, 2.73488e+4, 0.00000e+0, 5.25078e+2, 0.00000e+0, 9.88540e+0, 0.00000e+0, 5.39842e+2, 0.00000e+0, 4.58170e+2, 0.00000e+0, 3.08357e+1, 0.00000e+0, 3.27437e+1, 0.00000e+0, 3.26126e+0, 0.00000e+0, 2.89199e+0, 0.00000e+0, 2.00000e+1, 0.00000e+0, 5.00000e+0, 0.00000e+0, 3, 2, 
08/28/2024 14:37:07.431, 08/28/2024 14:37:07.374, 4.14596e+0, 0.00000e+0, 9.61248e+1, 0.00000e+0, 9.65708e+0, 0.00000e+0, 2.74778e+4, 0.00000e+0, 5.29041e+2, 0.00000e+0, 9.92993e+0, 0.00000e+0, 5.43989e+2, 0.00000e+0, 4.58304e+2, 0.00000e+0, 3.08379e+1, 0.00000e+0, 3.27454e+1, 0.00000e+0, 3.26160e+0, 0.00000e+0, 2.89214e+0, 0.00000e+0, 2.00000e+1, 0.00000e+0, 5.00000e+0, 0.00000e+0, 3, 3, 
08/28/2024 14:37:08.423, 08/28/2024 14:37:08.368, 4.14610e+0, 0.00000e+0, 9.61457e+1, 0.00000e+0, 9.57108e+0, 0.00000e+0, 2.72960e+4, 0.00000e+0, 5.27477e+2, 0.00000e+0, 9.83966e+0, 0.00000e+0, 5.42279e+2, 0.00000e+0, 4.58517e+2, 0.00000e+0, 3.08376e+1, 0.00000e+0, 3.27508e+1, 0.00000e+0, 3.26086e+0, 0.00000e+0, 2.89152e+0, 0.00000e+0, 2.00000e+1, 0.00000e+0, 5.00000e+0, 0.00000e+0, 3, 3, 
08/28/2024 14:37:09.421, 08/28/2024 14:37:09.362, 4.14634e+0, 0.00000e+0, 9.61809e+1, 0.00000e+0, 9.61275e+0, 0.00000e+0, 2.75328e+4, 0.00000e+0, 5.27303e+2, 0.00000e+0, 9.88491e+0, 0.00000e+0, 5.42232e+2, 0.00000e+0, 4.58286e+2, 0.00000e+0, 3.08384e+1, 0.00000e+0, 3.27567e+1, 0.00000e+0, 3.26131e+0, 0.00000e+0, 2.89175e+0, 0.00000e+0, 2.00000e+1, 0.00000e+0, 5.00000e+0, 0.00000e+0, 3, 3, 
08/28/2024 14:37:10.406, 08/28/2024 14:37:10.356, 4.14591e+0, 0.00000e+0, 9.61177e+1, 0.00000e+0, 9.64809e+0, 0.00000e+0, 2.73058e+4, 0.00000e+0, 5.29749e+2, 0.00000e+0, 9.91893e+0, 0.00000e+0, 5.44620e+2, 0.00000e+0, 4.58257e+2, 0.00000e+0, 3.08408e+1, 0.00000e+0, 3.27591e+1, 0.00000e+0, 3.26088e+0, 0.00000e+0, 2.89126e+0, 0.00000e+0, 2.00000e+1, 0.00000e+0, 5.00000e+0, 0.00000e+0, 3, 4, 
08/28/2024 14:37:11.405, 08/28/2024 14:37:11.351, 4.14562e+0, 0.00000e+0, 9.60748e+1, 0.00000e+0, 9.69337e+0, 0.00000e+0, 2.74005e+4, 0.00000e+0, 5.30626e+2, 0.00000e+0, 9.96645e+0, 0.00000e+0, 5.45575e+2, 0.00000e+0, 4.58180e+2, 0.00000e+0, 3.08642e+1, 0.00000e+0, 3.27554e+1, 0.00000e+0, 3.26261e+0, 0.00000e+0, 2.89136e+0, 0.00000e+0, 2.00000e+1, 0.00000e+0, 5.00000e+0, 0.00000e+0, 3, 4, 
08/28/2024 14:37:12.400, 08/28/2024 14:37:12.345, 4.14574e+0, 0.00000e+0, 9.60924e+1, 0.00000e+0, 9.72438e+0, 0.00000e+0, 2.75068e+4, 0.00000e+0, 5.33281e+2, 0.00000e+0, 9.99943e+0, 0.00000e+0, 5.48364e+2, 0.00000e+0, 4.58371e+2, 0.00000e+0, 3.08521e+1, 0.00000e+0, 3.27486e+1, 0.00000e+0, 3.26123e+0, 0.00000e+0, 2.89001e+0, 0.00000e+0, 2.00000e+1, 0.00000e+0, 5.00000e+0, 0.00000e+0, 3, 4, 
08/28/2024 14:37:13.392, 08/28/2024 14:37:13.340, 4.14613e+0, 0.00000e+0, 9.61503e+1, 0.00000e+0, 9.75929e+0, 0.00000e+0, 2.74963e+4, 0.00000e+0, 5.32017e+2, 0.00000e+0, 1.00352e+1, 0.00000e+0, 5.47059e+2, 0.00000e+0, 4.58306e+2, 0.00000e+0, 3.08542e+1, 0.00000e+0, 3.27493e+1, 0.00000e+0, 3.25955e+0, 0.00000e+0, 2.88979e+0, 0.00000e+0, 2.00000e+1, 0.00000e+0, 5.00000e+0, 0.00000e+0, 3, 5, 
08/28/2024 14:37:14.390, 08/28/2024 14:37:14.335, 4.14631e+0, 0.00000e+0, 9.61770e+1, 0.00000e+0, 9.77632e+0, 0.00000e+0, 2.71439e+4, 0.00000e+0, 5.33774e+2, 0.00000e+0, 1.00491e+1, 0.00000e+0, 5.48667e+2, 0.00000e+0, 4.58178e+2, 0.00000e+0, 3.08449e+1, 0.00000e+0, 3.27489e+1, 0.00000e+0, 3.25970e+0, 0.00000e+0, 2.88863e+0, 0.00000e+0, 2.00000e+1, 0.00000e+0, 5.00000e+0, 0.00000e+0, 3, 5, 
08/28/2024 14:37:15.383, 08/28/2024 14:37:15.330, 4.14580e+0, 0.00000e+0, 9.61006e+1, 0.00000e+0, 9.82383e+0, 0.00000e+0, 2.76521e+4, 0.00000e+0, 5.32982e+2, 0.00000e+0, 1.01032e+1, 0.00000e+0, 5.48140e+2, 0.00000e+0, 4.58217e+2, 0.00000e+0, 3.08476e+1, 0.00000e+0, 3.27437e+1, 0.00000e+0, 3.25810e+0, 0.00000e+0, 2.88853e+0, 0.00000e+0, 2.00000e+1, 0.00000e+0, 5.00000e+0, 0.00000e+0, 3, 5, 
08/28/2024 14:37:16.382, 08/28/2024 14:37:16.323, 4.14568e+0, 0.00000e+0, 9.60832e+1, 0.00000e+0, 8.28975e+0, 0.00000e+0, 2.77021e+4, 0.00000e+0, 5.32613e+2, 0.00000e+0, 8.52594e+0, 0.00000e+0, 5.47788e+2, 0.00000e+0, 4.58360e+2, 0.00000e+0, 3.08670e+1, 0.00000e+0, 3.27552e+1, 0.00000e+0, 3.25348e+0, 0.00000e+0, 2.88864e+0, 0.00000e+0, 2.00000e+1, 0.00000e+0, 4.00000e+0, 0.00000e+0, 3, 6, 
08/28/2024 14:37:17.371, 08/28/2024 14:37:17.319, 4.14590e+0, 0.00000e+0, 9.61164e+1, 0.00000e+0, 8.30393e+0, 0.00000e+0, 2.78759e+4, 0.00000e+0, 5.35465e+2, 0.00000e+0, 8.54204e+0, 0.00000e+0, 5.50820e+2, 0.00000e+0, 4.58262e+2, 0.00000e+0, 3.08680e+1, 0.00000e+0, 3.27514e+1, 0.00000e+0, 3.25409e+0, 0.00000e+0, 2.88839e+0, 0.00000e+0, 2.00000e+1, 0.00000e+0, 4.00000e+0, 0.00000e+0, 3, 6, 
08/28/2024 14:37:18.366, 08/28/2024 14:37:18.313, 4.14583e+0, 0.00000e+0, 9.61062e+1, 0.00000e+0, 8.26543e+0, 0.00000e+0, 2.73200e+4, 0.00000e+0, 5.35517e+2, 0.00000e+0, 8.49758e+0, 0.00000e+0, 5.50558e+2, 0.00000e+0, 4.58351e+2, 0.00000e+0, 3.08534e+1, 0.00000e+0, 3.27579e+1, 0.00000e+0, 3.25356e+0, 0.00000e+0, 2.88841e+0, 0.00000e+0, 2.00000e+1, 0.00000e+0, 4.00000e+0, 0.00000e+0, 3, 6, 
08/28/2024 14:37:19.359, 08/28/2024 14:37:19.307, 4.14615e+0, 0.00000e+0, 9.61530e+1, 0.00000e+0, 7.90297e+0, 0.00000e+0, 2.76493e+4, 0.00000e+0, 5.36285e+2, 0.00000e+0, 8.12770e+0, 0.00000e+0, 5.51534e+2, 0.00000e+0, 4.58336e+2, 0.00000e+0, 3.08553e+1, 0.00000e+0, 3.27560e+1, 0.00000e+0, 3.25354e+0, 0.00000e+0, 2.88828e+0, 0.00000e+0, 2.00000e+1, 0.00000e+0, 4.00000e+0, 0.00000e+0, 3, 7, 
08/28/2024 14:37:20.353, 08/28/2024 14:37:20.302, 4.14591e+0, 0.00000e+0, 9.61182e+1, 0.00000e+0, 7.68809e+0, 0.00000e+0, 2.78038e+4, 0.00000e+0, 5.35319e+2, 0.00000e+0, 7.90796e+0, 0.00000e+0, 5.50629e+2, 0.00000e+0, 4.58210e+2, 0.00000e+0, 3.08563e+1, 0.00000e+0, 3.27587e+1, 0.00000e+0, 3.25390e+0, 0.00000e+0, 2.88824e+0, 0.00000e+0, 2.00000e+1, 0.00000e+0, 4.00000e+0, 0.00000e+0, 3, 7, 
08/28/2024 14:37:21.353, 08/28/2024 14:37:21.297, 4.14603e+0, 0.00000e+0, 9.61350e+1, 0.00000e+0, 7.74806e+0, 0.00000e+0, 2.76284e+4, 0.00000e+0, 5.38560e+2, 0.00000e+0, 7.96820e+0, 0.00000e+0, 5.53862e+2, 0.00000e+0, 4.58299e+2, 0.00000e+0, 3.08561e+1, 0.00000e+0, 3.27669e+1, 0.00000e+0, 3.25336e+0, 0.00000e+0, 2.88840e+0, 0.00000e+0, 2.00000e+1, 0.00000e+0, 4.00000e+0, 0.00000e+0, 3, 7, 
08/28/2024 14:37:22.347, 08/28/2024 14:37:22.291, 4.14590e+0, 0.00000e+0, 9.61166e+1, 0.00000e+0, 7.78812e+0, 0.00000e+0, 2.74121e+4, 0.00000e+0, 5.38036e+2, 0.00000e+0, 8.00763e+0, 0.00000e+0, 5.53200e+2, 0.00000e+0, 4.58226e+2, 0.00000e+0, 3.08645e+1, 0.00000e+0, 3.27735e+1, 0.00000e+0, 3.25421e+0, 0.00000e+0, 2.88811e+0, 0.00000e+0, 2.00000e+1, 0.00000e+0, 4.00000e+0, 0.00000e+0, 3, 8, 
08/28/2024 14:37:23.340, 08/28/2024 14:37:23.286, 4.14545e+0, 0.00000e+0, 9.60488e+1, 0.00000e+0, 7.75337e+0, 0.00000e+0, 2.75601e+4, 0.00000e+0, 5.39378e+2, 0.00000e+0, 7.97311e+0, 0.00000e+0, 5.54665e+2, 0.00000e+0, 4.58363e+2, 0.00000e+0, 3.08697e+1, 0.00000e+0, 3.27692e+1, 0.00000e+0, 3.25338e+0, 0.00000e+0, 2.88673e+0, 0.00000e+0, 2.00000e+1, 0.00000e+0, 4.00000e+0, 0.00000e+0, 3, 8, 
08/28/2024 14:37:24.336, 08/28/2024 14:37:24.280, 4.14602e+0, 0.00000e+0, 9.61338e+1, 0.00000e+0, 7.70572e+0, 0.00000e+0, 2.71959e+4, 0.00000e+0, 5.37795e+2, 0.00000e+0, 7.92114e+0, 0.00000e+0, 5.52830e+2, 0.00000e+0, 4.58182e+2, 0.00000e+0, 3.08713e+1, 0.00000e+0, 3.27669e+1, 0.00000e+0, 3.25253e+0, 0.00000e+0, 2.88753e+0, 0.00000e+0, 2.00000e+1, 0.00000e+0, 4.00000e+0, 0.00000e+0, 3, 8, 
08/28/2024 14:37:25.327, 08/28/2024 14:37:25.276, 4.14597e+0, 0.00000e+0, 9.61260e+1, 0.00000e+0, 7.73761e+0, 0.00000e+0, 2.73021e+4, 0.00000e+0, 5.38717e+2, 0.00000e+0, 7.95479e+0, 0.00000e+0, 5.53838e+2, 0.00000e+0, 4.58156e+2, 0.00000e+0, 3.08728e+1, 0.00000e+0, 3.27686e+1, 0.00000e+0, 3.25360e+0, 0.00000e+0, 2.88654e+0, 0.00000e+0, 2.00000e+1, 0.00000e+0, 4.00000e+0, 0.00000e+0, 3, 1, 
08/28/2024 14:37:26.322, 08/28/2024 14:37:26.270, 4.14588e+0, 0.00000e+0, 9.61129e+1, 0.00000e+0, 9.70334e+0, 0.00000e+0, 2.72018e+4, 0.00000e+0, 5.33665e+2, 0.00000e+0, 9.97467e+0, 0.00000e+0, 5.48588e+2, 0.00000e+0, 4.58171e+2, 0.00000e+0, 3.08768e+1, 0.00000e+0, 3.27712e+1, 0.00000e+0, 3.25587e+0, 0.00000e+0, 2.88551e+0, 0.00000e+0, 2.00000e+1, 0.00000e+0, 5.00000e+0, 0.00000e+0, 3, 1, 
08/28/2024 14:37:27.317, 08/28/2024 14:37:27.263, 4.14606e+0, 0.00000e+0, 9.61401e+1, 0.00000e+0, 5.66546e+0, 0.00000e+0, 2.80045e+4, 0.00000e+0, 4.76750e+2, 0.00000e+0, 5.82869e+0, 0.00000e+0, 4.90486e+2, 0.00000e+0, 4.58094e+2, 0.00000e+0, 3.08781e+1, 0.00000e+0, 3.27749e+1, 0.00000e+0, 3.25164e+0, 0.00000e+0, 2.88643e+0, 0.00000e+0, 2.00000e+1, 0.00000e+0, 5.00000e+0, 0.00000e+0, 3, 1, 
08/28/2024 14:37:28.308, 08/28/2024 14:37:28.258, 4.14593e+0, 0.00000e+0, 9.61212e+1, 0.00000e+0, 2.92263e+0, 0.00000e+0, 2.87171e+4, 0.00000e+0, 4.39674e+2, 0.00000e+0, 3.00904e+0, 0.00000e+0, 4.52673e+2, 0.00000e+0, 4.58195e+2, 0.00000e+0, 3.08819e+1, 0.00000e+0, 3.27813e+1, 0.00000e+0, 3.25041e+0, 0.00000e+0, 2.88595e+0, 0.00000e+0, 2.00000e+1, 0.00000e+0, 5.00000e+0, 0.00000e+0, 3, 2, 
08/28/2024 14:37:29.307, 08/28/2024 14:37:29.253, 4.14622e+0, 0.00000e+0, 9.61634e+1, 0.00000e+0, 2.37968e+0, 0.00000e+0, 2.83848e+4, 0.00000e+0, 4.25530e+2, 0.00000e+0, 2.44920e+0, 0.00000e+0, 4.37961e+2, 0.00000e+0, 4.58412e+2, 0.00000e+0, 3.08813e+1, 0.00000e+0, 3.27859e+1, 0.00000e+0, 3.25057e+0, 0.00000e+0, 2.88737e+0, 0.00000e+0, 2.00000e+1, 0.00000e+0, 5.00000e+0, 0.00000e+0, 3, 2, 
08/28/2024 14:37:30.302, 08/28/2024 14:37:30.248, 4.14624e+0, 0.00000e+0, 9.61672e+1, 0.00000e+0, 2.24980e+0, 0.00000e+0, 2.88454e+4, 0.00000e+0, 4.21310e+2, 0.00000e+0, 2.31663e+0, 0.00000e+0, 4.33824e+2, 0.00000e+0, 4.58361e+2, 0.00000e+0, 3.08819e+1, 0.00000e+0, 3.27896e+1, 0.00000e+0, 3.24866e+0, 0.00000e+0, 2.88473e+0, 0.00000e+0, 2.00000e+1, 0.00000e+0, 5.00000e+0, 0.00000e+0, 3, 2, 
08/28/2024 14:37:31.291, 08/28/2024 14:37:31.241, 4.14607e+0, 0.00000e+0, 9.61418e+1, 0.00000e+0, 2.16063e+0, 0.00000e+0, 2.82373e+4, 0.00000e+0, 4.17786e+2, 0.00000e+0, 2.22341e+0, 0.00000e+0, 4.29926e+2, 0.00000e+0, 4.58360e+2, 0.00000e+0, 3.08860e+1, 0.00000e+0, 3.27913e+1, 0.00000e+0, 3.25126e+0, 0.00000e+0, 2.88623e+0, 0.00000e+0, 2.00000e+1, 0.00000e+0, 5.00000e+0, 0.00000e+0, 3, 3, 
08/28/2024 14:37:32.289, 08/28/2024 14:37:32.238, 4.14590e+0, 0.00000e+0, 9.61158e+1, 0.00000e+0, 2.06867e+0, 0.00000e+0, 2.85416e+4, 0.00000e+0, 4.14282e+2, 0.00000e+0, 2.12945e+0, 0.00000e+0, 4.26454e+2, 0.00000e+0, 4.58386e+2, 0.00000e+0, 3.08863e+1, 0.00000e+0, 3.28002e+1, 0.00000e+0, 3.25030e+0, 0.00000e+0, 2.88677e+0, 0.00000e+0, 2.00000e+1, 0.00000e+0, 5.00000e+0, 0.00000e+0, 3, 3, 
08/28/2024 14:37:33.287, 08/28/2024 14:37:33.231, 4.14600e+0, 0.00000e+0, 9.61311e+1, 0.00000e+0, 2.08278e+0, 0.00000e+0, 2.88057e+4, 0.00000e+0, 4.13745e+2, 0.00000e+0, 2.14456e+0, 0.00000e+0, 4.26017e+2, 0.00000e+0, 4.58024e+2, 0.00000e+0, 3.08946e+1, 0.00000e+0, 3.28016e+1, 0.00000e+0, 3.24941e+0, 0.00000e+0, 2.88522e+0, 0.00000e+0, 2.00000e+1, 0.00000e+0, 5.00000e+0, 0.00000e+0, 3, 3, 
08/28/2024 14:37:34.280, 08/28/2024 14:37:34.225, 4.14576e+0, 0.00000e+0, 9.60954e+1, 0.00000e+0, 2.11672e+0, 0.00000e+0, 2.91414e+4, 0.00000e+0, 4.16659e+2, 0.00000e+0, 2.18026e+0, 0.00000e+0, 4.29166e+2, 0.00000e+0, 4.58109e+2, 0.00000e+0, 3.08935e+1, 0.00000e+0, 3.28037e+1, 0.00000e+0, 3.24747e+0, 0.00000e+0, 2.88514e+0, 0.00000e+0, 2.00000e+1, 0.00000e+0, 5.00000e+0, 0.00000e+0, 3, 4, 
08/28/2024 14:37:35.273, 08/28/2024 14:37:35.221, 4.14612e+0, 0.00000e+0, 9.61481e+1, 0.00000e+0, 2.15256e+0, 0.00000e+0, 2.94698e+4, 0.00000e+0, 4.17457e+2, 0.00000e+0, 2.21792e+0, 0.00000e+0, 4.30133e+2, 0.00000e+0, 4.58085e+2, 0.00000e+0, 3.08910e+1, 0.00000e+0, 3.28052e+1, 0.00000e+0, 3.24875e+0, 0.00000e+0, 2.88515e+0, 0.00000e+0, 2.00000e+1, 0.00000e+0, 5.00000e+0, 0.00000e+0, 3, 4, 
08/28/2024 14:37:36.267, 08/28/2024 14:37:36.216, 4.14585e+0, 0.00000e+0, 9.61092e+1, 0.00000e+0, 2.15736e+0, 0.00000e+0, 2.93337e+4, 0.00000e+0, 4.15910e+2, 0.00000e+0, 2.22256e+0, 0.00000e+0, 4.28479e+2, 0.00000e+0, 4.58036e+2, 0.00000e+0, 3.08920e+1, 0.00000e+0, 3.28091e+1, 0.00000e+0, 3.24736e+0, 0.00000e+0, 2.88485e+0, 0.00000e+0, 2.00000e+1, 0.00000e+0, 5.00000e+0, 0.00000e+0, 3, 4, 
08/28/2024 14:37:37.264, 08/28/2024 14:37:37.210, 4.14568e+0, 0.00000e+0, 9.60828e+1, 0.00000e+0, 2.17367e+0, 0.00000e+0, 2.92078e+4, 0.00000e+0, 4.17187e+2, 0.00000e+0, 2.23907e+0, 0.00000e+0, 4.29739e+2, 0.00000e+0, 4.58155e+2, 0.00000e+0, 3.08907e+1, 0.00000e+0, 3.28088e+1, 0.00000e+0, 3.24701e+0, 0.00000e+0, 2.88415e+0, 0.00000e+0, 2.00000e+1, 0.00000e+0, 5.00000e+0, 0.00000e+0, 3, 5, 
08/28/2024 14:37:38.255, 08/28/2024 14:37:38.203, 4.14605e+0, 0.00000e+0, 9.61387e+1, 0.00000e+0, 2.13930e+0, 0.00000e+0, 2.94818e+4, 0.00000e+0, 4.17345e+2, 0.00000e+0, 2.20428e+0, 0.00000e+0, 4.30023e+2, 0.00000e+0, 4.58239e+2, 0.00000e+0, 3.08921e+1, 0.00000e+0, 3.28005e+1, 0.00000e+0, 3.24523e+0, 0.00000e+0, 2.88400e+0, 0.00000e+0, 2.00000e+1, 0.00000e+0, 5.00000e+0, 0.00000e+0, 3, 5, 
08/28/2024 14:37:39.248, 08/28/2024 14:37:39.199, 4.14570e+0, 0.00000e+0, 9.60863e+1, 0.00000e+0, 2.14220e+0, 0.00000e+0, 2.92929e+4, 0.00000e+0, 4.17460e+2, 0.00000e+0, 2.20684e+0, 0.00000e+0, 4.30057e+2, 0.00000e+0, 4.58318e+2, 0.00000e+0, 3.09037e+1, 0.00000e+0, 3.27959e+1, 0.00000e+0, 3.24575e+0, 0.00000e+0, 2.88292e+0, 0.00000e+0, 2.00000e+1, 0.00000e+0, 5.00000e+0, 0.00000e+0, 3, 5, 
08/28/2024 14:37:40.246, 08/28/2024 14:37:40.195, 4.14530e+0, 0.00000e+0, 9.60265e+1, 0.00000e+0, 2.16807e+0, 0.00000e+0, 2.97578e+4, 0.00000e+0, 4.16709e+2, 0.00000e+0, 2.23456e+0, 0.00000e+0, 4.29489e+2, 0.00000e+0, 4.58179e+2, 0.00000e+0, 3.09121e+1, 0.00000e+0, 3.28018e+1, 0.00000e+0, 3.24552e+0, 0.00000e+0, 2.88359e+0, 0.00000e+0, 2.00000e+1, 0.00000e+0, 5.00000e+0, 0.00000e+0, 3, 6, 
08/28/2024 14:37:41.240, 08/28/2024 14:37:41.190, 4.14243e+0, 0.00000e+0, 9.56003e+1, 0.00000e+0, 2.19598e+0, 0.00000e+0, 2.98540e+4, 0.00000e+0, 4.15933e+2, 0.00000e+0, 2.26355e+0, 0.00000e+0, 4.28732e+2, 0.00000e+0, 4.57339e+2, 0.00000e+0, 3.09367e+1, 0.00000e+0, 3.27774e+1, 0.00000e+0, 3.24339e+0, 0.00000e+0, 2.88255e+0, 0.00000e+0, 2.00000e+1, 0.00000e+0, 5.00000e+0, 0.00000e+0, 3, 6, 
08/28/2024 14:37:42.238, 08/28/2024 14:37:42.184, 4.14184e+0, 0.00000e+0, 9.55112e+1, 0.00000e+0, 2.16939e+0, 0.00000e+0, 2.97612e+4, 0.00000e+0, 4.17847e+2, 0.00000e+0, 2.23594e+0, 0.00000e+0, 4.30664e+2, 0.00000e+0, 4.57604e+2, 0.00000e+0, 3.09328e+1, 0.00000e+0, 3.27841e+1, 0.00000e+0, 3.24246e+0, 0.00000e+0, 2.88304e+0, 0.00000e+0, 2.00000e+1, 0.00000e+0, 5.00000e+0, 0.00000e+0, 3, 6, 
08/28/2024 14:37:43.230, 08/28/2024 14:37:43.183, 4.14316e+0, 0.00000e+0, 9.57081e+1, 0.00000e+0, 2.15450e+0, 0.00000e+0, 2.99111e+4, 0.00000e+0, 4.21097e+2, 0.00000e+0, 2.22093e+0, 0.00000e+0, 4.34081e+2, 0.00000e+0, 4.57145e+2, 0.00000e+0, 3.09522e+1, 0.00000e+0, 3.27888e+1, 0.00000e+0, 3.24273e+0, 0.00000e+0, 2.88312e+0, 0.00000e+0, 2.00000e+1, 0.00000e+0, 5.00000e+0, 0.00000e+0, 3, 7, 
