"instrument","UniqueID","Date","Site","Researchers","Analyzer","Tree_Tag","Species","Height_m","Type","DBH_cm","Distance_cm","Air_Temp_C","Humidity_RH","Soil_Temp_C","VWC_1","VWC_2","VWC_3","Stem_Temp_C","ChamberID","Vol_L","comp_start_time","start_time","comp_end_time","Notes","CO2_best.flux","CO2_model","CO2_quality.check","CO2_LM.flux","CO2_LM.r2","CO2_LM.p.val","CO2_LM.RMSE","CO2_HM.flux","CO2_HM.r2","CO2_HM.RMSE","CO2_LM.diagnose","CO2_HM.diagnose","CO2_nb.obs","CO2_flux.term","CO2_MDF","CO2_g.fact","CH4_best.flux","CH4_model","CH4_quality.check","CH4_LM.flux","CH4_LM.r2","CH4_LM.p.val","CH4_LM.RMSE","CH4_HM.flux","CH4_HM.r2","CH4_HM.RMSE","CH4_LM.diagnose","CH4_HM.diagnose","CH4_nb.obs","CH4_flux.term","CH4_MDF","CH4_g.fact","allan_sd_CO2","allan_sd_CH4","n_meas_pts","dt_s","t_sec","flat_sd_CO2","flat_sd_CH4","mad_sd_CO2","mad_sd_CH4","CO2_MDF_goflux","CH4_MDF_goflux","CO2_MDF_wass99","CH4_MDF_wass99","CO2_MDF_wass95","CH4_MDF_wass95","CO2_MDF_wass90","CH4_MDF_wass90","CO2_MDF_chr99","CH4_MDF_chr99","CO2_MDF_chr95","CH4_MDF_chr95","CO2_MDF_chr90","CH4_MDF_chr90","CO2_below_MDF_goflux","CO2_below_MDF_wass99","CO2_below_MDF_wass95","CO2_below_MDF_wass90","CO2_below_MDF_chr99","CO2_below_MDF_chr95","CO2_below_MDF_chr90","CO2_below_any_MDF","CO2_below_all_MDF","CH4_below_MDF_goflux","CH4_below_MDF_wass99","CH4_below_MDF_wass95","CH4_below_MDF_wass90","CH4_below_MDF_chr99","CH4_below_MDF_chr95","CH4_below_MDF_chr90","CH4_below_any_MDF","CH4_below_all_MDF","CH4_best.r2","CO2_best.r2","CH4_noise_floor","CH4_SNR"
"LGR1","2 0.5 stem 1","07-18-2023","Swamp Rd","HB JG NH","LGR #1",2,"bg",0.5,"stem","34","0","26.4","76.7","na","na","na","na","25.5","C5","0.76","15:24:00","na","15:26:00","",3.01020946144034,"HM","",2.02155393872002,0.98500091625438,1.72925563472693e-143,7.1247204437315,3.01020946144034,0.996301298548855,3.53801852262517,"Noise (LM.MAE)","Noise (HM.MAE)",157,1.56817480418817,0.00351834090683244,1.48905720682689,0.221242253060688,"LM","g-fact. > 2",0.221242253060688,0.747361058936812,2.21431346372928e-48,3.67005518076222,0.521706037538287,0.80299707185898,3.24084894070861,"Noise (LM.MAE)","Noise (HM.MAE) | Exaggerated curvature (g-fact)",157,1.56817480418817,0.00904716233185485,2.35807595665363,2.05540389025819,3.04749360839648,157,1,156,0.962151472354527,2.53139849513298,1.73397733204466,3.2897930104585,0.00351834090683243,0.00904716233185483,0.0448983487202717,0.0851835090755813,0.0341634231491233,0.0648166435698408,0.0286708485049537,0.0543958420173177,0.161652551515532,0.239678011635311,0.122444849709092,0.181545777274292,0.102569693565048,0.152077402906641,FALSE,FALSE,FALSE,FALSE,FALSE,FALSE,FALSE,FALSE,FALSE,FALSE,FALSE,FALSE,FALSE,TRUE,FALSE,FALSE,TRUE,FALSE,0.747361058936812,0.996301298548855,0.0306346326449478,7.22196527129484
"LGR1","2 1.25 stem 1","07-18-2023","Swamp Rd","HB JG NH","LGR #1",2,"bg",1.25,"stem","32.5","0","26.4","76.7","na","na","na","na","25.5","C5","0.76","15:21:00","na","15:23:00","",3.61800189746786,"HM","",2.45018888762851,0.974790014078331,1.3605441849128e-107,9.58046008084138,3.61800189746786,0.986796100144947,6.93347852795608,"Noise (LM.MAE)","Noise (HM.MAE)",134,1.5688063721929,0.00412843782156025,1.47662162526974,0.445219977704906,"HM","AICc",0.441775524661435,0.831822681930711,3.66572102116386e-53,4.82656759792582,0.445219977704906,0.83169425263058,4.82842603997916,"Noise (LM.MAE)","Noise (HM.MAE)",134,1.5688063721929,0.0106159829697264,1.00779683991346,1.98382535578733,4.85961649070929,134,1,133,0.962151472354527,2.53139849513298,1.73397733204466,3.2897930104585,0.00412843782156026,0.0106159829697264,0.0526839342436693,0.0999547314923116,0.040087521925153,0.076056155405712,0.033642508920672,0.0638283376928622,0.183476126519833,0.449446624666907,0.138864227946403,0.340164465651833,0.116286259334594,0.284857042408864,FALSE,FALSE,FALSE,FALSE,FALSE,FALSE,FALSE,FALSE,FALSE,FALSE,FALSE,FALSE,FALSE,TRUE,FALSE,FALSE,TRUE,FALSE,0.83169425263058,0.986796100144947,0.0573217843386348,7.76702928636554
"LGR1","2 1.7 stem 1","07-18-2023","Swamp Rd","HB JG NH","LGR #1",2,"bg",1.7,"stem","30.5","0","26.4","76.7","na","na","na","na","25.5","C5","0.76","15:18:15","na","15:20:15","",2.67238050035663,"HM","",2.25497840733382,0.996751559743713,6.89213389041545e-149,2.80289166728976,2.67238050035663,0.998795541027331,1.70673021148529,"Noise (LM.MAE)","Noise (HM.MAE)",120,1.5650160325768,0.00460298833110823,1.18510247888197,0.520862353106457,"HM","AICc",0.488355047033273,0.86469967391458,2.66809572036904e-53,4.20332538759955,0.520862353106457,0.864974404707269,4.19905573892561,"Noise (LM.MAE)","Noise (HM.MAE)",120,1.5650160325768,0.011836255708564,1.06656490246321,1.60567997492742,3.74974816321922,120,1,119,0.962151472354527,2.53139849513298,1.73397733204466,3.2897930104585,0.00460298833110824,0.011836255708564,0.0587397812543132,0.111444203009526,0.0446954522800075,0.0847985632757184,0.0375096059779176,0.0711651976590128,0.165861057269159,0.387335711073271,0.125451823085911,0.292967932922101,0.105027353720537,0.245270622322583,FALSE,FALSE,FALSE,FALSE,FALSE,FALSE,FALSE,FALSE,FALSE,FALSE,FALSE,FALSE,FALSE,FALSE,FALSE,FALSE,FALSE,FALSE,0.864974404707269,0.998795541027331,0.0493144201139788,10.5620699159111
"LGR1","2 11.7 stem 1","07-18-2023","Swamp Rd","HB JG NH","LGR #1",2,"bg",11.7,"leaf (shaded)","na","na","27.9","65","na","na","na","na","27.7","leaf A","0.76","12:56:15","na","13:04:00","",4.31566371490262,"HM","",2.75354993265132,0.985032444595576,0,23.4191121853515,4.31566371490262,0.999439669578245,4.53124026461686,"Noise (LM.MAE)","Noise (HM.MAE)",369,1.53432425268036,0.00146325201209299,1.56730904485439,0.36292721163086,"HM","",0.219877314312871,0.930710959351071,4.78481557669839e-215,4.13902096231259,0.36292721163086,0.947071557363152,3.61751140942941,"Noise (LM.MAE)","Noise (HM.MAE)",369,1.53432425268036,0.00376264803109625,1.65058961523624,2.54376731098754,3.59888050295172,369,1,367,0.962151472354527,2.53139849513298,1.73397733204466,3.2897930104585,0.00146325201209299,0.00376264803109625,0.0186728918101736,0.035427192632167,0.0142083155062835,0.0269567636088087,0.0119239942558769,0.0226228291655204,0.0826096356734019,0.116874765194436,0.06273824964213,0.0887610523380476,0.0526107667940524,0.0744328547829909,FALSE,FALSE,FALSE,FALSE,FALSE,FALSE,FALSE,FALSE,FALSE,FALSE,FALSE,FALSE,FALSE,FALSE,FALSE,FALSE,FALSE,FALSE,0.947071557363152,0.999439669578245,0.0150459118206466,24.121317202779
"LGR1","2 11.7 stem 2","07-18-2023","Swamp Rd","HB JG NH","LGR #1",2,"bg",10.5,"stem","15.5","0","26.1","73.3","na","na","na","na","24.8","C5","0.76","13:07:00","na","13:14:00","",3.51440299810552,"HM","",2.38225332097811,0.989087587620568,0,17.9292557590453,3.51440299810552,0.999865546115338,1.99016257402309,"Noise (LM.MAE)","Noise (HM.MAE)",384,1.53706543136828,0.00140830602350497,1.47524319397845,0.327540908661263,"HM","",0.233148075029417,0.955793086585681,4.92183649206735e-261,3.59257906113382,0.327540908661263,0.963931619171644,3.24507367362395,"Noise (LM.MAE)","Noise (HM.MAE)",384,1.53706543136828,0.00362135834615563,1.40486216161097,1.53661749285827,3.30374066423592,384,1,382,0.962151472354527,2.53139849513298,1.73397733204466,3.2897930104585,0.00140830602350497,0.00362135834615563,0.017971713549814,0.034096880351039,0.0136747847575053,0.0259445210057721,0.0114762411368705,0.0217733283940304,0.0480184250703727,0.103240021849854,0.0364705470458098,0.0784119859901165,0.0305842457656644,0.0657563882297479,FALSE,FALSE,FALSE,FALSE,FALSE,FALSE,FALSE,FALSE,FALSE,FALSE,FALSE,FALSE,FALSE,FALSE,FALSE,FALSE,FALSE,FALSE,0.963931619171644,0.999865546115338,0.013293365364405,24.6394272392681
"LGR1","2 10.5 stem 1","07-18-2023","Swamp Rd","HB JG NH","LGR #1",2,"bg",11.7,"stem","15","0","26.1","73.3","na","na","na","na","27.7","C5","0.76","11:46:45","11:10:00","11:56:45","",1.96648661767325,"HM","",1.35575329922547,0.98978792740949,0,10.4432098935642,1.96648661767325,0.999678470235846,1.85305219015364,"Noise (LM.MAE)","Noise (HM.MAE)",408,1.54275067105703,0.00132995747504917,1.4504752588813,0.164462859900202,"HM","",0.104970995746703,0.771843245448607,1.43767316520383e-132,4.3265003647635,0.164462859900202,0.784781102919316,4.2020409473546,"Noise (LM.MAE)","Noise (HM.MAE)",408,1.54275067105703,0.00341989065012642,1.56674573514625,1.59780650960906,3.69673144756063,408,1,406,0.962151472354527,2.53139849513298,1.73397733204466,3.2897930104585,0.00132995747504916,0.00341989065012642,0.0169718898989948,0.0321999623248514,0.0129140129378054,0.0245011446889369,0.0108377812994519,0.0205620088042169,0.0471387667271937,0.109061616855146,0.0358063311317986,0.0828425654299502,0.0300285595107584,0.0694749455586627,FALSE,FALSE,FALSE,FALSE,FALSE,FALSE,FALSE,FALSE,FALSE,FALSE,FALSE,FALSE,FALSE,FALSE,FALSE,FALSE,FALSE,FALSE,0.784781102919316,0.999678470235846,0.0140471303483788,11.7079329244768
"LGR1","4 3 stem 1","07-19-2023","Swamp Rd","HB JG NH","LGR #1",4,"hem",3,"stem","29.7","0","25.2","60.3","na","38.4","33.3","17.1","20.7","D2","2.3","12:50:00","na","12:53:00","",0.491427468196859,"HM","",0.299385274549928,0.855547648272901,1.03853195190703e-80,3.13964083869512,0.491427468196859,0.865596395484056,3.02846890718488,"Noise (LM.MAE)","Noise (HM.MAE)",189,2.12283803901389,0.00395209209390884,1.64145504128629,0.0753153255751707,"LM","g-fact. > 2",0.0753153255751707,0.25226850186055,1.07976342201556e-13,3.28497507212516,0.162780239406873,0.268929924635196,3.24816994969541,"Noise (LM.MAE)","Noise (HM.MAE) | Exaggerated curvature (g-fact)",189,2.12283803901389,0.0101625225271942,2.16131628143074,1.31991586673803,3.11850775059336,189,1,188,0.962151472354527,2.53139849513298,1.73397733204466,3.2897930104585,0.00395209209390884,0.0101625225271942,0.0504335462951768,0.0956851770944806,0.0383751882219021,0.0728074258263669,0.0322054731768726,0.0611019178842735,0.116358062255032,0.274914127582315,0.0882052413712792,0.208398683424484,0.0739112654220568,0.174626928793935,FALSE,FALSE,FALSE,FALSE,FALSE,FALSE,FALSE,FALSE,FALSE,FALSE,TRUE,FALSE,FALSE,TRUE,TRUE,TRUE,TRUE,FALSE,0.25226850186055,0.865596395484056,0.0352132280740384,2.13883616170647
"LGR1","2 10.5 leaf 1","07-18-2023","Swamp Rd","HB JG NH","LGR #1",2,"bg",11.7,"leaf","na","na","26.1","73.3","na","na","na","na","27.7","leaf A","0.76","12:09:00","na","12:14:00","",-0.263527302392572,"LM","MAE | AICc",-0.263527302392572,0.998269885766586,0,1.04879758579008,-0.300098826663761,0.996751357702747,1.43754251088101,"Noise (LM.MAE)","Noise (HM.MAE)",250,0.749948527791428,0.00105839509970564,1.13877698416504,-0.00381736121786887,"HM","AICc",-0.00247728792264067,0.000714570624363642,0.278806173790103,3.44308295473275,-0.00381736121786887,0.000797049314794851,3.44294085977928,"Noise (LM.MAE) | MDF (LM)","Noise (HM.MAE)",250,0.749948527791428,0.00272158739924309,1.54094370015729,1.01563926672292,3.43406532773508,250,1,248,0.962151472354527,2.53139849513298,1.73397733204466,3.2897930104585,0.00105839509970564,0.00272158739924309,0.0135064206479051,0.0256250917602228,0.0102771165750268,0.0194982861951967,0.00862482811234049,0.0163634776049385,0.0239172640029834,0.0808687195720041,0.0181473485753259,0.061359561977088,0.0152122381164362,0.0514354074173024,FALSE,FALSE,FALSE,FALSE,FALSE,FALSE,FALSE,FALSE,FALSE,FALSE,TRUE,TRUE,TRUE,TRUE,TRUE,TRUE,TRUE,FALSE,0.000797049314794851,0.998269885766586,0.0103845654712682,0.367599513762099
"LGR1","2 10.5 leaf 2","07-18-2023","Swamp Rd","HB JG NH","LGR #1",2,"bg",11.7,"leaf","na","na","27.9","65","na","na","na","na","27.7","leaf A","0.76","12:27:00","na","12:30:00","Leaf sample #3",-0.658380583624297,"LM","MAE | AICc",-0.658380583624297,0.998713457661317,1.98883532059287e-259,1.62413321564244,-0.806475562382559,0.996719612677832,2.5959896968039,"Noise (LM.MAE)","Noise (HM.MAE)",180,0.747952360000791,0.00146247668156579,1.22493825371189,0.00469123796882789,"HM","AICc",0.00310787992128603,0.000638417369216882,0.292569034510092,2.70728888131971,0.00469123796882789,0.000936966215403623,2.70688446395988,"Noise (LM.MAE) | MDF (LM)","Noise (HM.MAE)",180,0.747952360000791,0.00376065432402632,1.50946564463362,1.04194253536493,2.81377851459913,180,1,179,0.962151472354527,2.53139849513298,1.73397733204466,3.2897930104585,0.00146247668156579,0.00376065432402632,0.0186629976409316,0.0354084208937969,0.0142007869734942,0.0269424800803614,0.0119176761119917,0.0226108420505747,0.0340080791365704,0.0918392321547309,0.0257748915211012,0.0696054086637289,0.0215963019948269,0.058321076724788,FALSE,FALSE,FALSE,FALSE,FALSE,FALSE,FALSE,FALSE,FALSE,FALSE,TRUE,TRUE,TRUE,TRUE,TRUE,TRUE,TRUE,FALSE,0.000936966215403623,0.998713457661317,0.0117573870419773,0.399003447966695
"LGR1","2 11.7 leaf 1","07-18-2023","Swamp Rd","HB JG NH","LGR #1",2,"bg",10.5,"stem","15.5","0","26.1","73.3","na","na","na","na","24.4","C5","0.76","13:15:00","na","13:19:00","",-0.62327024692296,"HM","",-0.490131414829546,0.993156805527823,9.48729968710112e-233,3.35158678798115,-0.62327024692296,0.997372826389476,2.07666008367766,"Noise (LM.MAE)","Noise (HM.MAE)",215,0.749045008064568,0.00122507361132055,1.27163905039573,-0.000896994709920407,"HM","AICc | MDF",-0.000896673339502511,-0.00431266486270832,0.776152289421202,3.79560878582135,-0.000896994709920407,-0.00431303955160245,3.79560949392866,"Noise (LM.MAE) | MDF (LM)","Noise (HM.MAE) | MDF (HM)",215,0.749045008064568,0.00315018928625286,1.00035840300334,1.36706166926564,3.63437484564068,215,1,214,0.962151472354527,2.53139849513298,1.73397733204466,3.2897930104585,0.00122507361132056,0.00315018928625286,0.0156334430533035,0.0296605905600352,0.0118955806957458,0.0225689214645407,0.00998308601914595,0.0189404359570639,0.0373102169536362,0.0991903416138741,0.0282960774462867,0.0752259787638753,0.0237150347475472,0.0630471380243436,FALSE,FALSE,FALSE,FALSE,FALSE,FALSE,FALSE,FALSE,FALSE,TRUE,TRUE,TRUE,TRUE,TRUE,TRUE,TRUE,TRUE,TRUE,-0.00431303955160245,0.997372826389476,0.0127210763344046,0.0705124854486135
"LGR1","2 10.5 stem 2","07-18-2023","Swamp Rd","HB JG NH","LGR #1",2,"bg",11.7,"stem","15","0","26.1","73.3","na","na","na","na","27.7","C5","0.76","12:00:00","na","12:08:00","",3.46156180636801,"HM","",2.71060561835878,0.99557028233041,0,12.261610026636,3.46156180636801,0.999800152082933,2.60440960918675,"Noise (LM.MAE)","Noise (HM.MAE)",365,1.54340105113971,0.00148812773525868,1.27704369197903,0.352850456669197,"HM","",0.241667031627115,0.962996822906094,3.53459055090287e-262,3.21242742189263,0.352850456669197,0.973307625550147,2.72839611018571,"Noise (LM.MAE)","Noise (HM.MAE)",365,1.54340105113971,0.00382661417637946,1.46006865021471,1.15824636822801,2.64051047232264,365,1,363,0.962151472354527,2.53139849513298,1.73397733204466,3.2897930104585,0.00148812773525867,0.00382661417637945,0.0189903365726163,0.0360294655346964,0.0144498611322345,0.027415036676902,0.0121267057352988,0.0230074240479434,0.0382560703482556,0.0872142207007508,0.0290531266702319,0.0662338232442113,0.0243630349739988,0.0555415935254136,FALSE,FALSE,FALSE,FALSE,FALSE,FALSE,FALSE,FALSE,FALSE,FALSE,FALSE,FALSE,FALSE,FALSE,FALSE,FALSE,FALSE,FALSE,0.973307625550147,0.999800152082933,0.011226905340298,31.4290043403743
"LGR1","4 9.1 stem 2","07-19-2023","Swamp Rd","HB JG NH","LGR #1",4,"hem",9.1,"stem","23.5","0","25.8","61.1","na","38.4","33.3","17.1","23.5","C5","0.76","12:20:00","na","12:25:00","",1.82764043966857,"HM","",1.31136945330689,0.990881295394102,6.52117157418778e-241,5.43642364246718,1.82764043966857,0.998854583192045,1.92676387330111,"Noise (LM.MAE)","Noise (HM.MAE)",236,1.56309746769405,0.00232801750507625,1.39368843391906,-0.00490232022127269,"HM","AICc | MDF",-0.00490547912961044,-0.00206423944984757,0.473311116281729,4.52451781065708,-0.00490232022127269,-0.00206505512669275,4.52451966256399,"Noise (LM.MAE) | MDF (LM)","Noise (HM.MAE) | MDF (HM)",236,1.56309746769405,0.00598633072733892,0.999356044893008,1.52991341878427,4.33187472366961,236,1,235,0.962151472354527,2.53139849513298,1.73397733204466,3.2897930104585,0.00232801750507624,0.00598633072733891,0.0297083609967499,0.0563642652952332,0.0226052702766912,0.0428879079221255,0.0189709408418336,0.0359926669339404,0.0792827438297979,0.224485196222664,0.0601459517772456,0.170300309178241,0.0504146021177738,0.142746470444965,FALSE,FALSE,FALSE,FALSE,FALSE,FALSE,FALSE,FALSE,FALSE,TRUE,TRUE,TRUE,TRUE,TRUE,TRUE,TRUE,TRUE,TRUE,-0.00206505512669275,0.998854583192045,0.0288133719614291,0.170140455196815
"LGR1","2 9.1 branch 1","07-18-2023","Swamp Rd","HB JG NH","LGR #1",2,"bg",9.1,"branch","8","15","29.5","62.3","na","na","na","na","26","Stem A","0.15","13:52:15","na","13:57:15","",1.29956118547425,"HM","",0.66988247761425,0.965942021309612,4.81381184499572e-265,7.04268616065345,1.29956118547425,0.997993396118142,1.70946307738113,"Noise (LM.MAE)","Noise (HM.MAE)",360,1.84572934462516,0.00179945757832536,1.93998384627489,0.474354076051023,"HM","",0.243272730645066,0.909452986295644,5.11387724735406e-189,4.29741498845419,0.474354076051023,0.939733883154708,3.50595900063093,"Noise (LM.MAE)","Noise (HM.MAE)",360,1.84572934462516,0.00462717662997951,1.94988593581047,1.50974980258923,3.62994118205376,360,1,359,0.962151472354527,2.53139849513298,1.73397733204466,3.2897930104585,0.00179945757832536,0.00462717662997951,0.0229632875262578,0.0435671570815473,0.0174729033698365,0.0331505114376112,0.014663722756106,0.0278207861999296,0.0603028498186189,0.144988128215947,0.0457950570124401,0.110106564080264,0.0384018674767316,0.0923308749453011,FALSE,FALSE,FALSE,FALSE,FALSE,FALSE,FALSE,FALSE,FALSE,FALSE,FALSE,FALSE,FALSE,FALSE,FALSE,FALSE,FALSE,FALSE,0.939733883154708,0.997993396118142,0.0186626433397771,25.4173038306957
"LGR1","4 5.6 stem 2","07-19-2023","Swamp Rd","HB JG NH","LGR #1",4,"hem",5.6,"stem","27.5","0","24.1","65","na","38.4","33.3","17.1","21.1","D2","2.3","12:37:00","na","12:41:30","",1.94249220540607,"HM","",1.90883677402145,0.998948918018836,0,2.0502641834398,1.94249220540607,0.998966195053353,2.03346173911804,"Noise (LM.MAE)","Noise (HM.MAE)",245,2.12208261287649,0.00304397096109333,1.01763138254808,0.00703936276047326,"HM","AICc | MDF",0.00704766798384712,-0.00115224571535255,0.397248997302963,4.2985123918568,0.00703936276047326,-0.00115342224924508,4.2985149498692,"Noise (LM.MAE) | MDF (LM)","Noise (HM.MAE) | MDF (HM)",245,2.12208261287649,0.00782735389995427,0.998821564325547,1.69592716439727,4.11193437128606,245,1,244,0.962151472354527,2.53139849513298,1.73397733204466,3.2897930104585,0.00304397096109333,0.00782735389995427,0.0388448059254702,0.0736984092378768,0.0295572460859398,0.0560775621370247,0.024805222856462,0.0470617736852586,0.114879131782518,0.278535222759945,0.0871600357666109,0.211327676326609,0.0730612369054578,0.1771438169911,FALSE,FALSE,FALSE,FALSE,FALSE,FALSE,FALSE,FALSE,FALSE,TRUE,TRUE,TRUE,TRUE,TRUE,TRUE,TRUE,TRUE,TRUE,-0.00115342224924508,0.998966195053353,0.0357617394860466,0.196840614065204
"LGR1","2 11.7 leaf 2","07-18-2023","Swamp Rd","HB JG NH","LGR #1",2,"bg",10.5,"leaf","na","90","26.1","73.3","na","na","na","na","24.4","leaf A","0.76","13:24:00","na","13:28:15","leaf sample #1",-0.395758448378302,"LM","MAE | AICc",-0.395758448378302,0.997193179176985,2.61594103238256e-266,1.67953990228936,-0.461160692941333,0.992897400268458,2.6738470025773,"Noise (LM.MAE)","Noise (HM.MAE)",209,0.75019898291531,0.00126845238657178,1.1652579871157,-0.00185304295152627,"HM","AICc | MDF",-0.00184418313096271,-0.00343379843307812,0.591943829970496,3.96299486190336,-0.00185304295152627,-0.00343443123213882,3.96299611333171,"Noise (LM.MAE) | MDF (LM)","Noise (HM.MAE) | MDF (HM)",209,0.75019898291531,0.00326173470832743,1.00480419781247,1.22836339502974,4.0024314603451,209,1,207,0.962151472354527,2.53139849513298,1.73397733204466,3.2897930104585,0.00126845238657178,0.00326173470832743,0.0161870094727785,0.0307108458914968,0.0123167927084079,0.023368067052876,0.0103365782833956,0.0196111000763049,0.0347210005273992,0.11313299094374,0.0263298819059777,0.0857918333565332,0.0220662992642702,0.0718996110972249,FALSE,FALSE,FALSE,FALSE,FALSE,FALSE,FALSE,FALSE,FALSE,TRUE,TRUE,TRUE,TRUE,TRUE,TRUE,TRUE,TRUE,TRUE,-0.00343443123213882,0.997193179176985,0.0145054106798992,0.127748396265272
"LGR1","2 11.7 leaf_s 1","07-18-2023","Swamp Rd","HB JG NH","LGR #1",2,"bg",10.5,"leaf","na","180","26.1","73.3","na","na","na","na","27.7","leaf A","0.76","13:28:30","na","13:31:30","leaf sample #2",0.346085541661996,"HM","AICc",0.340678943816397,0.992900540593155,2.09002651912593e-193,1.98481426587221,0.346085541661996,0.992882381548797,1.98737751038053,"Noise (LM.MAE)","Noise (HM.MAE)",180,0.74599588125286,0.0014586511644609,1.01587006753348,-0.00919506304382901,"HM","AICc",-0.00912427231944504,0.0220353666416618,0.0260987151539967,3.74909103548241,-0.00919506304382901,0.0220306303821657,3.74910011905391,"Noise (LM.MAE)","Noise (HM.MAE)",180,0.74599588125286,0.00375081728004231,1.00775850631213,1.32306464186164,3.84789350469205,180,1,179,0.962151472354527,2.53139849513298,1.73397733204466,3.2897930104585,0.0014586511644609,0.00375081728004231,0.0186141793468665,0.0353158002582039,0.0141636408403935,0.0268720044825657,0.0118865020943874,0.0225516970644626,0.0430706961267032,0.125263306587432,0.0326434937988103,0.0949376801288843,0.0273513760346274,0.0795465156108664,FALSE,FALSE,FALSE,FALSE,FALSE,FALSE,FALSE,FALSE,FALSE,FALSE,TRUE,TRUE,TRUE,TRUE,TRUE,TRUE,TRUE,FALSE,0.0220306303821657,0.992882381548797,0.0160363838324017,0.573387562927391
"LGR1","4 5.6 stem 1","07-19-2023","Swamp Rd","HB JG NH","LGR #1",4,"hem",5.6,"stem","27.5","0","24.1","65","na","38.4","33.3","17.1","21.1","C5","0.76","12:28:30","na","12:35:30","",1.40940209611649,"HM","",1.16978053059415,0.996909948791797,0,4.39126341844586,1.40940209611649,0.999355796805396,2.00501713584406,"Noise (LM.MAE)","Noise (HM.MAE)",368,1.56541682846084,0.00149698330590518,1.20484318148178,0.00186625423215527,"HM","AICc | MDF",0.00186866012350692,-0.00187073920101821,0.57514101289637,4.30261773603443,0.00186625423215527,-0.00187123835423297,4.30261881988931,"Noise (LM.MAE) | MDF (LM)","Noise (HM.MAE) | MDF (HM)",368,1.56541682846084,0.00384938564375618,0.998712504579416,1.55225063923531,4.46194431937305,368,1,366,0.962151472354527,2.53139849513298,1.73397733204466,3.2897930104585,0.00149698330590517,0.00384938564375616,0.0191033445242425,0.0362438701653195,0.0145358495612227,0.0275781784478109,0.0121988694997418,0.0231443369380289,0.0515726204812769,0.148245492818722,0.0391668474424939,0.112585099362483,0.0328442937006401,0.094410919214429,FALSE,FALSE,FALSE,FALSE,FALSE,FALSE,FALSE,FALSE,FALSE,TRUE,TRUE,TRUE,TRUE,TRUE,TRUE,TRUE,TRUE,TRUE,-0.00187123835423297,0.999355796805396,0.0190841604513711,0.0977907431092254
"LGR1","5 0.5 stem 1","07-19-2023","Swamp Rd","HB JG NH","LGR #1",5,"rm",0.5,"stem","na","0","na","na","17.5","43","2.353 s","2.358 s","na","S6","2.3","16:23:30","na","16:28:30","",3.05620664638423,"HM","",2.43169492750268,0.995944087928897,0,6.93679515228268,3.05620664638423,0.99952847461027,2.36519605213468,"Noise (LM.MAE)","Noise (HM.MAE)",328,2.10357247545691,0.00225843670677889,1.25682157404626,0.483217471437259,"HM","",0.31528268984826,0.935158676122054,5.94919965523567e-196,3.71076173358783,0.483217471437259,0.947905041217657,3.32609754800642,"Noise (LM.MAE)","Noise (HM.MAE)",328,2.10357247545691,0.0058074086745743,1.5326482772328,1.30332965376924,3.4255586400192,328,1,326,0.962151472354527,2.53139849513298,1.73397733204466,3.2897930104585,0.00225843670677889,0.00580740867457429,0.02882042460033,0.0546796256539356,0.0219296341407301,0.0416060555030531,0.0184039291224851,0.0349169024722671,0.0653705072512312,0.171814172469171,0.0496339493324673,0.130453568275991,0.0416177470993665,0.109384477474346,FALSE,FALSE,FALSE,FALSE,FALSE,FALSE,FALSE,FALSE,FALSE,FALSE,FALSE,FALSE,FALSE,FALSE,FALSE,FALSE,FALSE,FALSE,0.947905041217657,0.99952847461027,0.0221040210681227,21.8610663619992
"LGR1","2 7 leaf 1","07-18-2023","Swamp Rd","HB JG NH","LGR #1",2,"bg",7,"leaf","na","100","28.6","63","na","na","na","na","25.6","leaf A","0.76","14:14:30","na","14:18:00","leaf sample #5",-0.236992797939244,"LM","MAE | AICc",-0.236992797939244,0.994061905107379,7.94810184353364e-225,1.41540300961887,-0.257758382004878,0.993646470084973,1.46410294669365,"Noise (LM.MAE)","Noise (HM.MAE)",202,0.747937638288551,0.00130237897214424,1.0876211608378,0.00383075361338422,"HM","AICc",0.00232656221059133,-0.00225228831965074,0.459878530173602,3.44219300268002,0.00383075361338422,-0.00114546182085951,3.44029180329474,"Noise (LM.MAE) | MDF (LM)","Noise (HM.MAE)",202,0.747937638288551,0.00334897449979948,1.64652962897157,1.31780487834431,3.63643155035235,202,1,201,0.962151472354527,2.53139849513298,1.73397733204466,3.2897930104585,0.00130237897214424,0.00334897449979948,0.0166199543494283,0.0315322516865985,0.01264622306482,0.0239930796547878,0.0106130449536234,0.0201356271866264,0.0382578892685815,0.105571164496636,0.0290085320424341,0.080047921268169,0.024310018763216,0.067082555750806,FALSE,FALSE,FALSE,FALSE,FALSE,FALSE,FALSE,FALSE,FALSE,FALSE,TRUE,TRUE,TRUE,TRUE,TRUE,TRUE,TRUE,FALSE,-0.00114546182085951,0.994061905107379,0.0135314628137737,0.283099740664024
"LGR1","4 9.1 stem 1","07-19-2023","Swamp Rd","HB JG NH","LGR #1",4,"hem",9.1,"stem","23.5","0","25.8","61.1","na","38.4","33.3","17.1","23.5","C5","0.76","12:07:00","na","12:17:00","",1.71172054387135,"HM","",1.26683236944453,0.993240026646476,0,6.26090203678211,1.71172054387135,0.999637430866133,1.44997271868588,"Noise (LM.MAE)","Noise (HM.MAE)",326,1.56137685276913,0.0016814827645206,1.35118156526257,0.0184184906350476,"HM","AICc",0.0183089401117169,0.0843533647934679,5.57536405522413e-08,3.55482896807691,0.0184184906350476,0.0843387634833431,3.55485756257402,"Noise (LM.MAE)","Noise (HM.MAE)",326,1.56137685276913,0.00432381282305297,1.00598344429892,1.19102730791348,3.50005873753452,326,1,325,0.962151472354527,2.53139849513298,1.73397733204466,3.2897930104585,0.0016814827645206,0.00432381282305298,0.0214577840885071,0.0407108367622422,0.016327356763729,0.0309771201548756,0.0137023497386625,0.025996818738083,0.0444784425255981,0.130708305644454,0.0337707542882096,0.0992417410031087,0.0283164069758751,0.0832131110621813,FALSE,FALSE,FALSE,FALSE,FALSE,FALSE,FALSE,FALSE,FALSE,FALSE,TRUE,TRUE,TRUE,TRUE,TRUE,TRUE,TRUE,FALSE,0.0843387634833431,0.999637430866133,0.0168151098342115,1.09535357286658
"LGR1","4 14.2 leaf 1","07-19-2023","Swamp Rd","HB JG NH","LGR #1",4,"hem",14.2,"leaf","na","70","24.4","69.3","na","38.4","33.3","17.1","20.9","leaf A","0.76","10:41:00","10:04:00","10:47:00","leaf sample #6",-2.23860882235347,"HM","",-1.29649991085757,0.974942998312819,2.95940574296719e-255,11.1991120731697,-2.23860882235347,0.997446765523847,3.57490404853723,"Noise (LM.MAE)","Noise (HM.MAE)",318,1.6930845720007,0.00186933627823421,1.72665559295931,-0.0135503983082108,"LM","g-fact. > 2",-0.0135503983082108,0.0164141654173576,0.0126421667986303,5.18329438330028,-0.0507069727073058,0.024179085831064,5.16279407907068,"Noise (LM.MAE)","Noise (HM.MAE) | Exaggerated curvature (g-fact)",318,1.6930845720007,0.0048068647154594,3.74210200718456,1.51439195935159,4.85691402519965,318,1,317,0.962151472354527,2.53139849513298,1.73397733204466,3.2897930104585,0.00186933627823421,0.0048068647154594,0.0238550255129134,0.0452590092998232,0.0181514321586359,0.0344378519498168,0.0152331620662419,0.0289011564145486,0.06288198969158,0.201673295859457,0.0477412267847512,0.153114279641564,0.0400296013056805,0.128381777784897,FALSE,FALSE,FALSE,FALSE,FALSE,FALSE,FALSE,FALSE,FALSE,FALSE,TRUE,TRUE,TRUE,TRUE,TRUE,TRUE,TRUE,FALSE,0.0164141654173576,0.997446765523847,0.0259405873930579,0.522362817113274
"LGR1","2 9.1 leaf 1","07-18-2023","Swamp Rd","HB JG NH","LGR #1",2,"bg",9.1,"leaf","na","50","29.5","62.3","na","na","na","na","25.5","leaf A","0.76","14:01:30","na","14:06:30","Leaf sample #4",-0.313144471260615,"LM","MAE | AICc",-0.313144471260615,0.997210641650461,0,1.74941918939414,-0.371713531323036,0.994427943333383,2.47428816214498,"Noise (LM.MAE)","Noise (HM.MAE)",275,0.746479818010103,0.000953532614246482,1.18703526786419,0.00322152211286453,"HM","AICc",0.00200375824116892,0.000631098192193646,0.279735163285301,3.23488372404105,0.00322152211286453,0.00147826516731842,3.23351232471108,"Noise (LM.MAE) | MDF (LM)","Noise (HM.MAE)",275,0.746479818010103,0.00245194100806238,1.60773991925554,1.0102291945564,3.08537461676235,275,1,274,0.962151472354527,2.53139849513298,1.73397733204466,3.2897930104585,0.000953532614246482,0.00245194100806238,0.0121682466151737,0.0230862375905055,0.00925889191798655,0.0175664568120193,0.00777030704287445,0.0147422352797554,0.0214176382945212,0.0654123221749988,0.0162549774019928,0.0496448676621117,0.0136273742057324,0.0416198172593409,FALSE,FALSE,FALSE,FALSE,FALSE,FALSE,FALSE,FALSE,FALSE,FALSE,TRUE,TRUE,TRUE,TRUE,TRUE,TRUE,TRUE,FALSE,0.00147826516731842,0.997210641650461,0.0084057294978604,0.383253126773177
"LGR1","5 1 stem 2","07-19-2023","Swamp Rd","HB JG NH","LGR #1",5,"rm",1,"stem","na","0","na","na","17.5","43","2.353 s","2.358 s","na","S6","2.3","16:10:30","na","16:15:00","",2.6684054554253,"HM","",2.51305263324047,0.998257706796759,0,4.0224883385465,2.6684054554253,0.998501661653704,3.73026014088735,"Noise (LM.MAE)","Noise (HM.MAE)",281,2.10310966178231,0.00262888707722789,1.06181837185977,0.523277243381282,"HM","AICc",0.51838506001145,0.953753219232127,1.78250095965665e-188,4.37313513339999,0.523277243381282,0.953624530769712,4.37928009948364,"Noise (LM.MAE)","Noise (HM.MAE)",281,2.10310966178231,0.00675999534144314,1.00943735409682,2.42758903917833,4.24430432589718,281,1,280,0.962151472354527,2.53139849513298,1.73397733204466,3.2897930104585,0.00262888707722789,0.00675999534144314,0.0335478260535755,0.0636487003766022,0.0255267422938432,0.0484306783174823,0.0214227174465846,0.0406443064845015,0.141872268505798,0.248044077158882,0.107680340153315,0.188264210354766,0.0902759388309373,0.157835017179953,FALSE,FALSE,FALSE,FALSE,FALSE,FALSE,FALSE,FALSE,FALSE,FALSE,FALSE,FALSE,FALSE,FALSE,FALSE,FALSE,FALSE,FALSE,0.953624530769712,0.998501661653704,0.0318794194119243,16.4142651602229
"LGR1","5 2 stem 1","07-19-2023","Swamp Rd","HB JG NH","LGR #1",5,"rm",2,"stem","na","0","na","na","17.5","43","2.353 s","2.358 s","na","S6","2.3","15:28:00","na","15:32:00","",5.78036815961039,"HM","",5.47320250727151,0.999698107150646,0,3.70880071292493,5.78036815961039,0.99990472491604,2.08351559095229,"Noise (LM.MAE)","Noise (HM.MAE)",286,2.10326213581211,0.0025920484068107,1.05612174077805,0.380483570598823,"HM","AICc",0.357822954573714,0.955193816302061,9.077577171027e-194,3.02173182725171,0.380483570598823,0.95544461862529,3.01326289725361,"Noise (LM.MAE)","Noise (HM.MAE)",286,2.10326213581211,0.00666526733179893,1.06332912893223,1.46686266125629,3.01097239858255,286,1,284,0.962151472354527,2.53139849513298,1.73397733204466,3.2897930104585,0.0025920484068107,0.00666526733179894,0.0330777193997347,0.0627567893029137,0.0251690353180157,0.0477520178257201,0.0211225202892812,0.0400747566457551,0.0845143299590028,0.173479304854154,0.0641488053306708,0.131675778076778,0.053781387622542,0.11039497968423,FALSE,FALSE,FALSE,FALSE,FALSE,FALSE,FALSE,FALSE,FALSE,FALSE,FALSE,FALSE,FALSE,FALSE,FALSE,FALSE,FALSE,FALSE,0.95544461862529,0.99990472491604,0.022298817739134,17.0629481369805
"LGR1","5 1 stem 1","07-19-2023","Swamp Rd","HB JG NH","LGR #1",5,"rm",1,"stem","na","0","na","na","17.5","43","2.353 s","2.358 s","na","S6","2.3","15:58:00","na","16:02:00","",6.20861680153613,"HM","",6.03093215874689,0.999255053059766,0,5.13617466953849,6.20861680153613,0.999312701962714,4.93343790360112,"Noise (LM.MAE)","Noise (HM.MAE)",229,2.10098731817944,0.00322519983053862,1.02946221879342,0.552727998931647,"HM","AICc",0.541793246537109,0.973473796774535,3.97797442752906e-181,2.78942447916455,0.552727998931647,0.973491125079456,2.78852061270599,"Noise (LM.MAE)","Noise (HM.MAE)",229,2.10098731817944,0.00829337099281359,1.02018251881955,3.09732172689534,2.79945062194029,229,1,228,0.962151472354527,2.53139849513298,1.73397733204466,3.2897930104585,0.00322519983053861,0.00829337099281358,0.041157508757289,0.078086190710437,0.0313169955581053,0.0594162514074673,0.0262820511679254,0.0498636900465126,0.222422421559112,0.20103193703137,0.168719732229443,0.152493864367378,0.141416287216186,0.127816206421883,FALSE,FALSE,FALSE,FALSE,FALSE,FALSE,FALSE,FALSE,FALSE,FALSE,FALSE,FALSE,FALSE,FALSE,FALSE,FALSE,FALSE,FALSE,0.973491125079456,0.999312701962714,0.0257965362042372,21.426442471019
"LGR1","4 12 leaf 1","07-19-2023","Swamp Rd","HB JG NH","LGR #1",4,"hem",12,"leaf","na","50","25","65.2","na","38.4","33.3","17.1","20","leaf A","0.76","11:21:00","na","11:24:00","Leaf sample #7",-0.67204166927984,"LM","MAE | AICc",-0.67204166927984,0.998456253866097,1.04575474257694e-277,0.890941740129737,-0.7436045017802,0.997275045341454,1.1838978765738,"Noise (LM.MAE)","Noise (HM.MAE)",198,1.68827981163911,0.00299948189885121,1.10648570731789,0.00131233474089784,"HM","AICc | MDF",0.00115146206810858,-0.00489919278132955,0.842540914784057,2.73944097214028,0.00131233474089784,-0.00487447718569656,2.73940728352148,"Noise (LM.MAE) | MDF (LM)","Noise (HM.MAE) | MDF (HM)",198,1.68827981163911,0.00771295345418883,1.13971165637572,0.894834483319722,2.79424641626465,198,1,197,0.962151472354527,2.53139849513298,1.73397733204466,3.2897930104585,0.00299948189885121,0.00771295345418883,0.0382770708811187,0.0726212724459571,0.0291252530815287,0.0552579622840077,0.0244426828987239,0.0463739438059762,0.0598420943612692,0.186865348651302,0.0453711908533036,0.14167791899701,0.0380213044560115,0.11872686591578,FALSE,FALSE,FALSE,FALSE,FALSE,FALSE,FALSE,FALSE,FALSE,TRUE,TRUE,TRUE,TRUE,TRUE,TRUE,TRUE,TRUE,TRUE,-0.00487447718569656,0.998456253866097,0.0239465472757591,0.0548026705389092
"LGR2","2 10.5 branch 3","07-18-2023","Swamp Rd","HB JG NH","LGR #2",2,"bg",10.5,"branch","5","150","26.1","73.3","na","na","na","na","27.7","Stem A","0.15","11:50:00","na","?","",0.739644636289007,"LM","g-fact. > 2",0.739644636289007,0.933907931518942,1.22203754313191e-23,11.7714287028974,1.78036235610199,0.998640830600523,1.6880732914016,"Noise (LM.MAE)","Noise (HM.MAE) | Exaggerated curvature (g-fact)",39,1.84384182270351,0.00170275630064968,2.40705099280451,-0.000324492831343149,"HM","AICc | MDF",-0.000300987322737255,-0.0258505514979113,0.837926468117408,0.539358083100264,-0.000324492831343149,-0.0257498502669218,0.539331609772463,"MDF (LM)","MDF (HM)",39,1.84384182270351,0.0043785162016706,1.07809467984276,1.71239691427955,0.485334752712661,39,10,388,1.24175817057262,0.700944186550361,5.32741191056918,1.27535707998231,0.00166325937615007,0.00427695268152876,0.0652116656060183,0.0156113626699439,0.0496199479459174,0.0118787795994581,0.0416423730189811,0.00996898609466593,0.0662907352362822,0.018788399654748,0.0494650352407143,0.0140195888267969,0.0411866823465301,0.0116733031489479,FALSE,FALSE,FALSE,FALSE,FALSE,FALSE,FALSE,FALSE,FALSE,TRUE,TRUE,TRUE,TRUE,TRUE,TRUE,TRUE,TRUE,TRUE,-0.0257498502669218,0.933907931518942,0.00230639308005946,0.140692770087042
"LGR2","2 10.5 branch 2","07-18-2023","Swamp Rd","HB JG NH","LGR #2",2,"bg",10.5,"branch","6","15","26.1","73.3","na","na","na","na","24.4","Stem A","0.15","11:30:00","na","11:35:00","",0.0867317098963377,"LM","g-fact. > 2",0.0867317098963377,0.698807094473567,5.05240117957619e-06,1.61642936812455,0.586407501556621,0.97001004560274,0.510061173802581,"Noise (LM.MAE)","Noise (HM.MAE) | Exaggerated curvature (g-fact)",19,1.84327313838003,0.00358414221351673,6.76116615546377,0.0258996336502685,"LM","g-fact. > 2",0.0258996336502685,0.602111024632393,5.71138007400424e-05,0.593991951537818,0.0882648433591319,0.750507046705577,0.470358232133976,"","Exaggerated curvature (g-fact)",19,1.84327313838003,0.00921636569190016,3.40795721480087,0.788032630333662,0.563992102341196,19,10,189,1.24175817057262,0.700944186550361,5.32741191056918,1.27535707998231,0.00341346877477783,0.008777491135143,0.133832394086749,0.0320388387822788,0.101833872304116,0.0243785448178707,0.0854616796671631,0.0204591197490212,0.066823046440908,0.0478250125646367,0.0486449588402647,0.0348150210391737,0.0401092391568525,0.0287060373449269,FALSE,TRUE,TRUE,FALSE,FALSE,FALSE,FALSE,TRUE,FALSE,FALSE,TRUE,FALSE,FALSE,TRUE,TRUE,TRUE,TRUE,FALSE,0.602111024632393,0.698807094473567,0.00550048408732279,4.70860986762248
"LGR2","2 3 stem 1","07-18-2023","Swamp Rd","HB JG NH","LGR #2",2,"bg",3,"stem","28","0","29.9","56.8","na","na","na","na","25.8","C5","0.76","14:18:30","na","14:20:30","",2.01984230890534,"LM","MAE | AICc",2.01984230890534,0.999611194170008,4.82172910169747e-22,0.999350718448547,2.04880904964727,0.999614261080371,0.995519015418835,"Noise (LM.MAE)","Noise (HM.MAE)",14,1.5275390929972,0.00411260525037707,1.01434109020007,1.00891744035068,"HM","AICc",0.994913563422435,0.998774543972304,4.72864193328228e-19,0.874250971940215,1.00891744035068,0.998744825098681,0.884796590704468,"","",14,1.5275390929972,0.0105752706438267,1.01407547091837,0.704150729602697,0.82570948513751,14,10,139,1.24175817057262,0.700944186550361,5.32741191056918,1.27535707998231,0.00384632145718719,0.00989054088990993,0.150803315631941,0.0361015967048536,0.114747148415698,0.0274699217174115,0.0962988426025553,0.0230534850259306,0.0709104399677376,0.0831518315825242,0.0505806429537101,0.0593124666288384,0.0413753991465653,0.0485181056986844,FALSE,FALSE,FALSE,FALSE,FALSE,FALSE,FALSE,FALSE,FALSE,FALSE,FALSE,FALSE,FALSE,FALSE,FALSE,FALSE,FALSE,FALSE,0.998744825098681,0.999611194170008,0.00907412602882113,111.186183346602
"LGR2","3 0.5 stem 1","07-19-2023","Swamp Rd","HB JG NH","LGR #2",3,"bg",0.5,"stem","na","0","na","na","na","na","na","na","na","S6","2.3","13:21:30","na","13:24:30","",3.10193417143315,"HM","AICc",3.0568797705073,0.999850957412785,4.91702229137099e-38,1.03485298096716,3.10193417143315,0.999855665999404,1.01877841519719,"Noise (LM.MAE)","Noise (HM.MAE)",21,2.1133609099629,0.00369838159243507,1.01473868922178,1.27565005315473,"LM","MAE | AICc",1.27565005315473,0.999085610774091,1.50017500135061e-30,1.07004039087167,1.2856728279191,0.99896590494165,1.13843791977719,"","Noise (HM.MAE)",21,2.1133609099629,0.00951012409483303,1.0078569939613,0.571092715304342,0.61563520897224,21,10,209,1.24175817057262,0.700944186550361,5.32741191056918,1.27535707998231,0.0035391211410862,0.00910059721993593,0.138758865695328,0.0332182126604029,0.105582454133809,0.0252759374836991,0.0886075887079057,0.0212122354148347,0.0495636395960493,0.0534293658497776,0.0362601401878024,0.0390882572718236,0.0299559854637305,0.0322924087047848,FALSE,FALSE,FALSE,FALSE,FALSE,FALSE,FALSE,FALSE,FALSE,FALSE,FALSE,FALSE,FALSE,FALSE,FALSE,FALSE,FALSE,FALSE,0.999085610774091,0.999855665999404,0.00622516452363049,204.918287430382
"LGR2","3 1.25 stem 1","07-19-2023","Swamp Rd","HB JG NH","LGR #2",3,"bg",1.25,"stem","na","0","na","na","na","na","na","na","na","S6","2.3","13:16:30","na","13:19:30","",2.8930479619903,"HM","MAE",2.78385157944567,0.999239435126718,1.37091510649318e-37,2.54836903046453,2.8930479619903,0.999347744051561,2.3599522241075,"Noise (LM.MAE)","Noise (HM.MAE)",25,2.11525065909039,0.00309764740870977,1.03922492971639,1.43067840434274,"LM","MAE | AICc",1.43067840434274,0.999227680698698,1.6353473099843e-37,1.31974803303011,1.44297432286811,0.999093567647211,1.43068113918756,"Noise (LM.MAE)","Noise (HM.MAE)",25,2.11525065909039,0.00796537905096798,1.00859446713394,1.30037020927097,0.650281920467538,25,10,248,1.24175817057262,0.700944186550361,5.32741191056918,1.27535707998231,0.0029852327850066,0.00767631287573125,0.117042479918302,0.0280194131650214,0.0890583257924218,0.0213201397296499,0.0747401030556525,0.0178924252884455,0.0934098705918929,0.0467118898957048,0.0688314692130736,0.0344208592825065,0.0570264961698459,0.0285174938509643,FALSE,FALSE,FALSE,FALSE,FALSE,FALSE,FALSE,FALSE,FALSE,FALSE,FALSE,FALSE,FALSE,FALSE,FALSE,FALSE,FALSE,FALSE,0.999227680698698,0.999347744051561,0.00554640830993356,257.946823312739
"LGR2","2 10.5 branch 4","07-18-2023","Swamp Rd","HB JG NH","LGR #2",2,"bg",10.5,"branch","5","135","26.1","73.3","na","na","na","na","27.7","Stem A","0.15","12:08:15","na","12:11:00","",0.608100636354619,"LM","g-fact. > 2",0.608100636354619,0.943039558423139,1.71426048364487e-13,4.76524544314699,1.36130504759587,0.999806990041972,0.27738850450973,"Noise (LM.MAE)","Exaggerated curvature (g-fact)",21,1.83648131004182,0.00321384229257319,2.23861802835215,-0.0157549011302969,"HM","AICc",-0.0157659884083683,0.250419480473461,0.0121525740058649,0.812369383511622,-0.0157549011302969,0.250312572225979,0.812428066325831,"","",21,1.83648131004182,0.00826416589518821,0.999296759721989,1.29809000326593,0.595586729730881,21,10,209,1.24175817057262,0.700944186550361,5.32741191056918,1.27535707998231,0.00307544716992649,0.00790829272266812,0.120579529152238,0.0288661659332459,0.0917496877939755,0.0219644389956156,0.0769987652477201,0.0184331382774725,0.0978980898127408,0.0449173809302693,0.0716210207656138,0.0328609953319552,0.059169055768681,0.0271478128156522,FALSE,FALSE,FALSE,FALSE,FALSE,FALSE,FALSE,FALSE,FALSE,FALSE,TRUE,TRUE,TRUE,TRUE,TRUE,TRUE,TRUE,FALSE,0.250312572225979,0.943039558423139,0.00523341577827604,3.01044323588729
"LGR2","2 10.5 branch 1","07-18-2023","Swamp Rd","HB JG NH","LGR #2",2,"bg",10.5,"branch","6","15","26.1","73.3","na","na","na","na","26","Stem A","0.15","11:17:00","11:15:00","11:22:00","",0.549430877813202,"LM","g-fact. > 2",0.549430877813202,0.91784517759094,1.84356960216015e-28,12.8810677616864,1.5121833170577,0.999876177362204,0.500075249214711,"Noise (LM.MAE)","Noise (HM.MAE) | Exaggerated curvature (g-fact)",51,1.84747629753581,0.00129842711674203,2.75227217493922,0.0552225285275119,"LM","g-fact. > 2",0.0552225285275119,0.907339864090184,3.53482139079615e-27,1.38270669575942,0.124110428893503,0.963688375457273,0.865578457314407,"Noise (LM.MAE)","Exaggerated curvature (g-fact)",51,1.84747629753581,0.00333881258590809,2.24746008925815,1.48961503868261,0.577613121706393,51,10,507,1.24175817057262,0.700944186550361,5.32741191056918,1.27535707998231,0.00127537811466969,0.00327954372343635,0.0500039454625444,0.0119707067790618,0.0380483023686634,0.00910858267049187,0.031931141921023,0.00764416354592443,0.0436408529400553,0.0169221769692444,0.0327243093377878,0.0126891780637512,0.0273012769150727,0.0105863430322456,FALSE,FALSE,FALSE,FALSE,FALSE,FALSE,FALSE,FALSE,FALSE,FALSE,FALSE,FALSE,FALSE,FALSE,FALSE,FALSE,FALSE,FALSE,0.907339864090184,0.91784517759094,0.00210478609762964,26.2366463697675
"LGR2","2 4.5 stem 1","07-18-2023","Swamp Rd","HB JG NH","LGR #2",2,"bg",4.5,"stem","26","0","29.8","60.4","na","na","na","na","26.2","C5","0.76","14:12:00","na","14:14:00","",2.04558717955206,"HM","",1.73840722295332,0.997642123263014,5.16194432511719e-16,1.97024045880445,2.04558717955206,0.999902125781013,0.401414299265177,"Noise (LM.MAE)","",13,1.5238816263913,0.0044446547436413,1.17670195598755,1.19310316191572,"HM","",1.0677856169846,0.998453514212982,5.07239463060232e-17,0.979720964347847,1.19310316191572,0.999500502700869,0.556795872165351,"","",13,1.5238816263913,0.0114291121979348,1.11736208367837,1.03477957504939,0.784070575054907,13,10,129,1.24175817057262,0.700944186550361,5.32741191056918,1.27535707998231,0.00413456255222446,0.0106317322771486,0.162104428478808,0.0388070293845263,0.123346233042372,0.0295285016890931,0.103515421911265,0.0247810997981911,0.113895095138018,0.0863003048127782,0.0807137897843182,0.0611582496378814,0.0658580858980855,0.0499018230811744,FALSE,FALSE,FALSE,FALSE,FALSE,FALSE,FALSE,FALSE,FALSE,FALSE,FALSE,FALSE,FALSE,FALSE,FALSE,FALSE,FALSE,FALSE,0.999500502700869,0.999902125781013,0.00926225382263747,128.813481552374
"LGR2","2 4.5 stem 2","07-18-2023","Swamp Rd","HB JG NH","LGR #2",2,"bg",4.5,"stem","26","0","29.8","60.4","na","na","na","na","26.2","C5","0.76","14:14:45","na","14:16:45","",3.46956418236512,"HM","",2.16990623626178,0.974981285739352,1.51223416067971e-09,7.4879493710501,3.46956418236512,0.993536941414281,3.80583058660589,"Noise (LM.MAE)","Noise (HM.MAE)",12,1.52611586108424,0.0048120770394548,1.5989465924308,1.27467118652251,"HM","AICc",1.24412593522807,0.999191240931882,5.28890860288552e-17,0.763356108617044,1.27467118652251,0.999242710225837,0.738666919456814,"","",12,1.52611586108424,0.0123739123871695,1.02455157506932,4.65020050496358,0.624782871375083,12,10,120,1.24175817057262,0.700944186550361,5.32741191056918,1.27535707998231,0.0044511712614957,0.0114458689581318,0.174517754730267,0.0417787206647745,0.132791607527275,0.0317896794287956,0.111442230057718,0.0266787399771276,0.562287979847223,0.0755468281880878,0.395313317382678,0.053112761323631,0.321564348849759,0.043204136465033,FALSE,FALSE,FALSE,FALSE,FALSE,FALSE,FALSE,FALSE,FALSE,FALSE,FALSE,FALSE,FALSE,FALSE,FALSE,FALSE,FALSE,FALSE,0.999242710225837,0.993536941414281,0.00794575874782724,160.421581749014
"LGR2","3 2 stem 1","07-19-2023","Swamp Rd","HB JG NH","LGR #2",3,"bg",2,"stem","na","0","na","na","na","na","na","na","na","C5","0.76","13:29:00","na","13:32:00","",2.46493302228781,"HM","",2.13550656080126,0.998242221974921,2.71639113543939e-22,2.73239852529532,2.46493302228781,0.99992438191843,0.566728240515848,"Noise (LM.MAE)","Noise (HM.MAE)",17,1.55253026449514,0.00339615995358311,1.15426150756612,1.42610171106569,"HM","",1.30195040658991,0.999003556735523,3.84609031257928e-24,1.25379535580942,1.42610171106569,0.999668191767193,0.723509016352629,"Noise (LM.MAE)","",17,1.55253026449514,0.00873298273778514,1.09535793671355,0.895753834069377,0.65526060337355,17,10,169,1.24175817057262,0.700944186550361,5.32741191056918,1.27535707998231,0.00321529936433905,0.00826791265115755,0.126062735600417,0.0301788194847415,0.095921892506229,0.0229632449652369,0.0805001898185113,0.0192713626707324,0.0727446607190656,0.0532140734005357,0.0526184871627841,0.0384914028112537,0.0432770542605072,0.0316579707598254,FALSE,FALSE,FALSE,FALSE,FALSE,FALSE,FALSE,FALSE,FALSE,FALSE,FALSE,FALSE,FALSE,FALSE,FALSE,FALSE,FALSE,FALSE,0.999668191767193,0.99992438191843,0.00601959714715256,236.909825724846
"LGR2","2 11.7 branch 1","07-18-2023","Swamp Rd","HB JG NH","LGR #2",2,"bg",11.7,"branch","5.5","5","26.1","73.3","na","na","na","na","27.7","Stem A","0.15","12:26:15","na","12:36:00","",6.79736318058738,"HM","",3.6639815439635,0.969315576514275,2.75411536682466e-28,37.1309748973352,6.79736318058738,0.999977601035955,1.00320880303256,"Noise (LM.MAE)","Noise (HM.MAE)",37,1.83862854314545,0.00179253479136743,1.85518488535681,0.569198589281424,"HM","",0.340194514468005,0.978257855384292,6.60509708142804e-31,2.88911847466201,0.569198589281424,0.999386084304324,0.485476854977354,"Noise (LM.MAE)","",37,1.83862854314545,0.00460937517780197,1.67315628287403,5.46698821397541,0.623835550165863,37,10,368,1.24175817057262,0.700944186550361,5.32741191056918,1.27535707998231,0.00174869562527421,0.00449664589356224,0.0685613777365529,0.0164132678263866,0.0521687640205615,0.0124889540483159,0.0437814068981136,0.0104810606343991,0.223198708991258,0.0254691036399037,0.166354555733962,0.0189826430453249,0.138449819186024,0.0157984461904432,FALSE,FALSE,FALSE,FALSE,FALSE,FALSE,FALSE,FALSE,FALSE,FALSE,FALSE,FALSE,FALSE,FALSE,FALSE,FALSE,FALSE,FALSE,0.999386084304324,0.999977601035955,0.00311685284990163,182.619654084532
"LGR2","2 7 stem 2","07-18-2023","Swamp Rd","HB JG NH","LGR #2",2,"bg",7,"stem","24","0","28.6","63","na","na","na","na","25.6","C5","0.76","13:49:15","na","13:52:45","",1.64570506893385,"HM","",1.29362181436955,0.995403540544611,3.88688843590668e-32,4.51691117024181,1.64570506893385,0.999894975944784,0.682769676325458,"Noise (LM.MAE)","Noise (HM.MAE)",28,1.53444022924214,0.00198908918605463,1.27216861269141,1.89209025091207,"HM","",1.58844067715552,0.997578531669424,9.34755648691059e-36,4.02139335677895,1.89209025091207,0.999940261375482,0.631632937349519,"Noise (LM.MAE)","",28,1.53444022924214,0.00511480076414048,1.19116204849419,1.00613802627683,0.869124063742719,28,10,279,1.24175817057262,0.700944186550361,5.32741191056918,1.27535707998231,0.00192492501876254,0.00494980719110368,0.0754708306113737,0.0180673579907354,0.0574262082032437,0.0137475611869329,0.0481935931426527,0.011537317041757,0.0461284140451701,0.0398467343663584,0.0341230852937367,0.0294762684476573,0.0283143333587563,0.0244585413017254,FALSE,FALSE,FALSE,FALSE,FALSE,FALSE,FALSE,FALSE,FALSE,FALSE,FALSE,FALSE,FALSE,FALSE,FALSE,FALSE,FALSE,FALSE,0.999940261375482,0.999894975944784,0.00477999615630551,395.835098824531
"LGR2","2 11.7 branch 2","07-18-2023","Swamp Rd","HB JG NH","LGR #2",2,"bg",11.7,"branch","5.5","25","26.1","73.3","na","na","na","na","27.7","Stem A","0.15","12:36:30","na","12:46:40","",1.84977979296262,"LM","g-fact. > 2",1.84977979296262,0.939536745996047,9.6802966216271e-24,27.404501435637,4.41518616326944,0.998621201586365,4.13834348799723,"Noise (LM.MAE)","Noise (HM.MAE) | Exaggerated curvature (g-fact)",38,1.83926432476231,0.00174455965763363,2.3868712265464,0.179085767986624,"HM","",0.0897608041328113,0.950940511602865,2.23692362873654e-25,1.19085630600224,0.179085767986624,0.989885877486788,0.540706957982625,"Noise (LM.MAE)","",38,1.83926432476231,0.00448601054820076,1.9951444254181,4.79590146240382,0.548441074877352,38,10,378,1.24175817057262,0.700944186550361,5.32741191056918,1.27535707998231,0.00170302252292806,0.0043792007732436,0.0667706654038318,0.0159845798086239,0.0508062002536343,0.0121627627613928,0.0426379073380904,0.0102073122769764,0.190384006551548,0.0217715918500654,0.141981556816493,0.016236471546304,0.118193307462154,0.0135161377054988,FALSE,FALSE,FALSE,FALSE,FALSE,FALSE,FALSE,FALSE,FALSE,FALSE,FALSE,FALSE,FALSE,FALSE,FALSE,FALSE,FALSE,FALSE,0.989885877486788,0.939536745996047,0.00266859286575716,67.1086887342824
"LGR2","4 9.1 leaf 1","07-19-2023","Swamp Rd","HB JG NH","LGR #2",4,"hem",9.1,"leaf","na","40","25.8","61.1","na","38.4","33.3","17.1","23.5","leaf A","0.76","11:41:45","na","11:45:00","Leaf sample #8",-1.03118854235253,"HM","",-0.539409761886394,0.958129273632296,1.16277752613223e-12,3.34973494896115,-1.03118854235253,0.997253200360017,0.857963254202528,"Noise (LM.MAE)","Noise (HM.MAE)",18,1.67820514216317,0.00345512823386535,1.91169796176159,0.0108717457729123,"HM","AICc",0.00727424394946203,0.186333013802759,0.0418577057268753,0.403299436046379,0.0108717457729123,0.196080886578016,0.400876358072024,"MDF (LM)","",18,1.67820514216317,0.0088846154585109,1.49455336505677,1.02272653718037,0.494270109531659,18,10,179,1.24175817057262,0.700944186550361,5.32741191056918,1.27535707998231,0.00328140670255368,0.00843790294942376,0.128654616154691,0.0307993033652546,0.097894069983831,0.0234353748758322,0.08215529333195,0.0196675865819678,0.0840179118462577,0.040604737416281,0.0609802578819648,0.0294709461882986,0.0502213173627841,0.0242712935778157,FALSE,FALSE,FALSE,FALSE,FALSE,FALSE,FALSE,FALSE,FALSE,FALSE,TRUE,TRUE,TRUE,TRUE,TRUE,TRUE,TRUE,FALSE,0.196080886578016,0.997253200360017,0.00463400357225466,2.3460805766325
"LGR2","2 3 stem 2","07-18-2023","Swamp Rd","HB JG NH","LGR #2",2,"bg",3,"stem","28","0","29.9","56.8","na","na","na","na","25.8","C5","0.76","14:21:00","na","14:23:00","",2.53830909587766,"HM","",1.54080562485135,0.976869580425142,1.00041265007016e-14,7.74480909833069,2.53830909587766,0.997739602983797,2.42109217803078,"Noise (LM.MAE)","Noise (HM.MAE)",18,1.52754933094256,0.00314495450488175,1.64739085510707,0.81783212424794,"HM","",0.721322306643992,0.995960337611601,8.58939959109916e-21,1.50148400985193,0.81783212424794,0.997240368904504,1.24100545663692,"Noise (LM.MAE)","Noise (HM.MAE)",18,1.52754933094256,0.00808702586969593,1.13379569259818,2.61808652763358,0.810941265008842,18,10,179,1.24175817057262,0.700944186550361,5.32741191056918,1.27535707998231,0.00298682830072568,0.00768041563043745,0.117105035547949,0.028034388685312,0.0891059247466576,0.0213315346929648,0.0747800493572842,0.0179019882431147,0.195770185029797,0.0606389895152076,0.142090134191412,0.0440118200641025,0.117020720659464,0.0362466749063512,FALSE,FALSE,FALSE,FALSE,FALSE,FALSE,FALSE,FALSE,FALSE,FALSE,FALSE,FALSE,FALSE,FALSE,FALSE,FALSE,FALSE,FALSE,0.997240368904504,0.997739602983797,0.00692040663015626,118.176888722719
"LGR2","5 10 leaf 1","07-19-2023","Swamp Rd","HB JG NH","LGR #2",5,"rm",10,"leaf","na","na","28.4","44.9","17.5","43","2.353 s","2.358 s","27.9","Leaf B","na","15:55:00","na","16:00:00","lesser lichen",-1.05236235924169,"HM","",-0.872692919874696,0.998051275336917,1.96243769676426e-42,1.9364905256773,-1.05236235924169,0.99885839650062,1.48289360811544,"Noise (LM.MAE)","Noise (HM.MAE)",32,1.7990275910623,0.00203773351738449,1.20587933656296,0.00892334631231969,"HM","AICc",0.00883580801831628,0.3809502067658,0.000100479748345382,0.551377740570263,0.00892334631231969,0.380907093177421,0.551397062771346,"","",32,1.7990275910623,0.00523988618756011,1.00990722000998,0.628532232002995,0.517603763427152,32,10,318,1.24175817057262,0.700944186550361,5.32741191056918,1.27535707998231,0.00198006181406228,0.00509158752187443,0.0776325874060335,0.0185848722884002,0.0590711019293266,0.014141340923622,0.0495740314734785,0.0118677874142853,0.0293353666057516,0.0241580230631352,0.0217857839654076,0.0179408520288139,0.0181053996464506,0.0149100117992211,FALSE,FALSE,FALSE,FALSE,FALSE,FALSE,FALSE,FALSE,FALSE,FALSE,TRUE,TRUE,TRUE,TRUE,TRUE,TRUE,TRUE,FALSE,0.380907093177421,0.99885839650062,0.00292824984793437,3.04733092315
"LGR2","5 10 stem 1","07-19-2023","Swamp Rd","HB JG NH","LGR #2",5,"rm",10,"stem","11.5","0","28.4","44.9","17.5","43","2.353 s","2.358 s","27.9","B7","na","15:39:30","na","15:41:30","no lichen",7.0445120283399,"HM","",5.17854501504506,0.991977414060308,1.57494397082677e-20,16.7693176814205,7.0445120283399,0.999855469119715,2.25080839887746,"Noise (LM.MAE)","Noise (HM.MAE)",20,1.54769216112428,0.00285101187575525,1.36032650249707,0.230820692760689,"LM","g-fact. > 2",0.230820692760689,0.947483499927899,3.5445279565877e-13,1.95433047213816,0.492190901690909,0.996991711758018,0.467745738242878,"Noise (LM.MAE)","Exaggerated curvature (g-fact)",20,1.54769216112428,0.00733117339479922,2.13235172204081,4.37439895286546,0.705305292448292,20,10,199,1.24175817057262,0.700944186550361,5.32741191056918,1.27535707998231,0.00272207164016833,0.00699961278900428,0.106724680527679,0.0255493810511984,0.0812074502792543,0.0194406774620686,0.068151440628976,0.0163151308320502,0.293784177940356,0.0473682299606377,0.214427798787082,0.0345732209069542,0.176984883304441,0.0285361203271586,FALSE,FALSE,FALSE,FALSE,FALSE,FALSE,FALSE,FALSE,FALSE,FALSE,FALSE,FALSE,FALSE,FALSE,FALSE,FALSE,FALSE,FALSE,0.947483499927899,0.999855469119715,0.00548540438352607,42.0790659397685
"LGR2","5 10 stem 2","07-19-2023","Swamp Rd","HB JG NH","LGR #2",5,"rm",10,"stem","11.5","0","28.4","44.9","17.5","43","2.353 s","2.358 s","27.9","B7","na","15:43:30","na","15:46:30","lichen",6.23815469924387,"HM","",3.21230291512625,0.961333680723268,1.17186310827598e-13,21.9314654628284,6.23815469924387,0.999779602350924,1.6557879388081,"Noise (LM.MAE)","Noise (HM.MAE)",19,1.55037068155667,0.00301460965858242,1.94195717653816,0.0880818403411499,"LM","g-fact. > 2",0.0880818403411499,0.834701137720948,2.86644567572123e-08,1.32857579167044,0.309988414439384,0.964514317465417,0.615570762324325,"Noise (LM.MAE)","Exaggerated curvature (g-fact)",19,1.55037068155667,0.00775185340778336,3.5193226349355,6.08704250512105,0.816622347737001,19,10,189,1.24175817057262,0.700944186550361,5.32741191056918,1.27535707998231,0.00287105681769754,0.00738271753122224,0.112565965246468,0.0269477568380454,0.0856521188978219,0.0205047099953179,0.0718815241180172,0.0172080950830847,0.434144453931415,0.0582437305026541,0.316042745984329,0.0423995017274549,0.260586798399784,0.0349596709599891,FALSE,FALSE,FALSE,FALSE,FALSE,FALSE,FALSE,FALSE,FALSE,FALSE,FALSE,FALSE,FALSE,FALSE,FALSE,FALSE,FALSE,FALSE,0.834701137720948,0.999779602350924,0.00669876902558425,13.1489591602194
"LGR2","2 9.1 stem 1","07-18-2023","Swamp Rd","HB JG NH","LGR #2",2,"bg",9.1,"stem","19.5","0","29.5","62.3","na","na","na","na","25.5","C5","0.76","13:06:45","na","13:16:45","",2.76669629550865,"HM","",2.09182599302549,0.994039899592052,3.22004927496792e-45,12.2575748726139,2.76669629550865,0.99993757254208,1.25448534406887,"Noise (LM.MAE)","Noise (HM.MAE)",41,1.53470007092107,0.0013462281323869,1.32262258176985,0.58550616137488,"HM","",0.438574745841187,0.993409513543215,2.28789549538451e-44,2.70326644555157,0.58550616137488,0.999672238181699,0.602850045342152,"Noise (LM.MAE)","",41,1.53470007092107,0.00346172948328061,1.33502023754669,1.78164591857268,0.765326811372191,41,10,408,1.24175817057262,0.700944186550361,5.32741191056918,1.27535707998231,0.00131653192358425,0.00338536780350236,0.0516174691641587,0.012356976681055,0.0392760422421901,0.00940249775841149,0.0329614937029193,0.00789082486327195,0.0544428358294826,0.0233865559441899,0.0406663811689472,0.0174687189556778,0.0338745644442502,0.0145512147629811,FALSE,FALSE,FALSE,FALSE,FALSE,FALSE,FALSE,FALSE,FALSE,FALSE,FALSE,FALSE,FALSE,FALSE,FALSE,FALSE,FALSE,FALSE,0.999672238181699,0.99993757254208,0.00287879194041838,203.386063839608
"LGR2","5 13 stem 1","07-19-2023","Swamp Rd","HB JG NH","LGR #2",5,"rm",13,"stem","7.5","0","28","47.9","17.5","43","2.353 s","2.358 s","27.5","A","na","14:33:00","14:30:00","14:38:00","fork above,end of main stem, no lichen",6.12244753386988,"HM","",3.32410846751523,0.969722672227484,2.95180035958457e-22,25.8732212063466,6.12244753386988,0.999972747905051,0.776232240596647,"Noise (LM.MAE)","Noise (HM.MAE)",29,1.85281913160031,0.00232432507548426,1.84183145456936,0.0704252999605578,"HM","AICc",0.0699175558133302,0.954732814192524,6.7780232619808e-20,0.670427764988967,0.0704252999605578,0.954589584871577,0.671488551567646,"","",29,1.85281913160031,0.00597683590838811,1.00726204086114,5.01560910245713,0.573093342166823,29,10,288,1.24175817057262,0.700944186550361,5.32741191056918,1.27535707998231,0.00225168991687538,0.00579005978625097,0.0882823521173232,0.0211343753215227,0.0671745718483911,0.0160812730909093,0.0563746778080046,0.0134958298102537,0.268208358764669,0.0306460135910953,0.198621821336077,0.0226949192194801,0.164882162845673,0.0188397596061921,FALSE,FALSE,FALSE,FALSE,FALSE,FALSE,FALSE,FALSE,FALSE,FALSE,FALSE,FALSE,FALSE,FALSE,FALSE,FALSE,FALSE,FALSE,0.954589584871577,0.999972747905051,0.00368693857138699,19.1012946369932
"LGR2","5 13 stem 2","07-19-2023","Swamp Rd","HB JG NH","LGR #2",5,"rm",13,"stem","7.5","0","28","47.9","17.5","43","2.353 s","2.358 s","27.5","A","na","14:39:00","na","14:42:00","lichen",5.52613959818135,"HM","",3.66251537292482,0.98570151564684,2.46568234210287e-17,12.5457258313889,5.52613959818135,0.999930857281483,0.872416791001157,"Noise (LM.MAE)","Noise (HM.MAE)",19,1.85638986326076,0.00360964695634037,1.50883724312351,-0.00364973971229821,"HM","AICc | MDF",-0.00363705958723098,-0.0370824420588798,0.558389690582444,0.73543990236232,-0.00364973971229821,-0.0370921694058286,0.735443351407446,"MDF (LM)","MDF (HM)",19,1.85638986326076,0.00928194931630381,1.00348636714992,3.77391375533142,0.704877961903029,19,10,189,1.24175817057262,0.700944186550361,5.32741191056918,1.27535707998231,0.00343775900603844,0.00883995172981314,0.134784744911385,0.0322668270413463,0.102558521765306,0.0245520224532306,0.0860698246656978,0.0206047067699906,0.322294975772073,0.0601970899130562,0.234620040029464,0.0438214825137287,0.19345131583795,0.0361321371063866,FALSE,FALSE,FALSE,FALSE,FALSE,FALSE,FALSE,FALSE,FALSE,TRUE,TRUE,TRUE,TRUE,TRUE,TRUE,TRUE,TRUE,TRUE,-0.0370921694058286,0.999930857281483,0.00692343017625761,0.527157726644546
"LGR2","5 13 stem 3","07-19-2023","Swamp Rd","HB JG NH","LGR #2",5,"rm",13,"stem","7.5","0","28","47.9","17.5","43","2.353 s","2.358 s","27.5","A","na","14:48:00","na","14:51:00","no lichen",5.0515351273892,"HM","",3.02679737610407,0.979148794045867,5.46096661420919e-27,21.5434042090471,5.0515351273892,0.999956397691733,0.985152540260099,"Noise (LM.MAE)","Noise (HM.MAE)",32,1.84994787708671,0.00209541021676488,1.66893732869931,0.32153525662962,"HM","",0.196676573673365,0.977653341299561,1.54451217056384e-26,1.45025807125118,0.32153525662962,0.996925088974144,0.537966546671095,"Noise (LM.MAE)","",32,1.84994787708671,0.00538819770025256,1.63484267914702,3.7518833845394,0.587332222668729,32,10,318,1.24175817057262,0.700944186550361,5.32741191056918,1.27535707998231,0.00203610615402625,0.00523570153892465,0.0798299264436166,0.0191109048058301,0.0607430703977158,0.014541602224881,0.0509771916443139,0.0122036972872714,0.180067346827064,0.0281883374834647,0.133726241431372,0.0209339477161455,0.111135181005061,0.0173974684675353,FALSE,FALSE,FALSE,FALSE,FALSE,FALSE,FALSE,FALSE,FALSE,FALSE,FALSE,FALSE,FALSE,FALSE,FALSE,FALSE,FALSE,FALSE,0.996925088974144,0.999956397691733,0.00341677358009633,94.1049352824119
"LGR2","5 10 stem 3","07-19-2023","Swamp Rd","HB JG NH","LGR #2",5,"rm",10,"stem","11.5","0","28.4","44.9","17.5","43","2.353 s","2.358 s","27.9","B7 ","na","15:47:00","na","15:50:00","no lichen",5.37705720355943,"HM","",3.30432213682217,0.980178492598848,1.02148446163817e-18,18.6569182109793,5.37705720355943,0.999753640525712,2.07996584027821,"Noise (LM.MAE)","Noise (HM.MAE)",22,1.55176419650397,0.00259864817596358,1.62727996270081,0.155850106770026,"LM","g-fact. > 2",0.155850106770026,0.947928899487591,1.62215912848502e-14,1.44910918831659,0.315565939025447,0.989353994221024,0.655233480847309,"Noise (LM.MAE)","Exaggerated curvature (g-fact)",22,1.55176419650397,0.00668223816676349,2.02480412471644,4.33677647348263,0.829977337613751,22,10,218,1.24175817057262,0.700944186550361,5.32741191056918,1.27535707998231,0.00249136453567151,0.0064063659488696,0.0976793116771491,0.0233839627583708,0.0743247748047993,0.0177929976800431,0.0623753172886566,0.0149323543693718,0.263506693590588,0.05043021823398,0.193180915814503,0.0369711888924612,0.159726024981948,0.030568552880865,FALSE,FALSE,FALSE,FALSE,FALSE,FALSE,FALSE,FALSE,FALSE,FALSE,FALSE,FALSE,FALSE,FALSE,FALSE,FALSE,FALSE,FALSE,0.947928899487591,0.999753640525712,0.00590793172669132,26.3798083626989
"LGR2","2 7 stem 1","07-18-2023","Swamp Rd","HB JG NH","LGR #2",2,"bg",7,"stem","24","0","28.6","63","na","na","na","na","25.6","C5","0.76","13:37:30","na","13:44:00","",1.94779822984827,"HM","",1.46819038709597,0.993168504248615,1.27975401719572e-38,8.06553915887521,1.94779822984827,0.999162859183603,2.82341528455489,"Noise (LM.MAE)","Noise (HM.MAE)",36,1.5371310307044,0.00154153541761186,1.32666597395516,1.7714978391706,"HM","",1.51630505090058,0.9978181420644,4.78054769083842e-47,4.6968622116026,1.7714978391706,0.99959656878719,2.01966496999605,"Noise (LM.MAE)","Noise (HM.MAE)",36,1.5371310307044,0.00396394821671622,1.16829910849302,1.49718697490164,1.01071203788685,36,10,358,1.24175817057262,0.700944186550361,5.32741191056918,1.27535707998231,0.00150278173392888,0.0038642958872457,0.0589197940604066,0.0141051185392591,0.0448324251051139,0.0107326693956493,0.0376245571963824,0.00900714009112145,0.0526177535486488,0.0355208786943105,0.0391923330558257,0.0264577260398596,0.0326098883660935,0.0220140886063494,FALSE,FALSE,FALSE,FALSE,FALSE,FALSE,FALSE,FALSE,FALSE,FALSE,FALSE,FALSE,FALSE,FALSE,FALSE,FALSE,FALSE,FALSE,0.99959656878719,0.999162859183603,0.0043396559679954,408.211584566898
"LGR2","5 4 branch 1","07-19-2023","Swamp Rd","HB JG NH","LGR #2",5,"rm",4,"branch","16","50","25.3","50.9","17.5","43","2.353 s","2.358 s","22.7","A?","na","16:37:30","na","16:39:30","",5.07275539778408,"HM","",4.30764545706236,0.99777627336825,1.47333860172568e-29,7.05579033418156,5.07275539778408,0.999862805283048,1.75256309597253,"Noise (LM.MAE)","Noise (HM.MAE)",23,1.85744089291625,0.00295501960236676,1.17761673943414,0.588785538353462,"HM","",0.403049920436395,0.987057338550236,1.59308100784162e-21,1.60093485376462,0.588785538353462,0.998600462406093,0.526446385852945,"Noise (LM.MAE)","",23,1.85744089291625,0.00759862183465739,1.46082534321298,2.35887544378829,0.6468444884265,23,10,229,1.24175817057262,0.700944186550361,5.32741191056918,1.27535707998231,0.00283888346078903,0.00729998604202893,0.111304539504803,0.0266457775134671,0.0846922924763164,0.0202749321139056,0.0710760123927455,0.017015259406197,0.162517752916793,0.044565181693893,0.119368155846579,0.0327328150820009,0.0987692534916929,0.0270842394054086,FALSE,FALSE,FALSE,FALSE,FALSE,FALSE,FALSE,FALSE,FALSE,FALSE,FALSE,FALSE,FALSE,FALSE,FALSE,FALSE,FALSE,FALSE,0.998600462406093,0.999862805283048,0.00524661748541866,112.221929650829
"LGR2","5 4 stem 1","07-19-2023","Swamp Rd","HB JG NH","LGR #2",5,"rm",4,"stem","26","0","25.3","50.9","17.5","43","2.353 s","2.358 s","22.7","C5","0.76","16:34:00","na","16:36:30","",6.05257577356664,"HM","",5.00416983363075,0.996476016454404,2.67638717867163e-16,7.43964987710287,6.05257577356664,0.999589695022285,2.53856889464171,"Noise (LM.MAE)","Noise (HM.MAE)",14,1.54899358788543,0.00413853248671681,1.20950646656515,0.30986085815773,"HM","AICc",0.252513189877419,0.983600443878638,2.73255277688977e-12,0.814720127037707,0.30986085815773,0.987431652714771,0.713233091861058,"","",14,1.54899358788543,0.0106419406801289,1.22710761488598,2.88378392136585,0.560811568518888,14,10,140,1.24175817057262,0.700944186550361,5.32741191056918,1.27535707998231,0.00387248396971357,0.00995781592212062,0.151829073275486,0.0363471582073245,0.115527653566193,0.0276567709392017,0.0969538631732249,0.0232102938359796,0.292382458419423,0.0568598305506687,0.208557339962485,0.0405582984508394,0.170601690330248,0.033177035504368,FALSE,FALSE,FALSE,FALSE,FALSE,FALSE,FALSE,FALSE,FALSE,FALSE,FALSE,FALSE,FALSE,FALSE,FALSE,FALSE,FALSE,FALSE,0.987431652714771,0.999589695022285,0.00620495374034092,49.9376580591083
"LGR2","5 16 leaf 1","07-19-2023","Swamp Rd","HB JG NH","LGR #2",5,"rm",16,"leaf","na","na","na","na","17.5","43","2.353 s","2.358 s","na","Leaf B","na","15:14:15","na","15:17:15","sunlit, top of canopy",-2.74880415271111,"HM","",-1.40604176200298,0.96089546315884,6.72216779211244e-13,7.89790831901796,-2.74880415271111,0.999692651727862,0.700186773630633,"Noise (LM.MAE)","Noise (HM.MAE)",18,1.79952407239269,0.00370490250198496,1.95499467156317,0.019428367801274,"HM","AICc",0.0111335649499657,0.269508790787866,0.0158800299602411,0.474557663202897,0.019428367801274,0.286054878837,0.469152363869413,"","",18,1.79952407239269,0.00952689214796132,1.74502667282089,2.6243388327012,0.493702622447697,18,10,179,1.24175817057262,0.700944186550361,5.32741191056918,1.27535707998231,0.00351862248791867,0.00904788639750514,0.137955171854847,0.0330258121764902,0.104970918664525,0.0251295388001538,0.0880943719638253,0.0210893737666055,0.231177135719053,0.0434900999567072,0.167788523218216,0.0315651442935802,0.138185061314198,0.0259960056620031,FALSE,FALSE,FALSE,FALSE,FALSE,FALSE,FALSE,FALSE,FALSE,FALSE,TRUE,TRUE,TRUE,TRUE,TRUE,TRUE,TRUE,FALSE,0.286054878837,0.999692651727862,0.00496329471339682,3.91440946451021
"LGR2","5 6 stem 1","07-19-2023","Swamp Rd","HB JG NH","LGR #2",5,"rm",6,"stem","24","0","25.8","48","17.5","43","2.353 s","2.358 s","22.3","C5","0.76","16:21:15","na","16:24:15","",3.36440081672167,"HM","",2.37614625331643,0.989836179484721,1.35266335462664e-18,8.2918374069997,3.36440081672167,0.999725511578453,1.36264993182343,"Noise (LM.MAE)","Noise (HM.MAE)",19,1.54523387621407,0.00298802130759627,1.41590645442212,0.120043024540851,"HM","",0.0672203845519418,0.948073872160304,1.44497393405148e-12,0.541087820550114,0.120043024540851,0.977126487260775,0.359121347524203,"","",19,1.54523387621407,0.00768348336239042,1.78581282063469,2.3753982700121,0.449119872785328,19,10,190,1.24175817057262,0.700944186550361,5.32741191056918,1.27535707998231,0.00284648345618381,0.0073195288873298,0.111602513690549,0.0267171111166917,0.0849190228235406,0.0203292102809468,0.0712662904983196,0.0170608110799146,0.167969811831085,0.0317582872201756,0.122276445300286,0.0231189785103391,0.100820625707662,0.019062296695085,FALSE,FALSE,FALSE,FALSE,FALSE,FALSE,FALSE,FALSE,FALSE,FALSE,FALSE,FALSE,FALSE,FALSE,FALSE,FALSE,FALSE,FALSE,0.977126487260775,0.999725511578453,0.00365260653636233,32.8650303135041
"LGR2","5 8 stem 1","07-19-2023","Swamp Rd","HB JG NH","LGR #2",5,"rm",8,"stem","18","0","27.3","45.6","17.5","43","2.353 s","2.358 s","22.8","C5","0.76","16:06:30","na","16:09:30","more lichen (dry, dead?)",4.45030443966335,"HM","",3.9187405401928,0.998614558552745,5.9304273974762e-26,5.01383752523675,4.45030443966335,0.999908824113264,1.28622268910763,"Noise (LM.MAE)","Noise (HM.MAE)",19,1.54140859463771,0.00299718337846222,1.13564661758505,0.272383048188114,"HM","",0.209509497180621,0.988169954333796,4.91924638535039e-18,0.787194532461569,0.272383048188114,0.993776241759092,0.570972531536797,"","",19,1.54140859463771,0.00770704297318857,1.30009881104955,1.56689805133198,0.661398794989084,19,10,189,1.24175817057262,0.700944186550361,5.32741191056918,1.27535707998231,0.0028544603604402,0.00734004092684624,0.111915265399872,0.0267919823887949,0.0851569974771919,0.020386180281481,0.0714660051233171,0.0171086218115123,0.111109423098898,0.0469000765474649,0.0808839704456014,0.0341416983326882,0.0666912788478529,0.0281508624181098,FALSE,FALSE,FALSE,FALSE,FALSE,FALSE,FALSE,FALSE,FALSE,FALSE,FALSE,FALSE,FALSE,FALSE,FALSE,FALSE,FALSE,FALSE,0.993776241759092,0.999908824113264,0.00539410469354074,50.4964333588637
"LGR2","5 8 stem 2","07-19-2023","Swamp Rd","HB JG NH","LGR #2",5,"rm",8,"stem","18","0","27.3","45.6","17.5","43","2.353 s","2.358 s","22.8","C5","0.76","16:11:30","na","16:14:30","",5.79610433938026,"HM","",5.19698981067814,0.998731956911135,1.40654696328563e-33,8.04038641448564,5.79610433938026,0.999659881338739,4.16413830919971,"Noise (LM.MAE)","Noise (HM.MAE)",24,1.55079080658903,0.00237020428954655,1.11528106664191,1.19685788743809,"HM","",1.00712795872059,0.9972676581208,6.54402321495704e-30,2.28883743908163,1.19685788743809,0.999602740812545,0.872739041554832,"Noise (LM.MAE)","",24,1.55079080658903,0.00609481103026255,1.18838711315146,2.39306262171771,0.731280348851657,24,10,238,1.24175817057262,0.700944186550361,5.32741191056918,1.27535707998231,0.0022805747155721,0.00586433498289969,0.0894148428525133,0.0214054882186264,0.0680362908492348,0.0162875645223079,0.057097855190411,0.0136689550369525,0.131858785651168,0.0402938635600471,0.0970138523694262,0.0296458283875723,0.0803264160238493,0.0245464238999982,FALSE,FALSE,FALSE,FALSE,FALSE,FALSE,FALSE,FALSE,FALSE,FALSE,FALSE,FALSE,FALSE,FALSE,FALSE,FALSE,FALSE,FALSE,0.999602740812545,0.999659881338739,0.00476496992453096,251.178476757312
"LGR2","4 14.2 stem 1","07-19-2023","Swamp Rd","HB JG NH","LGR #2",4,"hem",14.2,"stem","13","0","24.4","69.3","na","38.4","33.3","17.1","20.9","B5","na","9:54:45","9:52:00","10:04:00","dbh est",1.02831759289555,"LM","g-fact. > 2",1.02831759289555,0.959737707136279,6.35291676796225e-27,14.4184470927288,2.08459093949087,0.999794035926992,1.0312523997639,"Noise (LM.MAE)","Noise (HM.MAE) | Exaggerated curvature (g-fact)",38,1.57024090631777,0.00148938839352634,2.02718591405312,0.0272260879554307,"LM","g-fact. > 2",0.0272260879554307,0.638607591667547,1.09218033316529e-09,1.39227798704803,0.0638453927557436,0.697787933098523,1.27318743697554,"Noise (LM.MAE)","Noise (HM.MAE) | Exaggerated curvature (g-fact)",38,1.57024090631777,0.00382985586906773,2.34500795194149,2.08354041277141,0.66185181334102,38,10,378,1.24175817057262,0.700944186550361,5.32741191056918,1.27535707998231,0.00145392676510905,0.00373866882456612,0.0570043298005591,0.0136465655033275,0.0433749368477196,0.0103837536370666,0.0364013944927184,0.0087143207559029,0.0706129375877043,0.0224307148070115,0.0526605936690042,0.0167280217834052,0.0438375932636425,0.013925331333245,FALSE,FALSE,FALSE,FALSE,FALSE,FALSE,FALSE,FALSE,FALSE,FALSE,FALSE,FALSE,FALSE,FALSE,FALSE,FALSE,FALSE,FALSE,0.638607591667547,0.959737707136279,0.00274938304557847,9.90261724324495
"LGR2","4 14.2 stem 2","07-19-2023","Swamp Rd","HB JG NH","LGR #2",4,"hem",14.2,"stem","13","0","24.4","69.3","na","38.4","33.3","17.1","20.9","B5","na","10:12:00","na","10:17:00","dbh est",2.99070289289915,"HM","",1.99468732611817,0.986450161947095,2.5787813366238e-21,9.58439789084168,2.99070289289915,0.999808630164923,1.13902832449494,"Noise (LM.MAE)","Noise (HM.MAE)",23,1.57012183731968,0.00249792110482677,1.49933418322726,0.0223825058969393,"LM","g-fact. > 2",0.0223825058969393,0.388758371712526,0.000881926909302432,1.11194112415014,0.106145001061329,0.639344443562744,0.854125414130495,"Noise (LM.MAE)","Exaggerated curvature (g-fact)",23,1.57012183731968,0.00642322569812598,4.74231980771391,2.41286634187769,0.588420734711948,23,10,229,1.24175817057262,0.700944186550361,5.32741191056918,1.27535707998231,0.00239974953302135,0.00617078451348346,0.0940873482089221,0.0225240637835698,0.071591628232622,0.0171386953865523,0.0600815883795048,0.0143832465750142,0.140523001003189,0.0342690542195047,0.103213163994248,0.0251703812744878,0.0854020662875117,0.0208268256383028,FALSE,FALSE,FALSE,FALSE,FALSE,FALSE,FALSE,FALSE,FALSE,FALSE,TRUE,FALSE,FALSE,TRUE,TRUE,FALSE,TRUE,FALSE,0.388758371712526,0.999808630164923,0.0040344639524145,5.54782646739081
"LGR2","4 2 stem 1","07-19-2023","Swamp Rd","HB JG NH","LGR #2",4,"hem",2,"stem","31.2","0","24","68","na","38.4","33.3","17.1","20.7","S6","2.3","12:42:30","na","12:47:30","near standing water",1.66145049536372,"HM","",1.60532611135111,0.999818855403014,3.74554953535914e-54,0.862797221289998,1.66145049536372,0.999905516985774,0.623121756779903,"Noise (LM.MAE)","Noise (HM.MAE)",30,2.11643567544407,0.00256315739240632,1.03496135994784,0.0290078897698113,"LM","g-fact. > 2",0.0290078897698113,0.823680860135167,2.79844140751234e-12,0.533929841562391,0.0856609218073966,0.920946707870742,0.357515146159848,"","Exaggerated curvature (g-fact)",30,2.11643567544407,0.00659097615190196,2.95302148784861,0.449773280325283,0.403676759435493,30,10,298,1.24175817057262,0.700944186550361,5.32741191056918,1.27535707998231,0.00248574659867592,0.00639191982516665,0.0974590483592293,0.0233312327673948,0.0741571751235458,0.0177528751132738,0.0622346632022753,0.0148986824498908,0.0264804799466032,0.0237665392782125,0.0196299863350221,0.0176181414461834,0.0163020213669327,0.0146312541129439,FALSE,FALSE,FALSE,FALSE,FALSE,FALSE,FALSE,FALSE,FALSE,FALSE,FALSE,FALSE,FALSE,FALSE,FALSE,FALSE,FALSE,FALSE,0.823680860135167,0.999905516985774,0.00286696609066084,10.1179744902825
"LGR2","4 1.25 stem 1","07-19-2023","Swamp Rd","HB JG NH","LGR #2",4,"hem",1.25,"stem","33","0","24","68","na","38.4","33.3","17.1","20.7","S6","2.3","12:48:30","na","12:53:00","",1.68054397677821,"LM","MAE | AICc",1.68054397677821,0.999871559357158,2.45674541299137e-52,0.708586276807074,1.70054688730001,0.999806494109916,0.870868058206558,"Noise (LM.MAE)","Noise (HM.MAE)",28,2.11845207201402,0.00275635027957215,1.01190264033444,0.00195212999101964,"HM","AICc | MDF",0.00195218522370689,-0.00556782748363549,0.364889894987031,0.409194925372066,0.00195212999101964,-0.00558197377993652,0.409197804450475,"MDF (LM)","MDF (HM)",28,2.11845207201402,0.00708775786175696,0.999971707250634,0.431989827225386,0.384947178823734,28,10,278,1.24175817057262,0.700944186550361,5.32741191056918,1.27535707998231,0.00266711591800326,0.00685829807486553,0.104570023095198,0.0250335663070823,0.0795679585004838,0.0190481909258803,0.0667755357552441,0.0159857457475939,0.0274417974326156,0.0244534519976701,0.0202998263389165,0.0180892242994893,0.0168441993195276,0.0150099067129509,FALSE,FALSE,FALSE,FALSE,FALSE,FALSE,FALSE,FALSE,FALSE,TRUE,TRUE,TRUE,TRUE,TRUE,TRUE,TRUE,TRUE,TRUE,-0.00558197377993652,0.999871559357158,0.00293342499494637,0.665478065531833
"LGR2","4 1.25 stem 2","07-19-2023","Swamp Rd","HB JG NH","LGR #2",4,"hem",1.25,"stem","33","0","24","68","na","38.4","33.3","17.1","20.7","S6","2.3","12:56:15","na","12:59:15","",1.65058354449738,"HM","",1.61430259218734,0.999912255547812,3.86113861996056e-36,0.377931821748135,1.65058354449738,0.99995085065637,0.28285410676945,"","",19,2.11866567219979,0.00411962769594404,1.02247469122928,-0.0279890736683223,"HM","AICc",-0.0145745598685329,0.562909351171132,0.000130281885934885,0.314261925964691,-0.0279890736683223,0.60979424940797,0.296929155340717,"","",19,2.11866567219979,0.010593328360999,1.92040609944949,0.291529334615195,0.306972620183805,19,10,189,1.24175817057262,0.700944186550361,5.32741191056918,1.27535707998231,0.00392345494851813,0.0100888841533323,0.153827500263529,0.0368255721259052,0.11704826866165,0.0280207989626538,0.0982300035894207,0.0235157957836736,0.0284143069289543,0.0299195079637565,0.0206846719006732,0.0217804082713432,0.0170551373035269,0.0179586050665151,FALSE,FALSE,FALSE,FALSE,FALSE,FALSE,FALSE,FALSE,FALSE,FALSE,TRUE,TRUE,FALSE,TRUE,FALSE,FALSE,TRUE,FALSE,0.60979424940797,0.99995085065637,0.00344112355919922,8.13370202691461
"LGR2","4 0.5 stem 1","07-19-2023","Swamp Rd","HB JG NH","LGR #2",4,"hem",0.5,"stem","36.4","0","24","68","na","38.4","33.3","17.1","20.7","S6","2.3","13:03:00","na","13:07:00","",2.77047008355162,"HM","AICc",2.72849609478088,0.999885853366319,4.23556036616389e-43,0.886725247572467,2.77047008355162,0.999885007699607,0.890340994565881,"Noise (LM.MAE)","Noise (HM.MAE)",23,2.11677944862856,0.00336760366827271,1.01538356197431,0.278261295375868,"HM","",0.253308530990825,0.996049931882098,6.14643997820281e-27,0.485157709000736,0.278261295375868,0.99675147648717,0.439970594528197,"","",23,2.11677944862856,0.0086595522898441,1.09850739841821,0.775674980468418,0.508581338976338,23,10,229,1.24175817057262,0.700944186550361,5.32741191056918,1.27535707998231,0.00323525243240173,0.00831922054046159,0.126845038601966,0.0303660991035257,0.0965171515577206,0.0231057471517559,0.0809997469621857,0.0193909542755747,0.0609026500825199,0.0399316106695496,0.0447325716485997,0.0293294894869,0.0370132442539741,0.024268212584576,FALSE,FALSE,FALSE,FALSE,FALSE,FALSE,FALSE,FALSE,FALSE,FALSE,FALSE,FALSE,FALSE,FALSE,FALSE,FALSE,FALSE,FALSE,0.99675147648717,0.999885007699607,0.00470111146856379,59.1905333954734
"LGR2","4 0.5 stem 2","07-19-2023","Swamp Rd","HB JG NH","LGR #2",4,"hem",0.5,"stem","36.4","0","24","68","na","38.4","33.3","17.1","20.7","S6","2.3","13:11:00","na","13:15:00","",2.17293971482224,"HM","",2.09622091241863,0.999874474341326,1.51140517717213e-48,0.813047270411475,2.17293971482224,0.999971703085454,0.38602824580171,"Noise (LM.MAE)","",26,2.11317004812057,0.0029584380673688,1.03659862467219,0.0216556448761376,"LM","g-fact. > 2",0.0216556448761376,0.669867442770537,1.96851144181721e-07,0.521156482194852,0.0754955144065345,0.836420030517954,0.366850425686334,"","Exaggerated curvature (g-fact)",26,2.11317004812057,0.00760741217323405,3.48618177100434,0.454846911975148,0.402083117443803,26,10,259,1.24175817057262,0.700944186550361,5.32741191056918,1.27535707998231,0.00285563520016293,0.00734306194327611,0.111961327521173,0.0268030094416127,0.085192046421886,0.0203945708321859,0.0714954191249292,0.0171156633836371,0.0311389712627562,0.0275267442950258,0.0229778577227259,0.0203123477857944,0.0190476439799009,0.0168380522539784,FALSE,FALSE,FALSE,FALSE,FALSE,FALSE,FALSE,FALSE,FALSE,FALSE,TRUE,FALSE,FALSE,TRUE,FALSE,FALSE,TRUE,FALSE,0.669867442770537,0.999971703085454,0.00328057915303934,6.60116518026227
"LGR2","4 12 stem 2","07-19-2023","Swamp Rd","HB JG NH","LGR #2",4,"hem",12,"stem","21","0","25","65.2","na","38.4","33.3","17.1","20","B5","na","10:59:30","na","11:07:00","lichen inside, sampled",3.18033725259145,"HM","",1.77411234686696,0.972567399555547,1.03312651323148e-30,21.0329238835926,3.18033725259145,0.999799792174581,1.79682873978753,"Noise (LM.MAE)","Noise (HM.MAE)",39,1.56409927258023,0.00144441885330628,1.79263576977403,-0.0453858300106139,"HM","AICc",-0.0427055742082037,0.962442319356079,3.46925069823812e-28,0.595428655536764,-0.0453858300106139,0.962706660903386,0.59332955811366,"","",39,1.56409927258023,0.00371421990850186,1.06276126365479,3.08715863974099,0.549962400111419,39,10,388,1.24175817057262,0.700944186550361,5.32741191056918,1.27535707998231,0.00141091429227598,0.00362806532299538,0.0553179331774598,0.0132428501704356,0.0420917475306439,0.0100765642160189,0.0353245080708728,0.00845651926701995,0.101378999028062,0.0180601789971649,0.0756473094123537,0.01347620278104,0.0629871521969888,0.0112208569240697,FALSE,FALSE,FALSE,FALSE,FALSE,FALSE,FALSE,FALSE,FALSE,FALSE,FALSE,FALSE,FALSE,FALSE,FALSE,FALSE,FALSE,FALSE,0.962706660903386,0.999799792174581,0.00221699945866172,20.4717370738605
"LGR2","2 9.1 stem 2","07-18-2023","Swamp Rd","HB JG NH","LGR #2",2,"bg",9.1,"stem","19.5","0","29.5","62.3","na","na","na","na","25.5","C5","0.76","13:19:45","na","13:29:45","",2.64686210676455,"HM","",1.99583782669522,0.993708101199522,5.68407451203874e-47,12.6161048187319,2.64686210676455,0.999673164234901,2.87540624415265,"Noise (LM.MAE)","Noise (HM.MAE)",43,1.53472515590411,0.00128198998703207,1.32619097171203,0.877353333043568,"HM","",0.743400766351266,0.997767773392629,3.37244799206315e-56,2.79342596437182,0.877353333043568,0.999786324540784,0.86426186065307,"Noise (LM.MAE)","",43,1.53472515590411,0.00329654568093961,1.18018890046316,2.18123804663451,0.72193531035297,43,10,428,1.24175817057262,0.700944186550361,5.32741191056918,1.27535707998231,0.0012550322536599,0.00322722579512546,0.0492062421676392,0.0117797404032755,0.037441325141481,0.0089632752084315,0.0314217505743029,0.00752221767963383,0.0633818478933917,0.0209778084974545,0.0473875035464709,0.0156840800262303,0.0394878779195613,0.0130695012610036,FALSE,FALSE,FALSE,FALSE,FALSE,FALSE,FALSE,FALSE,FALSE,FALSE,FALSE,FALSE,FALSE,FALSE,FALSE,FALSE,FALSE,FALSE,0.999786324540784,0.999673164234901,0.00258872028442557,338.913917552993
"LGR2","5 6 branch 1","07-19-2023","Swamp Rd","HB JG NH","LGR #2",5,"rm",6,"branch","7","50","25.8","48","17.5","43","2.353 s","2.358 s","22.3","A","na","16:26:00","na","16:28:00","",1.16070562941203,"LM","g-fact. > 2",1.16070562941203,0.939137725929312,5.59451369623095e-12,8.38918679927731,2.67735358215525,0.998424904553036,1.34958180709861,"Noise (LM.MAE)","Noise (HM.MAE) | Exaggerated curvature (g-fact)",19,1.85670299388229,0.00361025582143778,2.30666028863106,0.0159063983585073,"LM","g-fact. > 2",0.0159063983585073,0.0808765097678831,0.126369969662401,1.1941009673934,0.0495421197059443,0.245366709933195,1.0819871358468,"Noise (LM.MAE)","Exaggerated curvature (g-fact)",19,1.85670299388229,0.00928351496941144,3.11460323005475,2.55148000879766,0.75744464195146,19,10,189,1.24175817057262,0.700944186550361,5.32741191056918,1.27535707998231,0.0034383388775598,0.00884144282801091,0.13480748002311,0.0322722697189897,0.102575821048339,0.0245561638193319,0.0860843426816738,0.0206081823139833,0.21793500040409,0.0646972336763695,0.158649443405501,0.0470974377387757,0.130811262242979,0.0388332612253321,FALSE,FALSE,FALSE,FALSE,FALSE,FALSE,FALSE,FALSE,FALSE,FALSE,TRUE,TRUE,TRUE,TRUE,TRUE,TRUE,TRUE,FALSE,0.0808765097678831,0.939137725929312,0.00744100388577447,2.13766833113967
"LGR2","4 12 stem 1","07-19-2023","Swamp Rd","HB JG NH","LGR #2",4,"hem",12,"stem","21","0","25","65.2","na","38.4","33.3","17.1","20","C5","0.76","10:43","na","10:53:00","",0.675809913418582,"LM","g-fact. > 2",0.675809913418582,0.956163305368985,2.59456594868712e-28,10.6720242639959,1.41721369063193,0.999676810914444,0.916339160354783,"Noise (LM.MAE)","Noise (HM.MAE) | Exaggerated curvature (g-fact)",41,1.5738988473601,0.00138061302400008,2.097059635398,-0.0273347861830706,"HM","AICc",-0.0219431235224182,0.897971869619834,3.80927799021314e-21,0.545041079114563,-0.0273347861830706,0.901559506411288,0.535372627526769,"","",41,1.5738988473601,0.00355014777600022,1.24571081027476,1.6122647568417,0.502391683695295,41,10,408,1.24175817057262,0.700944186550361,5.32741191056918,1.27535707998231,0.00135015832494126,0.0034718356927061,0.0529358646425013,0.0126725942897076,0.0402792172784287,0.00964265309207173,0.0338033847324687,0.00809236957262307,0.0505253122593231,0.0157440002254444,0.0377401649953186,0.0117600691539509,0.0314370645855935,0.0097959840284127,FALSE,FALSE,FALSE,FALSE,FALSE,FALSE,FALSE,FALSE,FALSE,FALSE,FALSE,FALSE,FALSE,FALSE,FALSE,FALSE,FALSE,FALSE,0.901559506411288,0.956163305368985,0.0019380237546356,14.1044639508097
"LGR3","321071 11 stem 1","08-17-2023","EMS","JG","LGR #3",321071,"rm",11,"stem","17.5","0","20.4","85.4","17.5","sat","sat","sat","19.1","B7","","11:27:02","11:26:46","11:29:04","",4.37092924421334,"LM","MAE | AICc",4.37092924421334,0.999599291736631,2.03658472746706e-265,2.48361458389608,4.42653961023419,0.999502296410717,2.77060105892997,"Noise (LM.MAE)","Noise (HM.MAE)",157,1.57665086743589,0.00353735771540102,1.01272277882202,0.112097453195656,"HM","AICc",0.111361061776502,0.847145696628881,2.54929080534822e-65,1.34168922860797,0.112097453195656,0.847002972630415,1.34231604042788,"Noise (LM.MAE)","Noise (HM.MAE)",157,1.57665086743589,0.00909606269674549,1.00661264725216,0.747681126825522,1.41069988539967,157,1,156,0.545055439971845,1.21393806531847,0.999548362336116,1.56945432837912,0.00353735771540103,0.00909606269674552,0.0260214700152307,0.0408579617405829,0.0197998927896244,0.0310890684343586,0.0166165938380274,0.0260907686958327,0.0591211495945713,0.111547818937017,0.0447817260468079,0.0844926714553456,0.0375127898710954,0.070777884412917,FALSE,FALSE,FALSE,FALSE,FALSE,FALSE,FALSE,FALSE,FALSE,FALSE,FALSE,FALSE,FALSE,FALSE,FALSE,FALSE,FALSE,FALSE,0.847002972630415,0.999599291736631,0.0142575717820968,7.86231028038143
"LGR3","321071 11 stem 2","08-17-2023","EMS","JG","LGR #3",321071,"rm",11,"stem","17.5","0","20.5","84.4","17.5","sat","sat","sat","19","B7","","11:34:04","11:33:48","11:36:11","",3.74968023998404,"HM","",3.46257900323201,0.99935430125658,5.0140966381907e-219,2.20110814216668,3.74968023998404,0.999790586247359,1.25351348207479,"Noise (LM.MAE)","Noise (HM.MAE)",138,1.57538135650332,0.00402469689617636,1.08291543282739,0.087770231805934,"HM","AICc",0.0872321104696371,0.739263886917158,9.63052282682605e-42,1.29391694734226,0.087770231805934,0.739142788314054,1.29421998006402,"Noise (LM.MAE)","Noise (HM.MAE)",138,1.57538135650332,0.0103492205901678,1.00616884463072,1.14089507863474,1.3535460341935,138,1,137,0.545055439971845,1.21393806531847,0.999548362336116,1.56945432837912,0.00402469689617636,0.0103492205901678,0.0296064288743758,0.0464869331946469,0.0225277095126897,0.0353721866148875,0.0189058497968025,0.0296852747834321,0.102821096108992,0.12198587712053,0.0778326711859671,0.0923398701487258,0.0651820219675763,0.0773312717243934,FALSE,FALSE,FALSE,FALSE,FALSE,FALSE,FALSE,FALSE,FALSE,FALSE,FALSE,FALSE,FALSE,TRUE,TRUE,FALSE,TRUE,FALSE,0.739142788314054,0.999790586247359,0.0155646072075726,5.63909070337679
"LGR3","321071 1.25 stem 1","08-16-2023","EMS","JG","LGR #3",321071,"rm",1.25,"stem","26.5","0","19.7","95.6","17.5","sat","sat","sat","19.5","C5","","14:47:06","14:46:50","14:50:07","",4.37108599758837,"HM","",3.91343967456551,0.999112682105126,6.53651958622915e-309,4.28490892973646,4.37108599758837,0.999961680198989,0.890458324888004,"Noise (LM.MAE)","Noise (HM.MAE)",203,1.57984003548311,0.00273734659613411,1.1169422199088,2.89297709850499,"HM","",2.67016897757915,0.99931843056322,1.99997773436537e-320,2.56207973056649,2.89297709850499,0.999762915658915,1.51108544459964,"Noise (LM.MAE)","Noise (HM.MAE)",203,1.57984003548311,0.007038891247202,1.08344345350302,0.616771441576838,1.38841808520388,203,1,202,0.545055439971845,1.21393806531847,0.999548362336116,1.56945432837912,0.0027373465961341,0.00703889124720198,0.0201364374494769,0.0316174985664073,0.015321936171602,0.0240579445175291,0.012858574179205,0.020190063495448,0.0376327340679764,0.0847152851987833,0.0285350185902522,0.0642353604619667,0.023913370859255,0.0538315400828116,FALSE,FALSE,FALSE,FALSE,FALSE,FALSE,FALSE,FALSE,FALSE,FALSE,FALSE,FALSE,FALSE,FALSE,FALSE,FALSE,FALSE,FALSE,0.999762915658915,0.999961680198989,0.0108588043415539,266.417646686413
"LGR3","321071 1.25 stem 2","08-16-2023","EMS","JG","LGR #3",321071,"rm",1.25,"stem","26.5","0","19.9","94.4","17.7","sat","sat","sat","19.3","C5","","14:51:47","14:51:31","14:54:52","",2.76930702774887,"HM","",2.42058335048062,0.998503633351747,0,5.46539702340643,2.76930702774887,0.999779667608512,2.09720980821966,"Noise (LM.MAE)","Noise (HM.MAE)",321,1.57789893326181,0.0017312370741117,1.14406596542069,1.66656738027325,"HM","",1.52909277981339,0.999113405552788,0,2.65672652501297,1.66656738027325,0.999628120073732,1.72062297028172,"Noise (LM.MAE)","Noise (HM.MAE)",321,1.57789893326181,0.00445175247628723,1.08990599018893,0.80336689897465,1.5372085440039,321,1,319,0.545055439971845,1.21393806531847,0.999548362336116,1.56945432837912,0.0017312370741117,0.00445175247628724,0.0127353061911484,0.0199965126031692,0.00969037095445366,0.0152154665158187,0.00813241566511681,0.0127692220274018,0.0308920139136927,0.0591105605548656,0.0234543078447876,0.0448788249288359,0.0196659080236312,0.0376298822843019,FALSE,FALSE,FALSE,FALSE,FALSE,FALSE,FALSE,FALSE,FALSE,FALSE,FALSE,FALSE,FALSE,FALSE,FALSE,FALSE,FALSE,FALSE,0.999628120073732,0.999779667608512,0.00760363549148805,219.180335793174
"LGR3","321071 1.25 stem 3","08-17-2023","EMS","JG","LGR #3",321071,"rm",1.25,"stem","26.5","0","21.7","81.3","18","sat","sat","sat","20","C5","","12:38:18","12:38:02","12:39:30","",2.45320992908795,"HM","",2.41381379813121,0.999818327263231,9.33031585288088e-238,0.760086886492905,2.45320992908795,0.999822756840608,0.750987665776207,"Noise (LM.MAE)","Noise (HM.MAE)",128,1.57548420045091,0.00430796461060795,1.01632111432424,2.01077860228396,"HM","",1.93715073864234,0.998777717435887,1.33867217195809e-185,1.58302641743904,2.01077860228396,0.99887280986175,1.52020075662999,"Noise (LM.MAE)","Noise (HM.MAE)",128,1.57548420045091,0.0110776232844205,1.0380083295393,0.704582925247398,1.52620579976358,128,1,128,0.545055439971845,1.21393806531847,0.999548362336116,1.56945432837912,0.00430796461060796,0.0110776232844205,0.0316901995671933,0.0497587938233298,0.0241132631455858,0.037861765014286,0.0202364883515754,0.0317745948383573,0.0680452140874861,0.147393580890441,0.051486905979784,0.111526424644249,0.0431111544612957,0.0933836055567627,FALSE,FALSE,FALSE,FALSE,FALSE,FALSE,FALSE,FALSE,FALSE,FALSE,FALSE,FALSE,FALSE,FALSE,FALSE,FALSE,FALSE,FALSE,0.99887280986175,0.999822756840608,0.0187852587825318,107.040239666741
"LGR3","300607 0.5 stem 1","08-17-2023","EMS","JG","LGR #3",300607,"ro",0.5,"stem","24","0","20.4","90.2","18.2","19.5","23.1","25.4","19.6","C5","","17:39:59","17:39:43","17:42:19","",2.20646673123498,"HM","",1.86379900768549,0.997892231079903,2.3034732966585e-244,2.8470525982559,2.20646673123498,0.99987898608572,0.682184184748648,"Noise (LM.MAE)","Noise (HM.MAE)",183,1.57398208773765,0.00302688863026471,1.18385444038573,2.15444953916308,"HM","",1.99657920688181,0.999017841267373,2.23153385400685e-274,2.08074493986535,2.15444953916308,0.999413843038908,1.60744073352238,"Noise (LM.MAE)","Noise (HM.MAE)",183,1.57398208773765,0.00778342790639497,1.07907040789422,0.636988310838291,1.524223593602,183,1,182,0.545055439971845,1.21393806531847,0.999548362336116,1.56945432837912,0.00302688863026471,0.00778342790639497,0.0222663632204769,0.0349618302129617,0.0169426094806416,0.0266026665496036,0.0142186860952935,0.0223256615457476,0.0430228696781926,0.102947686656393,0.0326093969225928,0.0780297084213947,0.0273235371674713,0.0653813881710205,FALSE,FALSE,FALSE,FALSE,FALSE,FALSE,FALSE,FALSE,FALSE,FALSE,FALSE,FALSE,FALSE,FALSE,FALSE,FALSE,FALSE,FALSE,0.999413843038908,0.99987898608572,0.0131818716155861,163.44033700159
"LGR3","300607 0.5 stem 2","08-17-2023","EMS","JG","LGR #3",300607,"ro",0.5,"stem","24","0","20.4","90.4","18.2","19.5","23.1","25.4","19.7","C5","","17:43:28","17:43:12","17:46:29","",1.71663813977051,"HM","",1.11847118244104,0.985856790544251,0,8.60838148235362,1.71663813977051,0.999414294504508,1.75181067096613,"Noise (LM.MAE)","Noise (HM.MAE)",353,1.57382277069568,0.00156933894513814,1.53480766131497,-0.015880105365419,"HM","AICc",-0.0158835038564347,0.269081716844814,6.32789999181244e-26,1.67574467514737,-0.015880105365419,0.26898478048495,1.67585719300552,"Noise (LM.MAE)","Noise (HM.MAE)",353,1.57382277069568,0.00403544300178379,0.999786036440923,0.599164759631262,1.47596404553131,353,1,351,0.545055439971845,1.21393806531847,0.999548362336116,1.56945432837912,0.00156933894513814,0.0040354430017838,0.0115443530426258,0.0181265214708973,0.00878416755224731,0.0137925790342559,0.00737190579624559,0.011575097210184,0.0208737585116249,0.0514197748833259,0.0158512824085758,0.0390475616840669,0.0132920276591206,0.0327431722271906,FALSE,FALSE,FALSE,FALSE,FALSE,FALSE,FALSE,FALSE,FALSE,FALSE,TRUE,FALSE,FALSE,TRUE,TRUE,TRUE,TRUE,FALSE,0.26898478048495,0.999414294504508,0.00661796530935981,2.39954496935179
"LGR3","300607 1.25 stem 1","08-17-2023","EMS","JG","LGR #3",300607,"ro",1.25,"stem","22","0","20.5","90.1","18.2","19.5","23.1","25.4","19.9","C5","","17:28:49","17:28:33","17:31:53","",3.45380373034454,"HM","",3.25639156418278,0.999626089330641,0,2.24749198002018,3.45380373034454,0.999861608489442,1.36731616004069,"Noise (LM.MAE)","Noise (HM.MAE)",196,1.57550872841674,0.00282783617920953,1.06062298168719,1.04013556551702,"LM","MAE | AICc",1.04013556551702,0.995821114421572,6.09048682795672e-233,2.40448270041905,1.04668129003694,0.995642442682948,2.45578524389032,"Noise (LM.MAE)","Noise (HM.MAE)",196,1.57550872841674,0.00727157874653878,1.00629314556383,1.19122242836101,1.60436340819214,196,1,195,0.545055439971845,1.21393806531847,0.999548362336116,1.56945432837912,0.00282783617920953,0.0072715787465388,0.0208020958765102,0.0326626911142574,0.0158284396659109,0.0248532378034132,0.0132836453112509,0.0208574946605587,0.0751119288615951,0.101162324781005,0.0569463829162924,0.0766965856288504,0.0477206584449261,0.0642711859692017,FALSE,FALSE,FALSE,FALSE,FALSE,FALSE,FALSE,FALSE,FALSE,FALSE,FALSE,FALSE,FALSE,FALSE,FALSE,FALSE,FALSE,FALSE,0.995821114421572,0.999861608489442,0.0129625054008161,80.2418616891403
"LGR3","300607 1.25 stem 2","08-17-2023","EMS","JG","LGR #3",300607,"ro",1.25,"stem","22","0","20.4","91.2","18.2","19.5","23.1","25.4","20","C5","","17:33:18","17:33:02","17:36:26","",1.9709034342725,"HM","",1.6569841913947,0.99777201319003,0,4.17549470074579,1.9709034342725,0.999884166689315,0.952068866954223,"Noise (LM.MAE)","Noise (HM.MAE)",293,1.57540217525937,0.00188832452513965,1.18945216526995,0.0822934408972875,"HM","",0.0426513934256549,0.690593793535045,2.53638666755525e-76,1.52126214752948,0.0822934408972875,0.715125782329184,1.4597084476366,"Noise (LM.MAE)","Noise (HM.MAE)",293,1.57540217525937,0.00485569163607339,1.92944319722478,0.637880653984961,1.4544145602389,293,1,292,0.545055439971845,1.21393806531847,0.999548362336116,1.56945432837912,0.00188832452513966,0.0048556916360734,0.0138908710860687,0.0218109383922495,0.0105696472219929,0.0165960739940854,0.0088703275702142,0.01392786434733,0.026769683151851,0.06103683613197,0.0203201715954798,0.0463314779189329,0.0170365368857831,0.0388445505408197,FALSE,FALSE,FALSE,FALSE,FALSE,FALSE,FALSE,FALSE,FALSE,FALSE,FALSE,FALSE,FALSE,FALSE,FALSE,FALSE,FALSE,FALSE,0.715125782329184,0.999884166689315,0.00784687623948377,10.487414148729
"LGR3","300607 12 leaf 1","08-17-2023","EMS","JG","LGR #3",300607,"ro",12,"leaf","na","100","21.7","80.5","18.2","19.5","23.1","25.4","20.1","Leaf B","","16:00:10","15:59:54","16:02:58","",-0.481144229698678,"LM","MAE | AICc",-0.481144229698678,0.996058952081403,5.93312927430903e-215,1.10501345179645,-0.523573331994866,0.993234522414057,1.44812459903389,"Noise (LM.MAE)","Noise (HM.MAE)",179,1.40718313741932,0.00276693313537507,1.08818374964771,0.0118572269311267,"HM","AICc",0.0106224736452702,0.0686268302185884,0.000233161764926475,1.37726912067831,0.0118572269311267,0.0686741293087725,1.37723414844301,"Noise (LM.MAE)","Noise (HM.MAE)",179,1.40718313741932,0.0071149709195359,1.11623971280986,0.466514721950291,1.40260427173757,179,1,178,0.545055439971845,1.21393806531847,0.999548362336116,1.56945432837912,0.00276693313537507,0.00711497091953589,0.0203540816080988,0.0319592354744617,0.015487542918818,0.0243179741829467,0.0129975557426187,0.0204082872697882,0.0288097814446028,0.0866183222537862,0.0218345849242415,0.06564697885273,0.018294625725394,0.0550038808743357,FALSE,FALSE,FALSE,FALSE,FALSE,FALSE,FALSE,FALSE,FALSE,FALSE,TRUE,TRUE,TRUE,TRUE,TRUE,TRUE,TRUE,FALSE,0.0686741293087725,0.996058952081403,0.0110883206722551,1.06934379709955
"LGR3","300607 12 stem 1","08-17-2023","EMS","JG","LGR #3",300607,"ro",12,"stem","15","0","21.7","80.5","18.2","19.5","23.1","25.4","20.1","B7","","16:05:33","16:05:17","16:08:08","",2.15254880737371,"HM","",1.93669296342582,0.998940598569898,1.07657119804848e-232,1.81599091757019,2.15254880737371,0.99972567185354,0.924099168054292,"Noise (LM.MAE)","Noise (HM.MAE)",157,1.56474116131738,0.00351063722090437,1.11145589312519,0.123545665992895,"HM","",0.0870853106954784,0.736455537012277,5.89867151490645e-47,1.49828683316455,0.123545665992895,0.743387183351411,1.47845185557556,"Noise (LM.MAE)","Noise (HM.MAE)",157,1.56474116131738,0.0090273528537541,1.41867399916516,0.672926728590328,1.48751345192048,157,1,156,0.545055439971845,1.21393806531847,0.999548362336116,1.56945432837912,0.00351063722090438,0.00902735285375412,0.025824909021891,0.0405493288485571,0.0196503283494729,0.0308542278135218,0.0164910754031038,0.0258936842340845,0.0528081804488835,0.11673318275485,0.0399999236501559,0.0884203613520341,0.0335071660520579,0.0740680346322117,FALSE,FALSE,FALSE,FALSE,FALSE,FALSE,FALSE,FALSE,FALSE,FALSE,FALSE,FALSE,FALSE,FALSE,FALSE,FALSE,FALSE,FALSE,0.743387183351411,0.99972567185354,0.01492034311688,8.28035019202226
"LGR3","300607 12 stem 2","08-17-2023","EMS","JG","LGR #3",300607,"ro",12,"stem","15","0","21.7","80.6","18.2","19.5","23.1","25.4","20.1","B7","","16:09:29","16:09:13","16:13:47","",2.18645728304907,"HM","",1.77864896981823,0.996551318106976,1.6948370793242e-312,4.85635643484911,2.18645728304907,0.999599193048075,1.65558548035946,"Noise (LM.MAE)","Noise (HM.MAE)",254,1.56800907666186,0.00216918251712115,1.22927981864376,0.364346983440117,"HM","",0.332330975024426,0.991216642275304,2.43902558849257e-261,1.45196368495011,0.364346983440117,0.991802277119076,1.40272354093937,"Noise (LM.MAE)","Noise (HM.MAE)",254,1.56800907666186,0.00557789790116867,1.09633771998935,0.541226155614663,1.43120964789031,254,1,253,0.545055439971845,1.21393806531847,0.999548362336116,1.56945432837912,0.00216918251712115,0.00557789790116867,0.0159569154064,0.0250549657183397,0.0121417127516201,0.0190644738664063,0.0101896465518941,0.0159994108220508,0.0261183448193549,0.0690669264679824,0.0198183250805131,0.0524072566819026,0.0166132590071042,0.0439318320580146,FALSE,FALSE,FALSE,FALSE,FALSE,FALSE,FALSE,FALSE,FALSE,FALSE,FALSE,FALSE,FALSE,FALSE,FALSE,FALSE,FALSE,FALSE,0.991802277119076,0.999599193048075,0.00887015699011082,41.0755958261304
"LGR3","300607 16 leaf 1","08-17-2023","EMS","JG","LGR #3",300607,"ro",16,"leaf","na","100","23.2","73.4","18.2","19.5","23.1","25.4","22.2","Leaf B","","15:50:19","15:50:03","15:53:43","",-2.26484490292109,"HM","",-1.45140019335235,0.988925265070172,1.24104828763344e-249,6.38339284059129,-2.26484490292109,0.998237588871825,2.59950984223411,"Noise (LM.MAE)","Noise (HM.MAE)",255,1.75938482581211,0.00243393157721043,1.560455147584,0.0186477123137638,"LM","g-fact. > 2",0.0186477123137638,0.190430495508344,1.68686717812083e-13,1.58478025381254,0.0449405667154898,0.203300326306131,1.5721330609161,"Noise (LM.MAE)","Noise (HM.MAE) | Exaggerated curvature (g-fact)",255,1.75938482581211,0.00625868119854112,2.40997747923853,0.574817474977934,1.55415738646752,255,1,253,0.545055439971845,1.21393806531847,0.999548362336116,1.56945432837912,0.00243393157721043,0.0062586811985411,0.0179044593877959,0.0281129281406548,0.0136236106617745,0.0213912958361528,0.0114332944819153,0.0179521413754676,0.031124043831951,0.0841513432068545,0.023616858129526,0.063853859885814,0.0197975732255246,0.0535275039502963,FALSE,FALSE,FALSE,FALSE,FALSE,FALSE,FALSE,FALSE,FALSE,FALSE,TRUE,TRUE,FALSE,TRUE,TRUE,TRUE,TRUE,FALSE,0.190430495508344,0.998237588871825,0.010807750682509,1.72540178447518
"LGR3","300607 16 stem 1","08-17-2023","EMS","JG","LGR #3",300607,"ro",16,"stem","8.5","0","23.1","73.6","18.2","19.5","23.1","25.4","22.2","A10","","15:36:59","15:36:43","15:40:42","",3.26891516821951,"HM","",2.43211400718526,0.993717335549236,2.04529147541604e-244,6.54653436277063,3.26891516821951,0.999911485961666,0.777043974092579,"Noise (LM.MAE)","Noise (HM.MAE)",222,1.87785627682499,0.00297398052890835,1.34406329578386,0.056208424594909,"LM","g-fact. > 2",0.056208424594909,0.555669059011994,7.70141769753325e-41,1.69846086752615,0.119129434876546,0.578185471455151,1.6548667649707,"Noise (LM.MAE)","Noise (HM.MAE) | Exaggerated curvature (g-fact)",222,1.87785627682499,0.0076473785029072,2.1194231244712,0.617556683755566,1.6770072987466,222,1,221,0.545055439971845,1.21393806531847,0.999548362336116,1.56945432837912,0.00297398052890835,0.0076473785029072,0.0218771612556846,0.0343507195040918,0.0166464633685316,0.0261376687415962,0.0139701524434233,0.0219354230836847,0.0409041747250196,0.111077414215494,0.0310250109566411,0.084250031109005,0.026003275711736,0.0706132478312902,FALSE,FALSE,FALSE,FALSE,FALSE,FALSE,FALSE,FALSE,FALSE,FALSE,FALSE,FALSE,FALSE,TRUE,TRUE,TRUE,TRUE,FALSE,0.555669059011994,0.999911485961666,0.0142496772951702,3.94454017663686
"LGR3","300607 16 stem 2","08-17-2023","EMS","JG","LGR #3",300607,"ro",16,"stem","8.5","0","23.1","73.6","18.2","19.5","23.1","25.4","22.2","A10","","15:42:07","15:41:51","15:45:08","",3.37523684372322,"HM","",2.7291814853967,0.996771919337962,2.03244810455676e-297,5.66579900134096,3.37523684372322,0.999957074853362,0.653348454566751,"Noise (LM.MAE)","Noise (HM.MAE)",239,1.87577692285162,0.00275849547478179,1.23672128870265,0.0585092037322324,"HM","AICc",0.0581032044978761,0.608428483937434,2.24743346450598e-50,1.69813367726427,0.0585092037322324,0.608333128347591,1.69834208989423,"Noise (LM.MAE)","Noise (HM.MAE)",239,1.87577692285162,0.00709327407801033,1.00698755323162,0.612391473756276,1.6910398399644,239,1,238,0.545055439971845,1.21393806531847,0.999548362336116,1.56945432837912,0.00275849547478179,0.00709327407801033,0.0202920125865886,0.0318617769640603,0.0154403142276357,0.0242438174171585,0.0129579201755368,0.020346052950111,0.0375994787553169,0.103826096968882,0.0285250320454445,0.0787681861885382,0.0239101780098829,0.0660248637155983,FALSE,FALSE,FALSE,FALSE,FALSE,FALSE,FALSE,FALSE,FALSE,FALSE,FALSE,FALSE,FALSE,TRUE,TRUE,TRUE,TRUE,FALSE,0.608333128347591,0.999957074853362,0.0133277878463358,4.39001613822346
"LGR3","300607 2 stem 1","08-17-2023","EMS","JG","LGR #3",300607,"ro",2,"stem","21","0","21","88.1","18.2","19.5","23.1","25.4","19.9","C5","","17:23:46","17:23:30","17:26:45","",1.8624298090172,"LM","MAE | AICc",1.8624298090172,0.99965826730084,0,1.17557393772738,1.89033960421566,0.999584271399034,1.29671627526231,"Noise (LM.MAE)","Noise (HM.MAE)",188,1.57531518649053,0.0029484508838058,1.01498568969597,0.103239546390021,"HM","",0.0759228017033092,0.766616416775546,6.87439667541728e-61,1.42895331306507,0.103239546390021,0.771831535159886,1.41289763499923,"Noise (LM.MAE)","Noise (HM.MAE)",188,1.57531518649053,0.00758173084407207,1.35979632039213,0.649536024521219,1.347943349569,188,1,187,0.545055439971845,1.21393806531847,0.999548362336116,1.56945432837912,0.0029484508838058,0.00758173084407207,0.021689360374919,0.0340558414208521,0.0165035645506408,0.0259132942373603,0.0138502279750409,0.0217471220638706,0.0427212905289446,0.0886569447721446,0.0323842195513611,0.0672050382539078,0.0271360166940319,0.0563137560591433,FALSE,FALSE,FALSE,FALSE,FALSE,FALSE,FALSE,FALSE,FALSE,FALSE,FALSE,FALSE,FALSE,FALSE,FALSE,FALSE,FALSE,FALSE,0.771831535159886,0.99965826730084,0.0113552707438768,9.09177321427511
"LGR3","300607 2 stem 2","08-17-2023","EMS","JG","LGR #3",300607,"ro",2,"stem","21","0","21","88","18.2","19.5","23.1","25.4","20.1","C5","","17:20:53","17:20:37","17:22:53","",1.85852593449856,"HM","",1.75512437450541,0.998485484368215,7.65084578482814e-218,1.93643073503177,1.85852593449856,0.998716516748886,1.78262580867279,"Noise (LM.MAE)","Noise (HM.MAE)",155,1.57429887645958,0.00355486843071517,1.05891409263933,0.0437734912926682,"HM","AICc",0.0378006759550898,0.364737180755357,5.37377651988343e-17,1.40531724977533,0.0437734912926682,0.365360390202315,1.40462775413482,"Noise (LM.MAE)","Noise (HM.MAE)",155,1.57429887645958,0.00914109025041045,1.15800816219992,1.02109665885478,1.40182265293294,155,1,155,0.545055439971845,1.21393806531847,0.999548362336116,1.56945432837912,0.00355486843071518,0.00914109025041047,0.026150282137202,0.0410602178294259,0.0198979067067299,0.0312429663068768,0.0166988497102344,0.02621992386184,0.0811537392401345,0.111412714017325,0.0614667832368111,0.0843852816450506,0.0514882925127648,0.070686211906895,FALSE,FALSE,FALSE,FALSE,FALSE,FALSE,FALSE,FALSE,FALSE,FALSE,FALSE,FALSE,FALSE,TRUE,TRUE,TRUE,TRUE,FALSE,0.365360390202315,0.998716516748886,0.0142379859839221,3.07441595616813
"LGR3","300607 3 stem 1","08-17-2023","EMS","JG","LGR #3",300607,"ro",3,"stem","21","0","21.7","81.7","18.2","19.5","23.1","25.4","20","C5","","17:04:12","17:03:56","17:06:47","",1.90790026081811,"HM","",1.8504815018688,0.999555521327149,0,1.43741573949695,1.90790026081811,0.99961861396154,1.33149434922395,"Noise (LM.MAE)","Noise (HM.MAE)",202,1.57297645224218,0.00273901372280977,1.03102909101838,0.0496427735262945,"HM","AICc",0.0481789261902582,0.542481567249899,5.07288723401146e-36,1.62643166137315,0.0496427735262945,0.542513107591664,1.62637559926044,"Noise (LM.MAE)","Noise (HM.MAE)",202,1.57297645224218,0.00704317814436798,1.03038356085928,1.14868531332769,1.65524013303509,202,1,201,0.545055439971845,1.21393806531847,0.999548362336116,1.56945432837912,0.00273901372280977,0.00704317814436797,0.0201487011474946,0.0316367545770828,0.0153312676930654,0.0240725965316816,0.0128664054388838,0.0202023598533459,0.0701338686763395,0.101061964291845,0.0531780664237594,0.0766288806172821,0.0445648125407405,0.0642172972725874,FALSE,FALSE,FALSE,FALSE,FALSE,FALSE,FALSE,FALSE,FALSE,FALSE,FALSE,FALSE,FALSE,TRUE,TRUE,TRUE,TRUE,FALSE,0.542513107591664,0.99961861396154,0.0129535012540817,3.83238265489433
"LGR3","300607 3 stem 2","08-17-2023","EMS","JG","LGR #3",300607,"ro",3,"stem","21","0","21.8","82.6","18.2","19.5","23.1","25.4","19.9","C5","","17:08:36","17:08:20","17:10:36","",1.86323373021658,"LM","MAE | AICc",1.86323373021658,0.99880946381269,2.24160563653203e-224,1.81066068330399,1.88140165676253,0.998700248901537,1.89265072120761,"Noise (LM.MAE)","Noise (HM.MAE)",154,1.57418427785643,0.00357769154058279,1.00975075013473,0.0939673650987293,"HM","",0.0620188286537247,0.588730680800252,2.39658543939134e-31,1.45572933315661,0.0939673650987293,0.596436405213578,1.44202725231355,"Noise (LM.MAE)","Noise (HM.MAE)",154,1.57418427785643,0.0091997782472129,1.51514253233298,0.606058876476622,1.45762580507346,154,1,154,0.545055439971845,1.21393806531847,0.999548362336116,1.56945432837912,0.0035776915405828,0.0091997782472129,0.0263181732346979,0.0413238342982133,0.0200256560509755,0.0314435536609546,0.0168060603395524,0.0263882620759491,0.0484810367355995,0.116601229592336,0.0367189780798061,0.0883124265025373,0.0307576548892298,0.0739749110362457,FALSE,FALSE,FALSE,FALSE,FALSE,FALSE,FALSE,FALSE,FALSE,FALSE,FALSE,FALSE,FALSE,TRUE,FALSE,FALSE,TRUE,FALSE,0.596436405213578,0.99880946381269,0.01489981574899,6.3066125569438
"LGR3","300607 5 stem 1","08-17-2023","EMS","JG","LGR #3",300607,"ro",5,"stem","20","0","22","80.3","18.2","19.5","23.1","25.4","20.4","C5","","16:50:30","16:50:14","16:52:47","",1.50733649414636,"HM","",1.32051866119909,0.99841937501224,3.3077527702335e-205,1.40179351673384,1.50733649414636,0.999636943643543,0.671825753382549,"Noise (LM.MAE)","Noise (HM.MAE)",147,1.57267502219291,0.00377011135457205,1.14147307299514,0.115491825470991,"HM","",0.072677415163514,0.57877852965794,3.13820178607427e-29,1.65007131059291,0.115491825470991,0.586871521311143,1.63414289626288,"Noise (LM.MAE)","Noise (HM.MAE)",147,1.57267502219291,0.00969457205461384,1.58910199559451,0.504451296212384,1.60841201021848,147,1,146,0.545055439971845,1.21393806531847,0.999548362336116,1.56945432837912,0.00377011135457204,0.00969457205461383,0.0277336496504016,0.0435463636635285,0.0211027005554085,0.0331346896009793,0.0177099445810379,0.0278075080960592,0.0425494434511389,0.135666290063631,0.0322191859834439,0.102728897882376,0.026985937967784,0.0860430076407622,FALSE,FALSE,FALSE,FALSE,FALSE,FALSE,FALSE,FALSE,FALSE,FALSE,FALSE,FALSE,FALSE,TRUE,FALSE,FALSE,TRUE,FALSE,0.586871521311143,0.999636943643543,0.0173254068072992,6.66603830752962
"LGR3","300607 5 stem 2","08-17-2023","EMS","JG","LGR #3",300607,"ro",5,"stem","20","0","21.6","83.5","18.2","19.5","23.1","25.4","20.5","C5","","16:55:52","16:55:36","17:01:15","",1.76443157406074,"HM","",1.43051954696556,0.996738614730934,0,5.02017772001417,1.76443157406074,0.999823838836082,1.16673741439053,"Noise (LM.MAE)","Noise (HM.MAE)",336,1.5715907361259,0.0016419604705793,1.23342010796252,0.08632494674787,"HM","",0.0551927050841816,0.840791497722317,1.54373740269344e-135,1.47304139918838,0.08632494674787,0.852299902189328,1.41880338423807,"Noise (LM.MAE)","Noise (HM.MAE)",336,1.5715907361259,0.00422218406720392,1.56406442873573,0.808066503999547,1.44192049085218,336,1,335,0.545055439971845,1.21393806531847,0.999548362336116,1.56945432837912,0.0016419604705793,0.00422218406720391,0.0120785706702352,0.018965330476585,0.00919065695299226,0.0144308338436064,0.00771304245508555,0.0121107375313125,0.0294624080533258,0.052572962338707,0.0223711173811424,0.0399192051588204,0.0187584316271994,0.033472699097949,FALSE,FALSE,FALSE,FALSE,FALSE,FALSE,FALSE,FALSE,FALSE,FALSE,FALSE,FALSE,FALSE,FALSE,FALSE,FALSE,FALSE,FALSE,0.852299902189328,0.999823838836082,0.00676450413627881,12.7614596737253
"LGR3","300607 7 stem 1","08-17-2023","EMS","JG","LGR #3",300607,"ro",7,"stem","20","0","21.9","79.9","18.2","19.5","23.1","25.4","20.7","C5","","16:41:24","16:41:08","16:44:04","",1.70821826550196,"HM","",1.27844568004899,0.992631833701094,3.69100934407185e-179,3.3587461229749,1.70821826550196,0.998504823912485,1.51301641518692,"Noise (LM.MAE)","Noise (HM.MAE)",168,1.57160561109627,0.00329378421487243,1.33616804543193,0.069440908937748,"HM","",0.0479848031222971,0.519550950826137,1.95038264940273e-28,1.40324385318065,0.069440908937748,0.525720675226366,1.39420480714069,"Noise (LM.MAE)","Noise (HM.MAE)",168,1.57160561109627,0.0084697308382434,1.44714377093028,0.600524042906879,1.3673147919475,168,1,167,0.545055439971845,1.21393806531847,0.999548362336116,1.56945432837912,0.00329378421487242,0.00846973083824337,0.0242296974407707,0.0380445858916296,0.0184365222783915,0.0289483538569888,0.0154724172368403,0.024294224389596,0.0441788992422759,0.100589581948327,0.0334737683118631,0.0762153973610863,0.0280437768091829,0.0638520160952423,FALSE,FALSE,FALSE,FALSE,FALSE,FALSE,FALSE,FALSE,FALSE,FALSE,FALSE,FALSE,FALSE,TRUE,TRUE,FALSE,TRUE,FALSE,0.525720675226366,0.998504823912485,0.0128675425099378,5.39659448446489
"LGR3","300607 7 stem 2","08-17-2023","EMS","JG","LGR #3",300607,"ro",7,"stem","20","0","21.8","80","18.2","19.5","23.1","25.4","20.4","C5","","16:45:48","16:45:32","16:47:54","",1.89467732207738,"HM","",1.82826938726656,0.999559224155272,1.1640468338407e-233,0.977242615400162,1.89467732207738,0.999646475583085,0.875191742594024,"Noise (LM.MAE)","Noise (HM.MAE)",140,1.57270747751987,0.00396005479951046,1.03632283911405,0.085100872361674,"HM","AICc",0.0839353799872588,0.68062166584876,3.11395391718486e-36,1.46107109183637,0.085100872361674,0.680582216864933,1.46116209563067,"Noise (LM.MAE)","Noise (HM.MAE)",140,1.57270747751987,0.010182998055884,1.01388559120828,0.650430031549116,1.57980687631361,140,1,139,0.545055439971845,1.21393806531847,0.999548362336116,1.56945432837912,0.00396005479951046,0.010182998055884,0.0291309094286636,0.0457402899301256,0.0221658839110241,0.0348040612714322,0.0186021961797371,0.0292084889653678,0.0576654516927395,0.140061609536922,0.0436544313788839,0.106030729715335,0.0365601152725832,0.0887995921235129,FALSE,FALSE,FALSE,FALSE,FALSE,FALSE,FALSE,FALSE,FALSE,FALSE,FALSE,FALSE,FALSE,TRUE,TRUE,TRUE,TRUE,FALSE,0.680582216864933,0.999646475583085,0.0178746337224153,4.76098552189941
"LGR3","300607 8 leaf 1","08-17-2023","EMS","JG","LGR #3",300607,"ro",8,"leaf","na","150","21.8","80.3","18.2","19.5","23.1","25.4","na","Leaf B","","16:27:55","16:27:39","16:32:00","",-0.964727810797832,"LM","MAE | AICc",-0.964727810797832,0.999264020205677,0,0.966387953466893,-1.15111345366812,0.996544219694365,2.09578573509093,"Noise (LM.MAE)","Noise (HM.MAE)",245,1.90115059056989,0.00272706027335845,1.19320023822693,0.036511576917659,"HM","",0.0184521880667087,0.179867907991011,2.45357828991164e-12,1.44094395514114,0.036511576917659,0.187850477721928,1.43391425721429,"Noise (LM.MAE)","Noise (HM.MAE)",245,1.90115059056989,0.00701244070292172,1.97871259417375,0.592326747217164,1.42380475899463,245,1,244,0.545055439971845,1.21393806531847,0.999548362336116,1.56945432837912,0.00272706027335845,0.00701244070292173,0.0200607693205488,0.0314986872342683,0.0152643598379248,0.0239675402614603,0.012810254596793,0.0201141938520976,0.0359459134329576,0.0864049493842796,0.0272725520454958,0.0655563666080221,0.0228610092743411,0.0549521255846542,FALSE,FALSE,FALSE,FALSE,FALSE,FALSE,FALSE,FALSE,FALSE,FALSE,FALSE,FALSE,FALSE,TRUE,TRUE,TRUE,TRUE,FALSE,0.187850477721928,0.999264020205677,0.0110937182722084,3.29119381092689
"LGR3","300607 9 stem 1","08-17-2023","EMS","JG","LGR #3",300607,"ro",9,"stem","16.5","0","21.5","81.3","18.2","19.5","23.1","25.4","20.4","B7","","16:18:19","16:18:03","16:20:22","",1.77939453409169,"HM","",1.55628917295909,0.998458685523221,1.05141726615872e-225,1.80285039921359,1.77939453409169,0.999724248951005,0.762557590227829,"Noise (LM.MAE)","Noise (HM.MAE)",161,1.57135581198834,0.00341599089562682,1.14335726612323,0.0259977076114635,"HM","AICc",0.0258999435635044,0.215523031644926,3.33053720053251e-10,1.44061656542728,0.0259977076114635,0.215478629688654,1.44065782995997,"Noise (LM.MAE)","Noise (HM.MAE)",161,1.57135581198834,0.00878397658875468,1.00377468189146,0.526543642865412,1.5362581597032,161,1,161,0.545055439971845,1.21393806531847,0.999548362336116,1.56945432837912,0.00341599089562683,0.0087839765887547,0.0251286728158272,0.0394561241889773,0.0191205580394846,0.0300224018235171,0.0160464781438129,0.0251955938571979,0.0401941232169152,0.11727147521537,0.0304488262382344,0.0888383297295438,0.0255075857099042,0.0744216309742542,FALSE,FALSE,FALSE,FALSE,FALSE,FALSE,FALSE,FALSE,FALSE,FALSE,TRUE,TRUE,FALSE,TRUE,TRUE,TRUE,TRUE,FALSE,0.215478629688654,0.999724248951005,0.0149938396767959,1.73389259668402
"LGR3","300607 9 stem 2","08-17-2023","EMS","JG","LGR #3",300607,"ro",9,"stem","16.5","0","21.6","80.5","18.2","19.5","23.1","25.4","20.5","B7","","16:22:15","16:21:59","16:25:06","",2.34365853974827,"HM","",2.14194851112372,0.999233673960521,5.17062985134191e-281,1.95608502196611,2.34365853974827,0.99979635351102,1.00836879982735,"Noise (LM.MAE)","Noise (HM.MAE)",181,1.56945271585166,0.00305171361415601,1.09417127796351,0.123496580439296,"HM","",0.0813814734969254,0.776816446764448,2.07702879170496e-60,1.43733327727239,0.123496580439296,0.78639152584349,1.40616286840767,"Noise (LM.MAE)","Noise (HM.MAE)",181,1.56945271585166,0.0078472635792583,1.51750238884483,0.598988979190093,1.38607266410083,181,1,180,0.545055439971845,1.21393806531847,0.999548362336116,1.56945432837912,0.003051713614156,0.0078472635792583,0.0224489804805701,0.0352485691643617,0.0170815640504358,0.0268208479395485,0.0143353004463277,0.022508765140209,0.0407930078201187,0.0943958486554622,0.0309179100380379,0.0715446718114872,0.0259057748980195,0.0599464892944196,FALSE,FALSE,FALSE,FALSE,FALSE,FALSE,FALSE,FALSE,FALSE,FALSE,FALSE,FALSE,FALSE,FALSE,FALSE,FALSE,FALSE,FALSE,0.78639152584349,0.99979635351102,0.0120854194835599,10.2186424399493
"LGR3","321071 0.5 stem 1","08-16-2023","EMS","JG","LGR #3",321071,"rm",0.5,"stem","35.5","0","20.3","90","18","sat","sat","sat","19.2","C5","","14:05:00","14:10:00","14:39:03","Check times",2.31836899278534,"HM","",1.38736483615149,0.980478628862184,0,15.2162783634806,2.31836899278534,0.99980290354239,1.52894792839745,"Noise (LM.MAE)","Noise (HM.MAE)",428,1.57947693311821,0.00129769231594219,1.67105935826976,5.39049349142233,"HM","",3.51956678910852,0.986793121689927,0,31.6490901744886,5.39049349142233,0.999929248670225,2.31647941390776,"Noise (LM.MAE)","Noise (HM.MAE)",428,1.57947693311821,0.00333692309813707,1.53157868977042,0.708107111398384,1.73764027275388,428,1,426,0.545055439971845,1.21393806531847,0.999548362336116,1.56945432837912,0.00129769231594219,0.00333692309813706,0.00954606924294528,0.0149888892392675,0.00726366140967504,0.0114051358281966,0.00609585681619308,0.00957149171151006,0.0203793683265309,0.0500093990971684,0.0154813067462947,0.0379899335060955,0.0129836445997725,0.0318608631102919,FALSE,FALSE,FALSE,FALSE,FALSE,FALSE,FALSE,FALSE,FALSE,FALSE,FALSE,FALSE,FALSE,FALSE,FALSE,FALSE,FALSE,FALSE,0.999929248670225,0.99980290354239,0.00644263551378401,836.690742459258
"LGR3","321071 0.5 stem 2","08-16-2023","EMS","JG","LGR #3",321071,"rm",0.5,"stem","35.5","0","20.3","90","17.8","sat","sat","sat","19.3","C5","","14:41:50","14:41:34","14:44:53","",2.72255532500792,"HM","",2.27647664534908,0.997591669719369,0,5.62044117905049,2.72255532500792,0.999808253856094,1.5858996503935,"Noise (LM.MAE)","Noise (HM.MAE)",277,1.57985445963755,0.00200343862635197,1.19595135340843,0.9175646445629,"HM","",0.833785871450868,0.998239025267958,0,1.75970523067447,0.9175646445629,0.998874285079876,1.40694646906244,"Noise (LM.MAE)","Noise (HM.MAE)",277,1.57985445963755,0.00515169932490506,1.10047996251873,0.717718811516373,1.38201150945027,277,1,276,0.545055439971845,1.21393806531847,0.999548362336116,1.56945432837912,0.00200343862635197,0.00515169932490505,0.0147376721093253,0.0231405544281558,0.0112139832055023,0.0176077868199519,0.00941107137357525,0.0147769205158037,0.0319686476923442,0.0615575882134623,0.0242631515985321,0.0467201837636982,0.0203411888591861,0.0391682044112836,FALSE,FALSE,FALSE,FALSE,FALSE,FALSE,FALSE,FALSE,FALSE,FALSE,FALSE,FALSE,FALSE,FALSE,FALSE,FALSE,FALSE,FALSE,0.998874285079876,0.999808253856094,0.0079107864002733,115.989055719062
"LGR3","321071 0.5 stem 3","08-17-2023","EMS","JG","LGR #3",321071,"rm",0.5,"stem","35.5","0","21.8","81.8","18","sat","sat","sat","20","C5","","12:45:09","12:44:53","12:47:10","",2.66639402686783,"HM","MAE",2.62040960117704,0.999582505801042,5.30990146179541e-193,1.1163270757762,2.66639402686783,0.999598942922369,1.09429628799831,"Noise (LM.MAE)","Noise (HM.MAE)",115,1.57277663714674,0.00482870020176631,1.01754856403752,1.6689085153475,"HM","",1.56216041409347,0.997733971138086,1.70304046791354e-151,1.55186455453546,1.6689085153475,0.99803159294888,1.44636715563931,"Noise (LM.MAE)","Noise (HM.MAE)",115,1.57277663714674,0.0124166576616848,1.06833363609202,0.663475889463743,1.40227022913867,115,1,114,0.545055439971845,1.21393806531847,0.999548362336116,1.56945432837912,0.00482870020176631,0.0124166576616848,0.0355208287151008,0.0557735077912937,0.0270280118665837,0.0424383969899675,0.022682622588328,0.0356154254677979,0.0719476058534611,0.152062776279114,0.0544042229807264,0.11498446806704,0.0455418886743098,0.0962537383511388,FALSE,FALSE,FALSE,FALSE,FALSE,FALSE,FALSE,FALSE,FALSE,FALSE,FALSE,FALSE,FALSE,FALSE,FALSE,FALSE,FALSE,FALSE,0.99803159294888,0.999598942922369,0.019346121538208,86.2657929679321
"LGR3","321902 6 stem 1","08-17-2023","EMS","JG","LGR #3",321902,"hem",6,"stem","37","0","21.5","83.3","18.2","27.4","33.7","37.4","20","C5","","14:53:21","14:53:05","14:56:23","",1.54866039089138,"HM","",1.14857165162051,0.992914599269147,4.74483094762624e-244,4.00636596031108,1.54866039089138,0.999234298260538,1.31703775601857,"Noise (LM.MAE)","Noise (HM.MAE)",227,1.57423353589583,0.00243797229010416,1.34833589938111,0.0236440093599769,"HM","AICc",0.0199494052391898,0.253597209822954,3.22062234623914e-16,1.40413139908427,0.0236440093599769,0.254245904747354,1.40352110476413,"Noise (LM.MAE)","Noise (HM.MAE)",227,1.57423353589583,0.00626907160312498,1.18519871026176,0.812093715014816,1.39483558801773,227,1,226,0.545055439971845,1.21393806531847,0.999548362336116,1.56945432837912,0.00243797229010416,0.00626907160312499,0.0179341836333667,0.0281596000653228,0.013646228018719,0.0214268087838906,0.0114522755662085,0.0179819447807093,0.0440862576544863,0.0757216562350502,0.0334409444926256,0.0574374836460701,0.0280289751074518,0.0481419955021123,FALSE,FALSE,FALSE,FALSE,FALSE,FALSE,FALSE,FALSE,FALSE,FALSE,TRUE,FALSE,FALSE,TRUE,TRUE,TRUE,TRUE,FALSE,0.254245904747354,0.999234298260538,0.0097159157509668,2.43353379815219
"LGR3","321902 6 stem 2","08-17-2023","EMS","JG","LGR #3",321902,"hem",6,"stem","37","0","21.5","81.7","18.2","27.4","33.7","37.4","19.9","C5","","15:00:13","14:59:57","15:03:37","",1.39489834156636,"HM","",1.31976526279346,0.999604923456803,0,1.13089882544217,1.39489834156636,0.99981319897348,0.777629557504629,"Noise (LM.MAE)","Noise (HM.MAE)",237,1.57391841507072,0.00233420103929979,1.05692912284559,0.0194889512886363,"HM","AICc",0.0194417254350163,0.234570169175755,1.45993553210529e-15,1.50338504136379,0.0194889512886363,0.234509439478356,1.50344548512171,"Noise (LM.MAE)","Noise (HM.MAE)",237,1.57391841507072,0.00600223124391376,1.00242909785851,0.571883936170353,1.51511234303222,237,1,236,0.545055439971845,1.21393806531847,0.999548362336116,1.56945432837912,0.0023342010392998,0.00600223124391376,0.0171708227554176,0.0269609986977886,0.0130653821428196,0.0205147858059119,0.0109648143407936,0.0172165509698922,0.0297136873375183,0.0787215230131307,0.0225418655592014,0.059720961865845,0.0188947895352385,0.0500586343367902,FALSE,FALSE,FALSE,FALSE,FALSE,FALSE,FALSE,FALSE,FALSE,FALSE,TRUE,TRUE,FALSE,TRUE,TRUE,TRUE,TRUE,FALSE,0.234509439478356,0.99981319897348,0.0101045051593193,1.92873881316808
"LGR3","321902 9 branch 1","08-17-2023","EMS","JG","LGR #3",321902,"hem",9,"branch","7.5","50","22.1","79.8","18.2","27.4","33.7","37.4","20.5","A10","","13:52:51","13:52:35","13:55:16","",0.524839847027861,"LM","g-fact. > 2",0.524839847027861,0.906933974711011,2.21375946750157e-77,3.77128372345891,1.5470946809646,0.996734236689358,0.706457396409898,"Noise (LM.MAE)","Noise (HM.MAE) | Exaggerated curvature (g-fact)",148,1.87843410704705,0.00447246215963583,2.94774623101831,0.0701603675616534,"HM","AICc",0.0701582968557728,0.4087722958543,1.3451324320106e-18,1.88406462120967,0.0701603675616534,0.408634553153495,1.88428745957055,"Noise (LM.MAE)","Noise (HM.MAE)",148,1.87843410704705,0.0115006169819207,1.00002951476837,0.71632162382787,1.67335327070437,148,1,147,0.545055439971845,1.21393806531847,0.999548362336116,1.56945432837912,0.00447246215963583,0.0115006169819207,0.0329002745395297,0.0516588093448979,0.0250340164583558,0.0393074982339562,0.0210092088903116,0.0329878924033821,0.0716697003117796,0.167423017032831,0.0542713781300702,0.12677990595103,0.0454568886756946,0.106188939173776,FALSE,FALSE,FALSE,FALSE,FALSE,FALSE,FALSE,FALSE,FALSE,FALSE,FALSE,FALSE,FALSE,TRUE,TRUE,TRUE,TRUE,FALSE,0.408634553153495,0.906933974711011,0.0213828833797947,3.28114624746773
"LGR3","321902 9 stem 1","08-17-2023","EMS","JG","LGR #3",321902,"hem",9,"stem","34","0","23.5","77","18.2","27.4","33.7","37.4","20.2","C5","","13:35:19","13:35:03","13:39:23","",1.27424702626894,"HM","",1.23366027618041,0.999468309326315,0,1.24431006615136,1.27424702626894,0.999540695726936,1.15650985035391,"Noise (LM.MAE)","Noise (HM.MAE)",239,1.56705207680493,0.00231421192777099,1.03289945447071,0.0332024024034793,"HM","AICc",0.0181481943210703,0.185463421858825,1.97124107609007e-12,1.64807709160377,0.0332024024034793,0.191516430840163,1.64194205233514,"Noise (LM.MAE)","Noise (HM.MAE)",239,1.56705207680493,0.00595083067141111,1.82951547774265,0.671868012755892,1.61810234856716,239,1,237,0.545055439971845,1.21393806531847,0.999548362336116,1.56945432837912,0.00231421192777099,0.00595083067141113,0.0170237790838055,0.0267301160956373,0.0129534957301147,0.0203391058475195,0.0108709163032808,0.017069115701171,0.034607283108691,0.0833469148888431,0.0262549878977134,0.0632315525852066,0.0220073875213018,0.0530017871932597,FALSE,FALSE,FALSE,FALSE,FALSE,FALSE,FALSE,FALSE,FALSE,FALSE,FALSE,FALSE,FALSE,TRUE,TRUE,TRUE,TRUE,FALSE,0.191516430840163,0.999540695726936,0.0106989478725954,3.10333341173902
"LGR3","321902 9 stem 2","08-17-2023","EMS","JG","LGR #3",321902,"hem",9,"stem","34","0","23","76.2","18.2","27.4","33.7","37.4","19.8","C5","","13:40:31","13:40:15","13:43:33","",2.00276285663132,"HM","",1.63470142626571,0.996889490829536,0,4.66700442204513,2.00276285663132,0.999751121860499,1.32012739978307,"Noise (LM.MAE)","Noise (HM.MAE)",280,1.57017842881335,0.00197684334562831,1.22515514114795,0.0289167104951771,"HM","AICc",0.0285929140272366,0.434644528596983,1.63461740726683e-36,1.66284612050118,0.0289167104951771,0.434619340149345,1.66288355838493,"Noise (LM.MAE)","Noise (HM.MAE)",280,1.57017842881335,0.00508331146018709,1.01132436056123,0.943246478833539,1.69761682109109,280,1,278,0.545055439971845,1.21393806531847,0.999548362336116,1.56945432837912,0.00197684334562832,0.0050833114601871,0.0145420322120981,0.0228333678076012,0.0110651196329138,0.0173740466757622,0.00928614112525202,0.014580759603171,0.0414532526802456,0.0746058857552793,0.031462524936292,0.0566249784805963,0.0263771316225452,0.0474724934991979,FALSE,FALSE,FALSE,FALSE,FALSE,FALSE,FALSE,FALSE,FALSE,FALSE,FALSE,FALSE,FALSE,TRUE,TRUE,TRUE,TRUE,FALSE,0.434619340149345,0.999751121860499,0.00958835004628751,3.01581714847523
"LGR3","321071 14 stem 1","08-17-2023","EMS","JG","LGR #3",321071,"rm",14,"stem","16.5","0","83.5","20.7","17.5","sat","sat","sat","19","B7","","11:15:42","11:15:26","11:17:55","",4.4717060557538,"HM","",4.36110911542595,0.999915478516253,2.65050137132432e-291,1.04759041626796,4.4717060557538,0.999958139791018,0.737239603032161,"Noise (LM.MAE)","Noise (HM.MAE)",144,1.57722843935837,0.00386034932710091,1.02535981957815,0.112489557149351,"LM","g-fact. > 2",0.112489557149351,0.764770781321458,1.09996361801572e-46,1.62823997805561,0.283697958370865,0.809540423821898,1.46512334204574,"Noise (LM.MAE)","Noise (HM.MAE) | Exaggerated curvature (g-fact)",144,1.57722843935837,0.00992661255540235,2.52199373488689,0.552422962697384,1.50518367261569,144,1,143,0.545055439971845,1.21393806531847,0.999548362336116,1.56945432837912,0.0038603493271009,0.00992661255540233,0.0283974571828351,0.0445886500042849,0.0216077956929021,0.0339277715364345,0.0181338337827861,0.0284730834373884,0.0477244568991356,0.130034553520869,0.0361340538074182,0.098454248807424,0.030263658632645,0.0824592168020094,FALSE,FALSE,FALSE,FALSE,FALSE,FALSE,FALSE,FALSE,FALSE,FALSE,FALSE,FALSE,FALSE,TRUE,FALSE,FALSE,TRUE,FALSE,0.764770781321458,0.999958139791018,0.016601527936415,6.77585566703222
"LGR3","321071 14 stem 2","08-17-2023","EMS","JG","LGR #3",321071,"rm",14,"stem","16.5","0","20.3","86.4","17.5","sat","sat","sat","19.3","B7","","11:18:45","11:18:29","11:22:16","",4.0402610959604,"LM","MAE | AICc | g-fact. < 0.5 | MDF (HM)",4.0402610959604,0.999936444531819,0,1.20788921025576,-3.29036046381424e-08,0.999936444417182,297.030172221636,"Noise (LM.MAE)","Noise (HM.MAE) | Exaggerated curvature (g-fact) | MDF (HM)",206,1.57684651632166,0.00269217697908576,-8.14393027001167e-09,0.0783118941285594,"HM","AICc",0.078124981758449,0.799364901477575,2.65044123084763e-73,1.46683957301237,0.0783118941285594,0.799153538821205,1.46762250615136,"Noise (LM.MAE)","Noise (HM.MAE)",206,1.57684651632166,0.00692274080336338,1.00239247889604,0.564917910433413,1.37076931242676,206,1,205,0.545055439971845,1.21393806531847,0.999548362336116,1.56945432837912,0.00269217697908576,0.00692274080336339,0.0198041612336716,0.0310957705892896,0.0150691052037268,0.0236609585668418,0.012646391742285,0.0198569023833115,0.0338953030053895,0.0822467129065669,0.0257024416800149,0.0623667928715029,0.0215400214263418,0.0522667095783724,FALSE,FALSE,FALSE,FALSE,FALSE,FALSE,FALSE,FALSE,FALSE,FALSE,FALSE,FALSE,FALSE,TRUE,FALSE,FALSE,TRUE,FALSE,0.799153538821205,0.999936444531819,0.0105438673901501,7.42724573733893
"LGR3","321071 16 leaf 1","08-17-2023","EMS","JG","LGR #3",321071,"rm",16,"leaf","na","50","19.3","89.8","17.5","sat","sat","sat","19.2","Leaf A","","9:43:49","9:43:33","9:47:47","",-0.55605939171902,"HM","",-0.439665081370653,0.995283536541921,4.39108545028339e-272,1.7889576104568,-0.55605939171902,0.999247587209688,0.714529062476491,"Noise (LM.MAE)","Noise (HM.MAE)",234,1.133784016358,0.00170310903744764,1.26473403342724,-0.0119514320391552,"HM","AICc",-0.0119556012582272,0.162111844285512,9.39865707376718e-11,1.58906062033491,-0.0119514320391552,0.162051859678442,1.58911816573526,"Noise (LM.MAE)","Noise (HM.MAE)",234,1.133784016358,0.00437942323915108,0.99965127483077,0.508551832273974,1.45579177220895,234,1,233,0.545055439971845,1.21393806531847,0.999548362336116,1.56945432837912,0.00170310903744764,0.00437942323915107,0.0125283910523558,0.0196716220101556,0.00953292798285192,0.0149682553126752,0.00800028535817246,0.0125617558457163,0.0192811979610061,0.0551947856021938,0.0146268378176623,0.0418711108623357,0.0122601506588143,0.0350961796270327,FALSE,FALSE,FALSE,FALSE,FALSE,FALSE,FALSE,FALSE,FALSE,FALSE,TRUE,TRUE,TRUE,TRUE,TRUE,TRUE,TRUE,FALSE,0.162051859678442,0.999247587209688,0.00708392035397424,1.68712117612251
"LGR3","321071 16 stem 1","08-17-2023","EMS","JG","LGR #3",321071,"rm",16,"stem","7.5","0","19.9","87.7","17.5","sat","sat","sat","19","A10","","9:32:56","9:32:40","9:36:17","",1.98455745379066,"HM","",1.85298385851172,0.999565858030551,0,1.21742588381931,1.98455745379066,0.999887434081478,0.61991208775844,"Noise (LM.MAE)","Noise (HM.MAE)",210,1.90715520291375,0.00319380057904216,1.07100633644192,0.0745845038225953,"HM","AICc",0.0743672971129248,0.612327273346128,6.77184660043115e-45,1.86263254768131,0.0745845038225953,0.612173149001659,1.86300616837927,"Noise (LM.MAE)","Noise (HM.MAE)",210,1.90715520291375,0.00821263006039414,1.00292072884323,0.590799193266118,1.92136859270855,210,1,209,0.545055439971845,1.21393806531847,0.999548362336116,1.56945432837912,0.00319380057904216,0.00821263006039414,0.023494198972396,0.0368897330618886,0.0178768770772469,0.0280696194041204,0.0150027481785466,0.0235567671897041,0.0420454954888487,0.136738329059894,0.0318847698569571,0.103694108061015,0.026721865286282,0.0869035592547336,FALSE,FALSE,FALSE,FALSE,FALSE,FALSE,FALSE,FALSE,FALSE,FALSE,FALSE,FALSE,FALSE,TRUE,TRUE,TRUE,TRUE,FALSE,0.612173149001659,0.999887434081478,0.0175327660684171,4.25400667136882
"LGR3","321071 16 stem 2","08-17-2023","EMS","JG","LGR #3",321071,"rm",16,"stem","7.5","0","19.6","88.6","17.5","sat","sat","sat","19.2","A10","","9:37:57","9:37:41","9:41:07","",0.982555489369581,"LM","g-fact. > 2",0.982555489369581,0.931522022040187,2.76155919701705e-137,9.3831685194354,2.34116647524364,0.990300915936703,3.53133902618439,"Noise (LM.MAE)","Noise (HM.MAE) | Exaggerated curvature (g-fact)",234,1.90143631023016,0.00285623480077493,2.38273207017118,0.0391498716528223,"HM","AICc",0.0389665694206419,0.456060474437032,9.8431285294245e-33,1.49530430795342,0.0391498716528223,0.455960566639977,1.49544279302289,"Noise (LM.MAE)","Noise (HM.MAE)",234,1.90143631023016,0.00734460377342124,1.00470408955435,0.641712883389223,1.43024856481506,234,1,233,0.545055439971845,1.21393806531847,0.999548362336116,1.56945432837912,0.00285623480077492,0.00734460377342122,0.0210110014888321,0.0329907070761015,0.0159873972007736,0.0251028271184671,0.0134170466797519,0.0210669566166727,0.0408028972375872,0.0909414268046712,0.0309533339988479,0.0689887372905392,0.0259449474280918,0.057826053962397,FALSE,FALSE,FALSE,FALSE,FALSE,FALSE,FALSE,FALSE,FALSE,FALSE,FALSE,FALSE,FALSE,TRUE,TRUE,TRUE,TRUE,FALSE,0.455960566639977,0.931522022040187,0.0116717877845233,3.35423093493309
"LGR3","321071 18 leaf 2","08-17-2023","EMS","JG","LGR #3",321071,"rm",18,"leaf","6.5","100","19.2","90.5","17.5","sat","sat","sat","19","Leaf B","","10:01:25","10:01:09","10:04:29","",-0.540285252465277,"HM","",-0.442513357823719,0.995968020773487,0,1.88135321001995,-0.540285252465277,0.998648580287234,1.08919670935393,"Noise (LM.MAE)","Noise (HM.MAE)",323,1.38580395229675,0.00151100119409303,1.22094676446018,0.00965845954293792,"HM","AICc",0.00965136617903286,0.173756537153652,3.14887570380767e-15,1.39604420081162,0.00965845954293792,0.17370044137695,1.39609210460264,"Noise (LM.MAE)","Noise (HM.MAE)",323,1.38580395229675,0.0038854316419535,1.00073495956671,0.478068710137958,1.34076301108992,323,1,321,0.545055439971845,1.21393806531847,0.999548362336116,1.56945432837912,0.00151100119409303,0.0038854316419535,0.0111152095514355,0.0174526960362076,0.00845762969285808,0.0132798612147796,0.00709786658604072,0.0111448108520568,0.0160440717590819,0.0449962474131422,0.0121813933338131,0.0341632097210479,0.0102138805036524,0.0286452405032695,FALSE,FALSE,FALSE,FALSE,FALSE,FALSE,FALSE,FALSE,FALSE,FALSE,TRUE,TRUE,TRUE,TRUE,TRUE,TRUE,TRUE,FALSE,0.17370044137695,0.998648580287234,0.00578827003072181,1.66862628931869
"LGR3","321071 18 stem 1","08-17-2023","EMS","JG","LGR #3",321071,"rm",18,"stem","6.5","0","19.7","88.6","17.5","sat","sat","sat","19","A10","","10:11:02","10:10:46","10:14:06","",3.15105518802299,"HM","",2.59227589572372,0.99732208305671,0,8.70917305472983,3.15105518802299,0.999961655897185,1.04214382356652,"Noise (LM.MAE)","Noise (HM.MAE)",429,1.89800116938918,0.00155573866343376,1.21555548667526,0.0252766920093213,"HM","",0.013154192094954,0.21780776780422,8.27244242374368e-25,1.60948178457402,0.0252766920093213,0.225293634626637,1.60176160314691,"Noise (LM.MAE)","Noise (HM.MAE)",429,1.89800116938918,0.00400047084882966,1.92156932382169,0.6473171345015,1.68581182330339,429,1,427,0.545055439971845,1.21393806531847,0.999548362336116,1.56945432837912,0.00155573866343375,0.00400047084882965,0.0114443068072596,0.0179694325264799,0.0087080417709945,0.0136730491131531,0.00730801902669988,0.0114747845382135,0.0223341383677101,0.0581649280032958,0.0169663248112697,0.0441854995648626,0.0142291009782468,0.0370569314260145,FALSE,FALSE,FALSE,FALSE,FALSE,FALSE,FALSE,FALSE,FALSE,FALSE,FALSE,FALSE,FALSE,TRUE,TRUE,TRUE,TRUE,FALSE,0.225293634626637,0.999961655897185,0.00749337895081953,3.37320348740095
"LGR3","321071 18 stem 2","08-17-2023","EMS","JG","LGR #3",321071,"rm",18,"stem","6.5","0","19.7","88.5","17.5","sat","sat","sat","19.2","A10","","10:23:23","10:23:07","10:26:26","",3.62723125407091,"HM","",3.12153983813037,0.998388520799886,0,5.86339327692365,3.62723125407091,0.999967995088621,0.82631376426246,"Noise (LM.MAE)","Noise (HM.MAE)",309,1.89553971076384,0.00216103875819981,1.1620006285883,0.0164455531437831,"LM","g-fact. > 2",0.0164455531437831,0.168325051175393,3.39631300696865e-14,1.69556264548029,0.0378596057432958,0.174792343102714,1.68895724041627,"Noise (LM.MAE)","Noise (HM.MAE) | Exaggerated curvature (g-fact)",309,1.89553971076384,0.00555695680679952,2.30211811133929,0.720009253598567,1.62611332656989,309,1,307,0.545055439971845,1.21393806531847,0.999548362336116,1.56945432837912,0.00216103875819982,0.00555695680679953,0.0158970083809781,0.0249609018952257,0.0120961291362438,0.0189929001385597,0.0101513915759494,0.0159393442561488,0.0345683379860071,0.0780712675503455,0.026243238574187,0.0592693493376004,0.0220035931420817,0.0496942724859891,FALSE,FALSE,FALSE,FALSE,FALSE,FALSE,FALSE,FALSE,FALSE,FALSE,TRUE,TRUE,FALSE,TRUE,TRUE,TRUE,TRUE,FALSE,0.168325051175393,0.999967995088621,0.0100402683541222,1.63795952097546
"LGR3","321071 2 stem 1","08-16-2023","EMS","JG","LGR #3",321071,"rm",2,"stem","25","0","20","93.7","17.5","sat","sat","sat","19.5","C5","","14:58:57","14:58:41","15:01:59","",3.95355038969628,"HM","",3.37682420732081,0.998247198492248,0,8.27269261660245,3.95355038969628,0.999981619888131,0.847138839989555,"Noise (LM.MAE)","Noise (HM.MAE)",321,1.57513032246041,0.00172279879019107,1.17078951907688,1.58462098682701,"HM","",1.42813321489378,0.998893720595553,0,2.77864489431019,1.58462098682701,0.999645592466649,1.57272252546419,"Noise (LM.MAE)","Noise (HM.MAE)",321,1.57513032246041,0.0044300540319199,1.10957505245396,0.658868572510098,1.46519851584374,321,1,320,0.545055439971845,1.21393806531847,0.999548362336116,1.56945432837912,0.00172279879019107,0.0044300540319199,0.0126732325843247,0.019899046893076,0.00964313877427876,0.0151413042717418,0.00809277716998,0.0127069831101998,0.025212104294384,0.0560669294829096,0.0191419198886632,0.0425679927400684,0.0160500680053036,0.0356923016239351,FALSE,FALSE,FALSE,FALSE,FALSE,FALSE,FALSE,FALSE,FALSE,FALSE,FALSE,FALSE,FALSE,FALSE,FALSE,FALSE,FALSE,FALSE,0.999645592466649,0.999981619888131,0.00721212065852958,219.71637218145
"LGR3","321071 2 stem 2","08-16-2023","EMS","JG","LGR #3",321071,"rm",2,"stem","25","0","20.5","93.6","17.5","sat","sat","sat","19.6","C5","","15:06:48","15:06:32","15:08:50","",3.61887869165295,"HM","",3.27486555454584,0.999228912880679,1.03250995049008e-238,2.53499935986502,3.61887869165295,0.999924451508858,0.793485559046145,"Noise (LM.MAE)","Noise (HM.MAE)",154,1.57478814299234,0.00360245653625698,1.10504649164287,1.31837749118535,"HM","",1.28653623685131,0.99830448447108,1.04993856536747e-212,1.4774242843905,1.31837749118535,0.998333188614663,1.46487818206497,"Noise (LM.MAE)","Noise (HM.MAE)",154,1.57478814299234,0.00926345966466081,1.02474959773536,0.669962574749659,1.50566578026616,154,1,153,0.545055439971845,1.21393806531847,0.999548362336116,1.56945432837912,0.00360245653625699,0.00926345966466082,0.0265003492101605,0.0416098803606052,0.0201642748446444,0.0316612078274924,0.0169223928983793,0.0265709232105795,0.0539639188561042,0.12127785797745,0.0408716497624466,0.0918544509047157,0.0342361406522412,0.0769418880565389,FALSE,FALSE,FALSE,FALSE,FALSE,FALSE,FALSE,FALSE,FALSE,FALSE,FALSE,FALSE,FALSE,FALSE,FALSE,FALSE,FALSE,FALSE,0.998333188614663,0.999924451508858,0.0154974158043952,85.0707955329848
"LGR3","321071 2 stem 3","08-17-2023","EMS","JG","LGR #3",321071,"rm",2,"stem","25","0","21.7","82.6","18","sat","sat","sat","20.2","C5","","12:40:37","12:40:21","12:42:40","",3.18176874989482,"HM","AICc",3.13082558630645,0.999667992541986,6.7620389600325e-291,1.7529858711188,3.18176874989482,0.9996660525326,1.75812060709079,"Noise (LM.MAE)","Noise (HM.MAE)",168,1.57373943054915,0.00327862381364406,1.01627147925812,1.61267018725835,"HM","",1.57730462215851,0.998869306098945,1.00604305558765e-246,1.63044533245193,1.61267018725835,0.998897488244096,1.61005222958835,"Noise (LM.MAE)","Noise (HM.MAE)",168,1.57373943054915,0.00843074694937045,1.02242151871174,1.01815714054629,1.32004741936802,168,1,168,0.545055439971845,1.21393806531847,0.999548362336116,1.56945432837912,0.00327862381364406,0.00843074694937045,0.0241181746721615,0.0378694769139134,0.0183516639340792,0.0288151123843414,0.0154012018693539,0.0241824046208282,0.0745582571537486,0.0966652700540664,0.0564918064620462,0.0732419980825851,0.0473279135234895,0.061360950704755,FALSE,FALSE,FALSE,FALSE,FALSE,FALSE,FALSE,FALSE,FALSE,FALSE,FALSE,FALSE,FALSE,FALSE,FALSE,FALSE,FALSE,FALSE,0.998897488244096,0.9996660525326,0.0123655397265125,130.416481845971
"LGR3","321071 22 leaf 1","08-17-2023","EMS","JG","LGR #3",321071,"rm",22,"leaf","na","100","20.7","84.6","17.5","sat","sat","sat","20.4","Leaf B","","10:56:36","10:56:20","11:00:00","",-0.748339783699342,"LM","MAE | AICc",-0.748339783699342,0.997876866703005,1.51938575852862e-285,1.25989165791167,-0.849737687659572,0.995063857878488,1.92197246683121,"Noise (LM.MAE)","Noise (HM.MAE)",214,1.6794064929066,0.00275958813388409,1.13549714470475,0.0142218690606088,"HM","AICc",0.00803656693036408,0.027739098313031,0.00840497732147472,1.60924512101444,0.0142218690606088,0.0311016874410344,1.60645990309263,"Noise (LM.MAE)","Noise (HM.MAE)",214,1.6794064929066,0.0070960837728448,1.76964482270099,0.547770573207915,1.59851945212882,214,1,213,0.545055439971845,1.21393806531847,0.999548362336116,1.56945432837912,0.00275958813388408,0.00709608377284479,0.0203000503928707,0.0318743976338903,0.0154464302427016,0.0242534205606174,0.0129630528971801,0.0203541121621542,0.0336774308386932,0.098278423351779,0.0255405717818531,0.0745332130068406,0.0214055006296332,0.0624661323784489,FALSE,FALSE,FALSE,FALSE,FALSE,FALSE,FALSE,FALSE,FALSE,FALSE,TRUE,TRUE,TRUE,TRUE,TRUE,TRUE,TRUE,FALSE,0.0311016874410344,0.997876866703005,0.0126035866053645,1.128398566687
"LGR3","321071 22 stem 1","08-17-2023","EMS","JG","LGR #3",321071,"rm",22,"stem","5","0","22.9","73.9","17.5","sat","sat","sat","20","A10","","10:47:10","10:46:54","10:50:45","",1.6964888166899,"HM","",1.49391936205712,0.998788347273972,0,1.89461249082647,1.6964888166899,0.999897671770663,0.55059091868035,"Noise (LM.MAE)","Noise (HM.MAE)",240,1.88975281986867,0.00276742044750641,1.13559597644805,0.0486589381564403,"HM","",0.0297586256305098,0.365581326025875,1.5600107725897e-25,1.42226276419881,0.0486589381564403,0.372202350565131,1.41482167246764,"Noise (LM.MAE)","Noise (HM.MAE)",240,1.88975281986867,0.00711622400787364,1.63512047769279,0.491302718874093,1.36373058904995,240,1,239,0.545055439971845,1.21393806531847,0.999548362336116,1.56945432837912,0.00276742044750642,0.00711622400787365,0.0203576663679773,0.0319648641334836,0.0154902705841355,0.0243222570633958,0.0129998448715139,0.0204118815763653,0.0302614633580482,0.0839980762682494,0.0229582974114824,0.0637263569888126,0.0192441418868861,0.0534168119633173,FALSE,FALSE,FALSE,FALSE,FALSE,FALSE,FALSE,FALSE,FALSE,FALSE,FALSE,FALSE,FALSE,TRUE,TRUE,TRUE,TRUE,FALSE,0.372202350565131,0.999897671770663,0.0107829026200766,4.51260109368351
"LGR3","321071 22 stem 2","08-17-2023","EMS","JG","LGR #3",321071,"rm",22,"stem","5","0","21","81.4","17.5","sat","sat","sat","20.4","A10","","10:52:26","10:52:10","10:55:16","",2.35397385040123,"LM","MAE | AICc",2.35397385040123,0.999912756596986,0,0.577868112623265,2.38835636673944,0.999878558479494,0.682568566607152,"Noise (LM.MAE)","Noise (HM.MAE)",174,1.89123609056448,0.00382620018322293,1.0146061589989,0.0480662959229909,"HM","AICc",0.0480103835756078,0.468471319134459,1.32680654611591e-25,1.33961344489115,0.0480662959229909,0.468328605530617,1.33979616610098,"Noise (LM.MAE)","Noise (HM.MAE)",174,1.89123609056448,0.00983880047114468,1.00116458864144,0.472361845125336,1.36369084058576,174,1,173,0.545055439971845,1.21393806531847,0.999548362336116,1.56945432837912,0.00382620018322294,0.0098388004711447,0.0281462496446216,0.0441942131035539,0.0214166503686118,0.0336276421301336,0.0179734195698649,0.0282212068996547,0.0403511490184419,0.116492246127457,0.0305780884258792,0.0882777886048955,0.0256193697412554,0.073962154687705,FALSE,FALSE,FALSE,FALSE,FALSE,FALSE,FALSE,FALSE,FALSE,FALSE,FALSE,FALSE,FALSE,TRUE,TRUE,TRUE,TRUE,FALSE,0.468328605530617,0.999912756596986,0.0149078689831676,3.22422312520068
"LGR3","321071 4 stem 1","08-16-2023","EMS","JG","LGR #3",321071,"rm",4,"stem","22.5","0","21.2","86.6","17.5","sat","sat","sat","20","C5","","15:42:37","15:42:21","15:49:42","",3.52691196038282,"LM","MAE | AICc",3.52691196038282,0.999949643555904,0,2.17538265581721,3.5820330372691,0.999936132997066,2.4525389555976,"Noise (LM.MAE)","Noise (HM.MAE)",477,1.57419098411074,0.00115993019881844,1.01562870791941,0.181863769623578,"HM","",0.170975120273067,0.989743262541042,0,1.5127742941827,0.181863769623578,0.989999076418197,1.49379007994828,"Noise (LM.MAE)","Noise (HM.MAE)",477,1.57419098411074,0.00298267765410455,1.06368557795497,0.768283935389872,1.50506530661571,477,1,475,0.545055439971845,1.21393806531847,0.999548362336116,1.56945432837912,0.00115993019881844,0.00298267765410456,0.00853266514633302,0.0133976791430316,0.00649255614722275,0.0101943745109921,0.00544872488024393,0.00855538878324952,0.019754777828819,0.0386995346127717,0.015009385538655,0.0294033291694245,0.0125887297287167,0.0246612736467522,FALSE,FALSE,FALSE,FALSE,FALSE,FALSE,FALSE,FALSE,FALSE,FALSE,FALSE,FALSE,FALSE,FALSE,FALSE,FALSE,FALSE,FALSE,0.989999076418197,0.999949643555904,0.00498791628667857,36.4608704659477
"LGR3","321071 4 stem 2","08-16-2023","EMS","JG","LGR #3",321071,"rm",4,"stem","22.5","0","22.2","83.7","17.5","sat","sat","sat","20.2","C5","","15:51:17","15:51:01","15:54:19","",2.44735171356357,"LM","MAE | AICc",2.44735171356357,0.999856439710771,0,1.22748083024325,2.47902517090155,0.999778812011194,1.52577174925057,"Noise (LM.MAE)","Noise (HM.MAE)",230,1.57439440507478,0.00240627965841124,1.01294193113415,0.101753116186077,"LM","MAE | AICc",0.101753116186077,0.896942582922262,1.04749518703489e-114,1.44333196067639,0.102405593064895,0.896783321889192,1.44444776007209,"Noise (LM.MAE)","Noise (HM.MAE)",230,1.57439440507478,0.00618757626448603,1.00641235279344,0.614539110969646,1.41120262688714,230,1,229,0.545055439971845,1.21393806531847,0.999548362336116,1.56945432837912,0.00240627965841124,0.00618757626448603,0.0177010466617479,0.0277935369082013,0.0134688326970616,0.0211482691294823,0.0113034007192552,0.0177481869339237,0.0329241907830899,0.0756057729961548,0.0249751640191414,0.0573519511478099,0.0209336185219539,0.0480711103998291,FALSE,FALSE,FALSE,FALSE,FALSE,FALSE,FALSE,FALSE,FALSE,FALSE,FALSE,FALSE,FALSE,FALSE,FALSE,FALSE,FALSE,FALSE,0.896942582922262,0.999856439710771,0.00970213764278582,10.4877007451793
"LGR3","321071 5 stem 1","08-17-2023","EMS","JG","LGR #3",321071,"rm",5,"stem","21","0","21.2","83.6","17.5","sat","sat","sat","20.1","B7","","11:55:08","11:54:52","11:56:09","",2.74652260465124,"LM","MAE | AICc",2.74652260465124,0.999618047430825,8.67131859515828e-310,1.76956472959265,2.78971387942786,0.999608021988924,1.79297662916506,"Noise (LM.MAE)","Noise (HM.MAE)",182,1.57657193109778,0.00304861975626643,1.01572580349547,0.0834306176497058,"HM","",0.0427608516866128,0.46086902821511,3.74744937784341e-26,1.51950406635006,0.0834306176497058,0.475209828382275,1.49915857155611,"Noise (LM.MAE)","Noise (HM.MAE)",182,1.57657193109778,0.00783930794468511,1.95109812735151,0.573426456070694,1.40528142518781,182,1,181,0.545055439971845,1.21393806531847,0.999548362336116,1.56945432837912,0.00304861975626643,0.00783930794468509,0.0224262214788568,0.0352128338111819,0.0170642465893678,0.0267936566947285,0.0143207671748635,0.0224859455282078,0.0390101964598628,0.095601282252687,0.0295673285310274,0.0724598893845874,0.0247743582907515,0.0607138808444664,FALSE,FALSE,FALSE,FALSE,FALSE,FALSE,FALSE,FALSE,FALSE,FALSE,FALSE,FALSE,FALSE,TRUE,FALSE,FALSE,TRUE,FALSE,0.475209828382275,0.999618047430825,0.012240482045548,6.81595850059275
"LGR3","321071 5 stem 2","08-17-2023","EMS","JG","LGR #3",321071,"rm",5,"stem","21","0","20.8","84.9","17.5","sat","sat","sat","20","B7","","12:01:53","12:01:37","12:04:33","",3.00357260687828,"HM","",2.88582655098873,0.99984824092975,0,1.23163600579878,3.00357260687828,0.99995721917049,0.653927571135414,"Noise (LM.MAE)","Noise (HM.MAE)",190,1.57481576414644,0.00291632548916007,1.04080150134082,0.986027297010002,"HM","",0.807913457109545,0.993895942484092,2.49557365615813e-210,2.19330322296456,0.986027297010002,0.996683020749533,1.616816548444,"Noise (LM.MAE)","Noise (HM.MAE)",190,1.57481576414644,0.0074991226864116,1.22046153376092,0.586366233931442,1.5662089571892,190,1,189,0.545055439971845,1.21393806531847,0.999548362336116,1.56945432837912,0.00291632548916007,0.00749912268641162,0.0214530399174595,0.0336847796705458,0.0163237468954909,0.0256309511233819,0.0136993202417375,0.0215101722531928,0.0381420762412803,0.101879095346871,0.0289141872067881,0.0772310142920198,0.0242287371166625,0.0647159793616904,FALSE,FALSE,FALSE,FALSE,FALSE,FALSE,FALSE,FALSE,FALSE,FALSE,FALSE,FALSE,FALSE,FALSE,FALSE,FALSE,FALSE,FALSE,0.996683020749533,0.99995721917049,0.0130502145805763,75.5564049098158
"LGR3","321071 5 stem 3","08-17-2023","EMS","JG","LGR #3",321071,"rm",5,"stem","21","0","20.7","86.2","17.5","sat","sat","sat","20","B7","","12:06:03","12:05:47","12:08:04","",3.80447888081004,"HM","",3.67253115287311,0.999131172798861,1.61807426941229e-222,2.88712993851119,3.80447888081004,0.999215243690279,2.74389212787532,"Noise (LM.MAE)","Noise (HM.MAE)",146,1.57544264291165,0.0037767460617745,1.03592828010014,1.61025153226925,"HM","",1.03759761451795,0.981953805066874,1.17286271184838e-127,3.74969057959112,1.61025153226925,0.995929587446141,1.78082737932894,"Noise (LM.MAE)","Noise (HM.MAE)",146,1.57544264291165,0.00971163273027729,1.55190365681145,1.08629763710032,1.66757136796043,146,1,146,0.545055439971845,1.21393806531847,0.999548362336116,1.56945432837912,0.0037767460617745,0.00971163273027729,0.0277824558069791,0.0436229973078607,0.021139837453022,0.0331930006011253,0.0177411108479771,0.0278564442300075,0.0917967379701631,0.140916823053969,0.0695077359723032,0.106701060925222,0.0582170387714069,0.089368754627674,FALSE,FALSE,FALSE,FALSE,FALSE,FALSE,FALSE,FALSE,FALSE,FALSE,FALSE,FALSE,FALSE,FALSE,FALSE,FALSE,FALSE,FALSE,0.995929587446141,0.999215243690279,0.0179942674190643,89.4869179593968
"LGR3","321071 6 stem 1","08-16-2023","EMS","JG","LGR #3",321071,"rm",6,"stem","20","0","21.5","86.2","17.5","sat","sat","sat","19.6","C5","","16:00:20","16:00:04","16:04:15","",2.25585651114478,"HM","",2.21162133425137,0.999924446723466,0,0.955289368215792,2.25585651114478,0.999950059682459,0.776669756415941,"Noise (LM.MAE)","Noise (HM.MAE)",273,1.57495918964942,0.00202660189844595,1.02000124352589,0.0455577544191848,"HM","AICc",0.045233467974078,0.733043324935152,6.57057815994194e-80,1.35552050562374,0.0455577544191848,0.732939546111697,1.35578630291353,"Noise (LM.MAE)","Noise (HM.MAE)",273,1.57495918964942,0.00521126202457529,1.00716917051977,0.640292651112392,1.30489815798316,273,1,272,0.545055439971845,1.21393806531847,0.999548362336116,1.56945432837912,0.00202660189844594,0.00521126202457529,0.0149080655042664,0.023408099912991,0.0113436365628998,0.0178113637859336,0.00951987990110121,0.0149477676913131,0.0288526444119783,0.0588008662612699,0.0218973790765396,0.0446262339134982,0.0183575445468989,0.0374121521193867,FALSE,FALSE,FALSE,FALSE,FALSE,FALSE,FALSE,FALSE,FALSE,FALSE,FALSE,FALSE,FALSE,TRUE,FALSE,FALSE,TRUE,FALSE,0.732939546111697,0.999950059682459,0.00755574024070656,6.02955540659568
"LGR3","321071 6 stem 2","08-16-2023","EMS","JG","LGR #3",321071,"rm",6,"stem","20","0","21.3","85.9","17.5","sat","sat","sat","19.7","C5","","16:08:32","16:08:16","16:13:34","",2.09947635646198,"HM","",2.00994160236449,0.999826036018324,0,1.48869282085859,2.09947635646198,0.999955028154355,0.756912678929716,"Noise (LM.MAE)","Noise (HM.MAE)",309,1.57716896392655,0.00179807536604004,1.04454594799777,0.0281571059401169,"HM","AICc",0.028078515131266,0.528985344292393,2.44580964592835e-52,1.48558327304156,0.0281571059401169,0.528849677049522,1.48579920235519,"Noise (LM.MAE)","Noise (HM.MAE)",309,1.57716896392655,0.00462362236981724,1.00279896598818,0.534838714671768,1.39609931566811,309,1,307,0.545055439971845,1.21393806531847,0.999548362336116,1.56945432837912,0.00179807536604004,0.00462362236981725,0.0132269812631125,0.0207685228419201,0.0100644894691464,0.0158028937422902,0.00844638582000537,0.0132622064963274,0.0213652802123658,0.0557701831697931,0.0162198757152986,0.0423390393499228,0.0135995237419213,0.0354990864884576,FALSE,FALSE,FALSE,FALSE,FALSE,FALSE,FALSE,FALSE,FALSE,FALSE,FALSE,FALSE,FALSE,TRUE,TRUE,TRUE,TRUE,FALSE,0.528849677049522,0.999955028154355,0.00717226225156625,3.92583329394684
"LGR3","321071 8 stem 1","08-17-2023","EMS","JG","LGR #3",321071,"rm",8,"stem","18.5","0","21.1","81.6","17.5","sat","sat","sat","19","B7","","11:42:43","11:42:27","11:44:45","",3.19822185949428,"HM","",3.10459697954208,0.999836738587543,0,1.82653205037983,3.19822185949428,0.999896196490062,1.4564364581096,"Noise (LM.MAE)","Noise (HM.MAE)",253,1.5755033399261,0.00218819908323069,1.03015685468006,0.0715249278436501,"HM","",0.0539296035215184,0.731566925559646,7.42692103599402e-74,1.50295935440779,0.0715249278436501,0.735431947380063,1.49209997601517,"Noise (LM.MAE)","Noise (HM.MAE)",253,1.5755033399261,0.0056267976425932,1.32626467048123,0.507267713696262,1.50350254976728,253,1,252,0.545055439971845,1.21393806531847,0.999548362336116,1.56945432837912,0.00218819908323069,0.00562679764259321,0.0160968048506192,0.0252746150139589,0.0122481554697417,0.0192316063344041,0.010278976096899,0.0161396728107077,0.0246949428797234,0.0731939143445135,0.0187380536612614,0.0555381521368649,0.0157076205562464,0.0465561811237887,FALSE,FALSE,FALSE,FALSE,FALSE,FALSE,FALSE,FALSE,FALSE,FALSE,FALSE,FALSE,FALSE,TRUE,FALSE,FALSE,TRUE,FALSE,0.735431947380063,0.999896196490062,0.00939989400295936,7.60912067956638
"LGR3","321071 8 stem 2","08-17-2023","EMS","JG","LGR #3",321071,"rm",8,"stem","18.5","0","21.2","81.7","17.5","sat","sat","sat","18.9","B7","","11:47:47","11:47:31","11:50:00","",6.1207691906692,"HM","",4.89882125124093,0.996389484980743,1.53536728060246e-208,9.15423160928464,6.1207691906692,0.999900001261556,1.52347235815178,"Noise (LM.MAE)","Noise (HM.MAE)",171,1.57622911436018,0.00324517758838861,1.24943713533511,0.0558084183386329,"HM","AICc",0.0556460205488523,0.611795232724665,8.92886055981809e-37,1.37346443055366,0.0558084183386329,0.611641309188921,1.37374038172272,"Noise (LM.MAE)","Noise (HM.MAE)",171,1.57622911436018,0.00834474237014215,1.00291840796842,0.824093843775342,1.264742482411,171,1,170,0.545055439971845,1.21393806531847,0.999548362336116,1.56945432837912,0.00324517758838861,0.00834474237014213,0.0238721379358093,0.0374831590173929,0.018164453103975,0.0285211607770977,0.0152440895880414,0.0239357126554978,0.0597193326364779,0.0916516699852666,0.0452519809027834,0.0694485259091485,0.0379125356682782,0.0581846288960574,FALSE,FALSE,FALSE,FALSE,FALSE,FALSE,FALSE,FALSE,FALSE,FALSE,FALSE,FALSE,FALSE,TRUE,TRUE,TRUE,TRUE,FALSE,0.611641309188921,0.999900001261556,0.0117266113114376,4.7591257914552
"LGR3","321902 0.5 stem 1","08-17-2023","EMS","JG","LGR #3",321902,"hem",0.5,"stem","52","0","22","83","18.2","27.4","33.7","37.4","20","C5","","12:55:36","12:55:20","12:57:40","",1.57838542088881,"HM","",1.35127113256936,0.998010186749075,0,3.41646026705944,1.57838542088881,0.999718081046637,1.28597448596312,"Noise (LM.MAE)","Noise (HM.MAE)",310,1.56999870005239,0.00178408943187771,1.16807455058083,0.190510189306112,"HM","",0.117103755341116,0.939112678213501,1.86706750999615e-189,1.68820994034621,0.190510189306112,0.955373331898269,1.44530747515111,"Noise (LM.MAE)","Noise (HM.MAE)",310,1.56999870005239,0.00458765853911412,1.6268495297283,0.729572685249266,1.38104005422077,310,1,308,0.545055439971845,1.21393806531847,0.999548362336116,1.56945432837912,0.00178408943187772,0.00458765853911413,0.0131240980955845,0.0206069794502459,0.00998620504917633,0.0156799744055215,0.00838068746374105,0.0131590493370626,0.0289170667321245,0.0547383807193855,0.0219531275516623,0.0415560355770509,0.018406613395087,0.0348426837724695,FALSE,FALSE,FALSE,FALSE,FALSE,FALSE,FALSE,FALSE,FALSE,FALSE,FALSE,FALSE,FALSE,FALSE,FALSE,FALSE,FALSE,FALSE,0.955373331898269,0.999718081046637,0.00703971133067171,27.0622160991272
"LGR3","321902 0.5 stem 2","08-17-2023","EMS","JG","LGR #3",321902,"hem",0.5,"stem","52","0","21.5","84.4","18.2","27.4","33.7","37.4","20.1","C5","","13:02:10","13:01:54","13:03:56","",0.668483253550178,"HM","",0.454362925382155,0.973518845666213,8.53671738112426e-89,1.5350560761846,0.668483253550178,0.984359645892658,1.17972037339207,"Noise (LM.MAE)","Noise (HM.MAE)",112,1.57096551125153,0.00490926722266104,1.47125396067017,0.0402105334946699,"LM","g-fact. > 2",0.0402105334946699,0.219029230452782,1.17350376082701e-07,1.53115391063072,0.161074247612974,0.28541484183096,1.46463178266094,"Noise (LM.MAE)","Noise (HM.MAE) | Exaggerated curvature (g-fact)",112,1.57096551125153,0.0126238300011284,4.00577245846105,1.03089779022474,1.48935262060443,112,1,112,0.545055439971845,1.21393806531847,0.999548362336116,1.56945432837912,0.00490926722266103,0.0126238300011284,0.0361134949046978,0.0567040905940839,0.0274789751291199,0.0431464830326211,0.0230610828885456,0.0362096700073096,0.113709393867929,0.164277569852605,0.0859681750091005,0.124199438540334,0.0719591211626732,0.103960360276507,FALSE,FALSE,FALSE,FALSE,FALSE,FALSE,FALSE,FALSE,FALSE,FALSE,TRUE,TRUE,FALSE,TRUE,TRUE,TRUE,TRUE,FALSE,0.219029230452782,0.984359645892658,0.0208903714380504,1.92483573659342
"LGR3","321902 1.25 stem 1","08-17-2023","EMS","JG","LGR #3",321902,"hem",1.25,"stem","48","0","21.9","84","18.2","27.4","33.7","37.4","20.2","C5","","12:48:49","12:48:33","12:51:54","",1.12225090343506,"HM","",0.89006828688692,0.993172799373284,1.28454325160248e-139,1.74087486972918,1.12225090343506,0.996927476443817,1.16786820229799,"Noise (LM.MAE)","Noise (HM.MAE)",129,1.57174365185174,0.00429773654803209,1.26085932952427,0.182512830553081,"HM","AICc",0.154599413856914,0.856246634462724,1.49447439605889e-55,1.49341239593217,0.182512830553081,0.857670073770228,1.48600015043854,"Noise (LM.MAE)","Noise (HM.MAE)",129,1.57174365185174,0.0110513225520825,1.18055318580963,0.696941628377978,1.461814408757,129,1,128,0.545055439971845,1.21393806531847,0.999548362336116,1.56945432837912,0.0042977365480321,0.0110513225520825,0.0316149600112749,0.0496406554208761,0.0240560129156852,0.0377718727944556,0.0201884424440798,0.0316991549093642,0.0671393362719558,0.140822767876765,0.0508037294744286,0.106559316792647,0.0425398817286382,0.0892261410793736,FALSE,FALSE,FALSE,FALSE,FALSE,FALSE,FALSE,FALSE,FALSE,FALSE,FALSE,FALSE,FALSE,FALSE,FALSE,FALSE,FALSE,FALSE,0.857670073770228,0.996927476443817,0.0179499806027283,10.1678567009337
"LGR3","321902 1.25 stem 2","08-17-2023","EMS","JG","LGR #3",321902,"hem",1.25,"stem","48","0","21.9","84.1","18.2","27.4","33.7","37.4","20.1","C5","","12:52:52","12:52:36","12:55:04","",1.9132355693911,"HM","",1.74072354288083,0.998249622158405,2.5745985718026e-123,1.20003417556468,1.9132355693911,0.998879841866556,0.959991481426811,"Noise (LM.MAE)","Noise (HM.MAE)",90,1.56909647209968,0.00610204183594319,1.09910363263357,0.346129061857405,"HM","",0.218119069246463,0.815615974692808,2.79900626636107e-34,1.70523136071272,0.346129061857405,0.828639644152939,1.6439054786722,"Noise (LM.MAE)","Noise (HM.MAE)",90,1.56909647209968,0.0156909647209968,1.58688125276336,0.803545924470018,1.83209043516277,90,1,90,0.545055439971845,1.21393806531847,0.999548362336116,1.56945432837912,0.0061020418359432,0.0156909647209968,0.0448877697537801,0.0704811364671775,0.0341553735499947,0.0536295199665578,0.0286640930684117,0.0450073119324996,0.110653852007684,0.252291571276283,0.0835218896673015,0.190430503753856,0.0698654747196968,0.159293780335562,FALSE,FALSE,FALSE,FALSE,FALSE,FALSE,FALSE,FALSE,FALSE,FALSE,FALSE,FALSE,FALSE,FALSE,FALSE,FALSE,FALSE,FALSE,0.828639644152939,0.998879841866556,0.0319414070931275,10.8363748925725
"LGR3","321902 11 leaf 1","08-17-2023","EMS","JG","LGR #3",321902,"hem",11,"leaf","na","200","22","78.9","18.2","27.4","33.7","37.4","na","Leaf B","","14:02:46","14:02:30","14:05:47","",-0.844478584213519,"LM","MAE | AICc",-0.844478584213519,0.99265670826605,8.85030255656855e-250,1.71242597012616,-0.922035957851517,0.988659612228044,2.12856679796169,"Noise (LM.MAE)","Noise (HM.MAE)",234,2.8470005902003,0.00427661032862707,1.09184054526407,0.014769739062963,"HM","AICc",0.00907074501920995,0.00950842282687769,0.0733037517609258,1.81447869090843,0.014769739062963,0.0125484718193338,1.81169202249911,"Noise (LM.MAE) | MDF (LM)","Noise (HM.MAE)",234,2.8470005902003,0.0109969979878982,1.62828290638572,0.796386301574122,1.85139881529002,234,1,233,0.545055439971845,1.21393806531847,0.999548362336116,1.56945432837912,0.00427661032862706,0.0109969979878982,0.0314595515598225,0.049396638746957,0.0239377616917706,0.0375861990419869,0.0200892028886178,0.031543332584267,0.0758193048761609,0.176260906229026,0.0575170006611782,0.133712630004635,0.0482104951418588,0.112077334094973,FALSE,FALSE,FALSE,FALSE,FALSE,FALSE,FALSE,FALSE,FALSE,FALSE,TRUE,TRUE,TRUE,TRUE,TRUE,TRUE,TRUE,FALSE,0.0125484718193338,0.99265670826605,0.0226220322739349,0.652891786383874
"LGR3","321902 15 branch 1","08-17-2023","EMS","JG","LGR #3",321902,"hem",15,"branch","5.5","15","21.8","79.7","18.2","27.4","33.7","37.4","21.5","A10","","14:27:50","14:27:34","14:30:32","",1.79907059466682,"LM","g-fact. > 2",1.79907059466682,0.955803792359637,4.48182966833202e-124,10.7547128902,3.87451230767204,0.998950988990589,1.6569001654366,"Noise (LM.MAE)","Noise (HM.MAE) | Exaggerated curvature (g-fact)",182,1.88029817861605,0.00363593570450617,2.15361882916527,0.0215491279426929,"HM","AICc",0.0214567626677329,0.127736563596459,4.36335944655731e-07,1.53033596558263,0.0215491279426929,0.127711527798053,1.53035821531083,"Noise (LM.MAE)","Noise (HM.MAE)",182,1.88029817861605,0.00934954895444443,1.00430471625148,0.645103309689141,1.50500674443605,182,1,181,0.545055439971845,1.21393806531847,0.999548362336116,1.56945432837912,0.00363593570450617,0.00934954895444445,0.0267466282813831,0.0419965787624875,0.0203516700688067,0.0319554489635507,0.0170796599280635,0.0268178581561507,0.0523410724111311,0.12211015787181,0.0396713122231647,0.0925519859528571,0.0332404499056987,0.07754897633415,FALSE,FALSE,FALSE,FALSE,FALSE,FALSE,FALSE,FALSE,FALSE,FALSE,TRUE,TRUE,TRUE,TRUE,TRUE,TRUE,TRUE,FALSE,0.127711527798053,0.955803792359637,0.0156345935931932,1.37829792723712
"LGR3","321902 15 leaf 1","08-17-2023","EMS","JG","LGR #3",321902,"hem",15,"leaf","na","75","21.4","81.8","18.2","27.4","33.7","37.4","21.5","Leaf A","","14:35:40","14:35:24","14:37:44","",0.276556880148404,"LM","MAE | AICc",0.276556880148404,0.988448095254042,1.22835618910701e-140,0.542519909867536,0.278340430612751,0.988287450946061,0.546319034436909,"Noise (LM.MAE)","Noise (HM.MAE)",145,2.28119188327479,0.00554456360518178,1.00644912707791,0.010045904607288,"HM","AICc | MDF",0.00730429826922568,0.000686279143143786,0.296277886775821,1.51733402970718,0.010045904607288,0.00189538790239518,1.51641581097922,"Noise (LM.MAE) | MDF (LM)","Noise (HM.MAE) | MDF (HM)",145,2.28119188327479,0.0142574492704674,1.37534150947987,0.52639454774078,1.41256770832208,145,1,144,0.545055439971845,1.21393806531847,0.999548362336116,1.56945432837912,0.00554456360518178,0.0142574492704674,0.0407868548243276,0.0640420296376677,0.0310349627547935,0.0487299649141104,0.0260453617781683,0.0408954757140612,0.0653100642574495,0.175258061076924,0.0494505368382979,0.132699382614748,0.0414173119652794,0.111142407722023,FALSE,FALSE,FALSE,FALSE,FALSE,FALSE,FALSE,FALSE,FALSE,TRUE,TRUE,TRUE,TRUE,TRUE,TRUE,TRUE,TRUE,TRUE,0.00189538790239518,0.988448095254042,0.0223773471583361,0.448931883489399
"LGR3","321902 15 stem 1","08-17-2023","EMS","JG","LGR #3",321902,"hem",15,"stem","27","0","21.9","78.6","18.2","27.4","33.7","37.4","20.3","C5","","14:16:03","14:15:47","14:19:06","",1.47660370981506,"HM","",1.26333147341591,0.997893916671283,2.84037286941944e-291,2.30735922731495,1.47660370981506,0.999557096630672,1.05811270953523,"Noise (LM.MAE)","Noise (HM.MAE)",218,1.57204106596377,0.00253555010639317,1.16881732220483,0.0127189864070493,"LM","g-fact. > 2",0.0127189864070493,0.115724390980372,1.57116942493799e-07,1.3737997673986,0.0308095128131874,0.125068039640674,1.36652240325983,"Noise (LM.MAE)","Noise (HM.MAE) | Exaggerated curvature (g-fact)",218,1.57204106596377,0.00651998598786816,2.42232453335368,0.656000202240554,1.39293629824842,218,1,217,0.545055439971845,1.21393806531847,0.999548362336116,1.56945432837912,0.00253555010639318,0.00651998598786817,0.0186519844397883,0.0292866646727014,0.0141924069626116,0.0222843990114994,0.0119106433851647,0.0187016571873898,0.0370509352922003,0.078673135276922,0.0281007332007412,0.0596684744136001,0.0235517561274565,0.050009277261471,FALSE,FALSE,FALSE,FALSE,FALSE,FALSE,FALSE,FALSE,FALSE,FALSE,TRUE,TRUE,TRUE,TRUE,TRUE,TRUE,TRUE,FALSE,0.115724390980372,0.999557096630672,0.0100910279406363,1.2604252492286
"LGR3","321902 15 stem 2","08-17-2023","EMS","JG","LGR #3",321902,"hem",15,"stem","27","0","22","79.4","18.2","27.4","33.7","37.4","20.3","C5","","14:22:24","14:22:08","14:25:26","",1.28790633430765,"HM","",1.10875487451798,0.997280341022508,9.12977568095913e-241,1.98563208976012,1.28790633430765,0.99883637402056,1.29881788999423,"Noise (LM.MAE)","Noise (HM.MAE)",188,1.57116883907516,0.00294069034051501,1.16157896024362,0.0333740083430848,"HM","AICc",0.0333138044281325,0.346157416094565,4.10229085003179e-19,1.56228209491877,0.0333740083430848,0.346057615473594,1.56240260924273,"Noise (LM.MAE)","Noise (HM.MAE)",188,1.57116883907516,0.00756177516132431,1.00180717621376,0.794813749474956,1.50248340797389,188,1,187,0.545055439971845,1.21393806531847,0.999548362336116,1.56945432837912,0.002940690340515,0.0075617751613243,0.0216322723558973,0.0339662038986188,0.0164601259341621,0.025845088508433,0.0138137731389172,0.0216898820117626,0.0521389029929261,0.0985612499891711,0.0395230963480857,0.0747128450331661,0.0331179635377814,0.0626048439074827,FALSE,FALSE,FALSE,FALSE,FALSE,FALSE,FALSE,FALSE,FALSE,FALSE,TRUE,FALSE,FALSE,TRUE,TRUE,TRUE,TRUE,FALSE,0.346057615473594,0.99883637402056,0.0126238241274654,2.64373204237484
"LGR3","321902 2 stem 1","08-17-2023","EMS","JG","LGR #3",321902,"hem",2,"stem","46","0","21.5","83.2","18.2","27.4","33.7","37.4","20.2","C5","","13:05:00","13:04:44","13:07:02","",1.79256446324334,"HM","",1.67464112185842,0.999364287872679,2.79572574769999e-272,1.32104752297066,1.79256446324334,0.999689443704224,0.923333009073475,"Noise (LM.MAE)","Noise (HM.MAE)",171,1.57026881948061,0.00323290639304831,1.07041708211133,0.17494356602522,"HM","",0.147275028067002,0.910987674679874,6.59564230511439e-91,1.43946904982854,0.17494356602522,0.912725065528898,1.42535165374498,"Noise (LM.MAE)","Noise (HM.MAE)",171,1.57026881948061,0.0083131878678385,1.18786985357511,0.55292720207419,1.20645022518155,171,1,170,0.545055439971845,1.21393806531847,0.999548362336116,1.56945432837912,0.00323290639304831,0.00831318786783852,0.0237818687102209,0.0373414215766071,0.0180957667081716,0.0284133119072917,0.0151864461475748,0.0238452030307994,0.0399172757576584,0.0870968296473851,0.0302470861701048,0.0659971218346974,0.02534129358335,0.0552930100659474,FALSE,FALSE,FALSE,FALSE,FALSE,FALSE,FALSE,FALSE,FALSE,FALSE,FALSE,FALSE,FALSE,FALSE,FALSE,FALSE,FALSE,FALSE,0.912725065528898,0.999689443704224,0.0111438304168115,15.6986924138133
"LGR3","321902 2 stem 2","08-17-2023","EMS","JG","LGR #3",321902,"hem",2,"stem","46","0","21.5","85","18.2","27.4","33.7","37.4","20.1","C5","","13:08:56","13:08:40","13:14:09","",1.48651546389753,"HM","",1.13879593415181,0.994713064960597,0,6.80218250586778,1.48651546389753,0.999668774682376,1.70258207027977,"Noise (LM.MAE)","Noise (HM.MAE)",448,1.56806348318338,0.00123054309218426,1.30533963049728,0.0683206385397941,"LM","g-fact. > 2",0.0683206385397941,0.872456680022326,8.93741379454751e-202,2.13988144207567,0.173600291071683,0.931659350554684,1.56639181243451,"Noise (LM.MAE)","Noise (HM.MAE) | Exaggerated curvature (g-fact)",448,1.56806348318338,0.00316425366561668,2.54096411833984,0.626415412404409,1.36040278259106,448,1,446,0.545055439971845,1.21393806531847,0.999548362336116,1.56945432837912,0.00123054309218427,0.00316425366561669,0.00905210689784365,0.0142132876077825,0.00688780249511721,0.0108149758894279,0.0057804260716952,0.00907621387813038,0.0170919531478379,0.0371190429893563,0.0129849626998052,0.0281997841030959,0.010890372867411,0.0236509084210006,FALSE,FALSE,FALSE,FALSE,FALSE,FALSE,FALSE,FALSE,FALSE,FALSE,FALSE,FALSE,FALSE,FALSE,FALSE,FALSE,FALSE,FALSE,0.872456680022326,0.999668774682376,0.00478295499058766,14.284190144846
"LGR3","321902 6 leaf 1","08-17-2023","EMS","JG","LGR #3",321902,"hem",6,"leaf","na","200","21.5","82.9","18.2","27.4","33.7","37.4","20","Leaf A","","14:47:58","14:47:42","14:50:59","",-0.0499493452718085,"HM","AICc",-0.0498029555085636,0.631258971414158,3.03309059349076e-43,0.664721646140074,-0.0499493452718085,0.630742645094149,0.665186963149672,"Noise (LM.MAE)","Noise (HM.MAE)",192,3.1365760701859,0.00574765248463385,1.00293937903384,0.000186346381891128,"HM","AICc | MDF",0.000169858951841287,-0.00525794888682607,0.975001580962186,1.30852014956728,0.000186346381891128,-0.00525714927633003,1.30851963412993,"Noise (LM.MAE) | MDF (LM)","Noise (HM.MAE) | MDF (HM)",192,3.1365760701859,0.0147796778176299,1.09706541734254,0.487906353778948,1.23537713948838,192,1,191,0.545055439971845,1.21393806531847,0.999548362336116,1.56945432837912,0.00574765248463385,0.0147796778176299,0.0422808148962989,0.0663877911733086,0.0321717259445632,0.0505148689525268,0.0269993635202546,0.04239341440299,0.0625431182035545,0.158358951185121,0.047413651455375,0.120051195591066,0.0397310614703159,0.100598905277371,FALSE,FALSE,FALSE,FALSE,TRUE,FALSE,FALSE,TRUE,FALSE,TRUE,TRUE,TRUE,TRUE,TRUE,TRUE,TRUE,TRUE,TRUE,-0.00525714927633003,0.630742645094149,0.020287195672115,0.0091854184729565
